Store Name,Region,Brand,Category,Subcategory,Gender,MRP Bucket,Attribute 1,Attribute 2,Style,Season Tag,MRP,Size,EAN,Parent SKU,Store Stock,Distributed Stock,Post Distributed Stock,Reason,Replenishment Sales Qty,Initial Warehouse Stock,Remaining Warehouse Stock,Initial Planogram Gap,Remaining Planogram Gap
Delhi Safdarjung Enclave,NORTH,SILHOUETTE,FRAME,TITANIUM|RIMLESS|RECTANGLE,UNISEX,31700,,,SYS92140,,31700,FREE,SYS92140,SILH 5599/IB - Silhouette - Unisex - 3530 - 53 - Rimless - Rectangle - Titanium,0,1,1,REPLENISH,1,1,0,99981,99974
Jammu BC Road Rehari Chungi,NORTH,AVANTA,FRAME,METAL|SUPRA|RECTANGLE,MALE,590,,,SYS164850,,590,FREE,SYS164850,AV 25035525 - Avanta - Male - Purple - 49 - Supra - Rectangle - Metal,0,1,1,REPLENISH,1,1,0,99763,99690
Jammu BC Road Rehari Chungi,NORTH,AVANTA,FRAME,METAL|FULL|RECTANGLE,MALE,590,,,SYS164889,,590,FREE,SYS164889,AV 25035522 - Avanta - Male - Silver - 48 - Full Frame - Rectangle - Metal,0,1,1,REPLENISH,1,1,0,99763,99690
Jammu BC Road Rehari Chungi,NORTH,AVANTA,FRAME,METAL|FULL|RECTANGLE,MALE,590,,,SYS164885,,590,FREE,SYS164885,AV 25035522 - Avanta - Male - Black - 48 - Full Frame - Rectangle - Metal,0,1,1,REPLENISH,1,1,0,99763,99690
Jammu BC Road Rehari Chungi,NORTH,AVANTA,FRAME,METAL|FULL|RECTANGLE,MALE,590,,,SYS164859,,590,FREE,SYS164859,AV 25035526 - Avanta - Male - Gun - 48 - Full Frame - Rectangle - Metal,0,1,1,REPLENISH,1,5,0,99763,99690
Jammu BC Road Rehari Chungi,NORTH,AVANTA,FRAME,METAL|FULL|CAT EYE,FEMALE,1590,,,SYS165419,,1590,FREE,SYS165419,AV 69020 - Avanta - Female - C5 - 52 - Full Frame - Cat Eye - Metal,0,1,1,REPLENISH,1,2,0,99763,99690
Jammu BC Road Rehari Chungi,NORTH,AVANTA,FRAME,METAL|HALF|SQUARE,MALE,1590,,,SYS165406,,1590,FREE,SYS165406,AV 56127 - Avanta - Male - C5 - 51 - Half Frame - Square - Metal,0,1,1,REPLENISH,1,3,0,99763,99690
Ghaziabad RDC,NORTH,VOGUE,SUNGLASS,METAL|FULL|CAT EYE,FEMALE,6090,,,SYS56416,,6090,FREE,SYS56416,VO4002S - Vogue - Female - 934S13 - 55 - Sunglass - Cat Eye - Metal,0,1,1,REPLENISH,1,2,0,99969,99962
Gurgaon Sector 51 M2K,NORTH,VOGUE JUNIOR,FRAME,SHEET|FULL|SQUARE,KIDS,3790,,,SYS68537,,3790,FREE,SYS68537,VY2001 - Vogue Junior - Kids - 2686 - 47 - Full Frame - Square - Sheet,0,1,1,REPLENISH,1,3,2,99991,99990
Noida GaurCity,NORTH,VOGUE,SUNGLASS,METAL|FULL|CAT EYE,FEMALE,6690,,,SYS55855,,6690,FREE,SYS55855,VO4199S - Vogue - Female - 5075I6 - 58 - Sunglass - Cat Eye - Metal,2,0,2,REPLENISH,1,1,0,99968,99932
Hyderabad Kukatpally Nizampet X Roads,SOUTH,VOGUE JUNIOR,FRAME,SHEET|FULL|RECTANGLE,KIDS,3590,,,SYS162355,,3590,FREE,SYS162355,VY2042 - Vogue Junior - Kids - 2283 - 48 - Full Frame - Rectangle - Sheet,0,1,1,REPLENISH,1,2,0,99986,99982
Jammu BC Road Rehari Chungi,NORTH,AVANTA,FRAME,TR|FULL|RECTANGLE,MALE,790,,,SYS118601,,790,FREE,SYS118601,AV 8021 - Avanta - Male - Black - 50 - Full Frame - Rectangle - TR,0,1,1,REPLENISH,1,12,0,99763,99690
Hyderabad Kukatpally Nizampet X Roads,SOUTH,ADMYRA,FRAME,SHEET|FULL|CAT EYE,FEMALE,2790,,,SYS162311,,2790,FREE,SYS162311,AM 0132 - Admyra - Female - Black - 52 - Full Frame - Cat Eye - Sheet,1,1,2,REPLENISH,1,51,0,99829,99826
Delhi Dwarka Sec 09,NORTH,AVANTA,FRAME,METAL|HALF|RECTANGLE,MALE,1790,,,SYS117018,,1790,FREE,SYS117018,AV 56115 - Avanta - Male - C2 - 53 - Half Frame - Rectangle - Metal,0,1,1,REPLENISH,1,2,0,99623,99603
Guwahati Rukminigaon TRC,EAST,AVANTA,FRAME,SHEET|FULL|ROUND,UNISEX,1190,,,SYS158413,,1190,FREE,SYS158413,AV 0068HD - Avanta - Unisex - Black - 48 - Full Frame - Round - Sheet,0,1,1,REPLENISH,1,87,0,99645,99640
Guwahati Rukminigaon TRC,EAST,AVANTA,FRAME,SHEET|FULL|ROUND,UNISEX,1190,,,SYS158415,,1190,FREE,SYS158415,AV 0068HD - Avanta - Unisex - Transparent - 48 - Full Frame - Round - Sheet,0,1,1,REPLENISH,1,92,0,99645,99640
Guwahati Rukminigaon TRC,EAST,AVANTA,FRAME,SHEET|FULL|CAT EYE,FEMALE,1190,,,SYS158410,,1190,FREE,SYS158410,AV 0072HD - Avanta - Female - Purple - 51 - Full Frame - Cat Eye - Sheet,1,1,2,REPLENISH,1,77,0,99645,99640
Delhi Dwarka Sec 09,NORTH,VOGUE,FRAME,SHEET|FULL|CAT EYE,FEMALE,5190,,,SYS78555,,5190,FREE,SYS78555,VO5518 - Vogue - Female - 2942 - 51 - Full Frame - Cat Eye - Sheet,0,1,1,REPLENISH,1,1,0,99964,99950
Delhi Dwarka Sec 09,NORTH,RAYBAN,FRAME,METAL|FULL|SQUARE,MALE,6290,,,SYS78549,,6290,FREE,SYS78549,RX6514I - Rayban - Male - 2502 - 58 - Full Frame - Square - Metal,1,1,2,REPLENISH,1,2,0,99959,99907
Gurgaon Sector 51 M2K,NORTH,ADMYRA,FRAME,SHEET|FULL|SQUARE,MALE,2790,,,SYS162295,,2790,FREE,SYS162295,AM 0130 - Admyra - Male - Grey - 55 - Full Frame - Square - Sheet,1,1,2,REPLENISH,1,8,0,99858,99854
Jodhpur Sardarpura,WEST,AVANTA,FRAME,METAL|SUPRA|RECTANGLE,MALE,790,,,SYS165677,,790,FREE,SYS165677,AV 56809 - Avanta - Male - MT.Black - 53 - Supra - Rectangle - Metal,0,1,1,REPLENISH,1,1,0,99879,99867
Delhi Shahdara,NORTH,ADMYRA,FRAME,SHEET|FULL|SQUARE,MALE,2190,,,SYS142677,,2190,FREE,SYS142677,AM 109 - Admyra - Male - D/Brown - 53 - Full Frame - Square - Sheet,1,1,2,REPLENISH,1,23,0,99853,99850
Delhi Dwarka Sec 09,NORTH,VOGUE,FRAME,SHEET|FULL|ROUND,MALE,3390,,,SYS78182,,3390,FREE,SYS78182,VO5535I - Vogue - Male - W44 - 50 - Full Frame - Round - Sheet,0,1,1,REPLENISH,3,1,0,99964,99950
Delhi Dwarka Sec 09,NORTH,VOGUE,SUNGLASS,METAL|FULL|CAT EYE,FEMALE,6090,,,SYS78190,,6090,FREE,SYS78190,VO4286S - Vogue - Female - 848/73 - 56 - Sunglass - Cat Eye - Metal,0,1,1,REPLENISH,1,1,0,99986,99981
Delhi Dwarka Sec 09,NORTH,VOGUE,SUNGLASS,METAL|FULL|SQUARE,MALE,4490,,,SYS78192,,4490,FREE,SYS78192,VO4294SI - Vogue - Male - 352/11 - 56 - Sunglass - Square - Metal,0,1,1,REPLENISH,1,2,0,99986,99981
Ghaziabad Nehru Nagar,NORTH,AVANTA,FRAME,METAL|FULL|OVAL,MALE,1790,,,SYS82988,,1790,FREE,SYS82988,AV 7012 - Avanta - Male - C5 - 50 - Full Frame - Oval - Metal,0,1,1,REPLENISH,1,1,0,99771,99754
Delhi Dwarka Sec 09,NORTH,ADMYRA,FRAME,TR|FULL|CAT EYE,FEMALE,2190,,,SYS163967,,2190,FREE,SYS163967,AM 9905 - Admyra - Female - C2 - 54 - Full Frame - Cat Eye - TR,0,1,1,REPLENISH,1,3,0,99784,99640
Delhi Dwarka Sec 09,NORTH,ADMYRA,FRAME,TR|FULL|CAT EYE,FEMALE,2190,,,SYS163966,,2190,FREE,SYS163966,AM 9905 - Admyra - Female - C7 - 54 - Full Frame - Cat Eye - TR,0,1,1,REPLENISH,2,1,0,99784,99640
Delhi Dwarka Sec 09,NORTH,ADMYRA,FRAME,TR|FULL|CAT EYE,FEMALE,2190,,,SYS163965,,2190,FREE,SYS163965,AM 9905 - Admyra - Female - C6 - 54 - Full Frame - Cat Eye - TR,0,1,1,REPLENISH,2,1,0,99784,99640
Delhi Dwarka Sec 09,NORTH,ADMYRA,FRAME,TR|FULL|CAT EYE,FEMALE,2190,,,SYS163964,,2190,FREE,SYS163964,AM 9905 - Admyra - Female - C4 - 54 - Full Frame - Cat Eye - TR,0,2,2,REPLENISH,2,2,0,99784,99640
Delhi Dwarka Sec 09,NORTH,ADMYRA,FRAME,TR|FULL|CAT EYE,FEMALE,2190,,,SYS163970,,2190,FREE,SYS163970,AM 9906 - Admyra - Female - C6 - 52 - Full Frame - Cat Eye - TR,0,1,1,REPLENISH,1,2,0,99784,99640
Noida MOI,NORTH,STEPPER,FRAME,TITANIUM|RIMLESS|CAT EYE,FEMALE,8360,,,SYS113836,,8360,FREE,SYS113836,SI/93626 - Stepper - Female - F010 - 54 - Rimless - Cat Eye - Titanium,0,1,1,REPLENISH,1,1,0,99984,99981
Delhi Dwarka Sec 09,NORTH,ADMYRA,FRAME,TR|FULL|CAT EYE,FEMALE,2190,,,SYS163976,,2190,FREE,SYS163976,AM 9906 - Admyra - Female - C4 - 52 - Full Frame - Cat Eye - TR,0,1,1,REPLENISH,1,2,0,99784,99640
Delhi Dwarka Sec 09,NORTH,ADMYRA,FRAME,TR|FULL|CAT EYE,FEMALE,2190,,,SYS163990,,2190,FREE,SYS163990,AM 9909 - Admyra - Female - C6 - 51 - Full Frame - Cat Eye - TR,0,1,1,REPLENISH,1,2,0,99784,99640
Jaipur Malviya Nagar,WEST,AVANTA,FRAME,TR|FULL|RECTANGLE,MALE,990,,,SYS166954,,990,FREE,SYS166954,AV 50046 - Avanta - Male - C1 - 50 - Full Frame - Rectangle - TR,0,1,1,REPLENISH,1,1,0,99658,99611
Agra Ashoka Plaza,NORTH,AVANTA,FRAME,TR|FULL|SQUARE,MALE,990,,,SYS160999,,990,FREE,SYS160999,AV 132003 - Avanta - Male - MT.Blue - 50 - Full Frame - Square - TR,0,1,1,REPLENISH,1,1,0,99786,99605
Ajmer Ramganj,WEST,AVANTA,FRAME,SHEET|FULL|CAT EYE,FEMALE,1190,,,SYS158492,,1190,FREE,SYS158492,AV 0074 - Avanta - Female - Pink - 51 - Full Frame - Cat Eye - Sheet,1,1,2,REPLENISH,1,6,0,99841,99728
Ajmer Ramganj,WEST,AVANTA,FRAME,SHEET|FULL|CAT EYE,FEMALE,1190,,,SYS158495,,1190,FREE,SYS158495,AV 0074 - Avanta - Female - Teal - 51 - Full Frame - Cat Eye - Sheet,1,1,2,REPLENISH,1,10,0,99841,99728
Patiala Randhawa Eye,NORTH,AVANTA,FRAME,METAL|FULL|AVIATOR,MALE,1190,,,SYS164253,,1190,FREE,SYS164253,AV 526057 - Avanta - Male - Blk/Silver - 53 - Full Frame - Aviator - Metal,0,1,1,REPLENISH,1,1,0,99609,99267
Gurgaon Sec 29,NORTH,ADMYRA,FRAME,SHEET|FULL|SQUARE,MALE,2190,,,SYS142673,,2190,FREE,SYS142673,AM 109 - Admyra - Male - Black - 53 - Full Frame - Square - Sheet,1,1,2,REPLENISH,1,26,0,99897,99862
Ranchi Kutchery Road,EAST,AVANTA,FRAME,METAL|SUPRA|RECTANGLE,MALE,890,,,SYS148034,,890,FREE,SYS148034,AV 31001 - Avanta - Male - Black - 51 - Supra - Rectangle - Metal,0,1,1,REPLENISH,1,9,0,99599,99572
Ajmer Ramganj,WEST,AVANTA,FRAME,SHEET|FULL|ROUND,UNISEX,1190,,,SYS158417,,1190,FREE,SYS158417,AV 0068HD - Avanta - Unisex - Trans/Purple - 48 - Full Frame - Round - Sheet,0,1,1,REPLENISH,1,63,0,99841,99728
Ajmer Ramganj,WEST,AVANTA,FRAME,SHEET|FULL|SQUARE,MALE,1190,,,SYS158368,,1190,FREE,SYS158368,AV 0064 - Avanta - Male - Black - 54 - Full Frame - Square - Sheet,0,1,1,REPLENISH,1,172,0,99841,99728
Ajmer Ramganj,WEST,AVANTA,FRAME,SHEET|FULL|SQUARE,MALE,1190,,,SYS158370,,1190,FREE,SYS158370,AV 0064 - Avanta - Male - D/Green - 54 - Full Frame - Square - Sheet,0,1,1,REPLENISH,1,68,0,99841,99728
Ajmer Ramganj,WEST,AVANTA,FRAME,SHEET|FULL|CAT EYE,FEMALE,1190,,,SYS158408,,1190,FREE,SYS158408,AV 0072HD - Avanta - Female - Black - 51 - Full Frame - Cat Eye - Sheet,0,2,2,REPLENISH,2,83,0,99841,99728
Ajmer Ramganj,WEST,AVANTA,FRAME,SHEET|FULL|CAT EYE,FEMALE,1190,,,SYS158410,,1190,FREE,SYS158410,AV 0072HD - Avanta - Female - Purple - 51 - Full Frame - Cat Eye - Sheet,0,1,1,REPLENISH,1,77,0,99841,99728
Ajmer Ramganj,WEST,AVANTA,FRAME,SHEET|FULL|CAT EYE,FEMALE,1190,,,SYS158419,,1190,FREE,SYS158419,AV 0066 - Avanta - Female - D/Brown - 53 - Full Frame - Cat Eye - Sheet,0,2,2,REPLENISH,2,15,0,99841,99728
Ajmer Ramganj,WEST,AVANTA,FRAME,SHEET|FULL|ROUND,UNISEX,1190,,,SYS158413,,1190,FREE,SYS158413,AV 0068HD - Avanta - Unisex - Black - 48 - Full Frame - Round - Sheet,0,1,1,REPLENISH,1,87,0,99841,99728
Ajmer Ramganj,WEST,AVANTA,FRAME,SHEET|FULL|ROUND,UNISEX,1190,,,SYS158414,,1190,FREE,SYS158414,AV 0068HD - Avanta - Unisex - D/Wine - 48 - Full Frame - Round - Sheet,0,2,2,REPLENISH,2,100,0,99841,99728
Ajmer Ramganj,WEST,AVANTA,FRAME,SHEET|FULL|RECTANGLE,MALE,1190,,,SYS158379,,1190,FREE,SYS158379,AV 0061 - Avanta - Male - D/Brown - 53 - Full Frame - Rectangle - Sheet,1,1,2,REPLENISH,1,129,0,99841,99728
Ajmer Ramganj,WEST,AVANTA,FRAME,SHEET|FULL|RECTANGLE,MALE,1190,,,SYS158381,,1190,FREE,SYS158381,AV 0061 - Avanta - Male - Trans/Grey - 53 - Full Frame - Rectangle - Sheet,0,1,1,REPLENISH,1,138,0,99841,99728
Pune Satara Road Jhamwar Eye,WEST,AVANTA KIDS,FRAME,TR|FULL|SQUARE,KIDS,790,,,SYS164684,,790,FREE,SYS164684,AV 2206 - Avanta Kids - Kids - Trans/Grey - 45 - Full Frame - Square - TR,0,1,1,REPLENISH,1,1,0,99958,99957
Sikar Police Line Road I Max,WEST,AVANTA,FRAME,TR|FULL|CAT EYE,FEMALE,990,,,SYS167116,,990,FREE,SYS167116,AV 250981 - Avanta - Female - C2 - 47 - Full Frame - Cat Eye - TR,0,1,1,REPLENISH,1,4,0,99174,98617
Surat Rander Road,WEST,AVANTA,FRAME,SHEET|FULL|CAT EYE,FEMALE,1190,,,SYS158412,,1190,FREE,SYS158412,AV 0072HD - Avanta - Female - Trans/Brown - 51 - Full Frame - Cat Eye - Sheet,0,1,1,REPLENISH,1,56,0,99755,99749
Gorakhpur Mughlaha,NORTH,ADMYRA,FRAME,SHEET|FULL|CAT EYE,FEMALE,2190,,,SYS139958,,2190,FREE,SYS139958,AM 115 - Admyra - Female - Transparent - 51 - Full Frame - Cat Eye - Sheet,0,1,1,REPLENISH,1,3,0,99755,99750
Gorakhpur Mughlaha,NORTH,AVANTA,FRAME,SHEET|FULL|RECTANGLE,MALE,1690,,,SYS139951,,1690,FREE,SYS139951,AV 0048 - Avanta - Male - Green - 53 - Full Frame - Rectangle - Sheet,0,1,1,REPLENISH,1,2,0,99667,99643
Gorakhpur Mughlaha,NORTH,ADMYRA,FRAME,SHEET|FULL|CAT EYE,FEMALE,2190,,,SYS139960,,2190,FREE,SYS139960,AM 115 - Admyra - Female - Trans/Pink - 51 - Full Frame - Cat Eye - Sheet,1,1,2,REPLENISH,1,13,0,99755,99750
Patiala Randhawa Eye,NORTH,AVANTA,FRAME,SHEET|FULL|SQUARE,MALE,1190,,,SYS162645,,1190,FREE,SYS162645,AV 0063 - Avanta - Male - Black - 51 - Full Frame - Square - Sheet,0,1,1,REPLENISH,1,121,0,99609,99267
Patiala Randhawa Eye,NORTH,AVANTA,FRAME,SHEET|FULL|SQUARE,MALE,1190,,,SYS162649,,1190,FREE,SYS162649,AV 0063 - Avanta - Male - Trans/Grey - 51 - Full Frame - Square - Sheet,0,1,1,REPLENISH,1,289,0,99609,99267
Rewari Sector 5,NORTH,AVANTA,FRAME,SHEET|FULL|ROUND,UNISEX,1190,,,SYS158415,,1190,FREE,SYS158415,AV 0068HD - Avanta - Unisex - Transparent - 48 - Full Frame - Round - Sheet,1,1,2,REPLENISH,1,92,0,99531,99518
Rewari Sector 5,NORTH,AVANTA,FRAME,SHEET|FULL|CAT EYE,FEMALE,1190,,,SYS158408,,1190,FREE,SYS158408,AV 0072HD - Avanta - Female - Black - 51 - Full Frame - Cat Eye - Sheet,0,2,2,REPLENISH,2,83,0,99531,99518
Rewari Sector 5,NORTH,AVANTA,FRAME,SHEET|FULL|CAT EYE,FEMALE,1190,,,SYS158409,,1190,FREE,SYS158409,AV 0072HD - Avanta - Female - Trans/Pink - 51 - Full Frame - Cat Eye - Sheet,2,0,2,REPLENISH,1,101,0,99531,99518
Rewari Sector 5,NORTH,AVANTA,FRAME,SHEET|FULL|RECTANGLE,MALE,1190,,,SYS158385,,1190,FREE,SYS158385,AV 0067 - Avanta - Male - Trans/Green - 54 - Full Frame - Rectangle - Sheet,0,1,1,REPLENISH,1,1,0,99531,99518
Rewari Sector 5,NORTH,AVANTA,FRAME,SHEET|FULL|RECTANGLE,MALE,1190,,,SYS158380,,1190,FREE,SYS158380,AV 0061 - Avanta - Male - Trans/Blue - 53 - Full Frame - Rectangle - Sheet,0,1,1,REPLENISH,1,121,0,99531,99518
Rewari Sector 5,NORTH,AVANTA,FRAME,SHEET|FULL|RECTANGLE,MALE,1190,,,SYS158381,,1190,FREE,SYS158381,AV 0061 - Avanta - Male - Trans/Grey - 53 - Full Frame - Rectangle - Sheet,0,1,1,REPLENISH,1,138,0,99531,99518
Rewari Sector 5,NORTH,AVANTA,FRAME,SHEET|FULL|CAT EYE,FEMALE,1190,,,SYS158495,,1190,FREE,SYS158495,AV 0074 - Avanta - Female - Teal - 51 - Full Frame - Cat Eye - Sheet,0,1,1,REPLENISH,1,10,0,99531,99518
Delhi Preet Vihar Vikas Marg,NORTH,VOGUE,FRAME,SHEET|FULL|RECTANGLE,MALE,6590,,,SYS144850,,6590,FREE,SYS144850,VO5619 - Vogue - Male - W44 - 52 - Full Frame - Rectangle - Sheet,0,1,1,REPLENISH,1,1,0,99960,99957
Vijayawada Mogalrajpuram,SOUTH,AVANTA,FRAME,SHEET|FULL|SQUARE,MALE,1090,,,SYS78005,,1090,FREE,SYS78005,AV 0041 - Avanta - Male - MT.Black - 52 - Full Frame - Square - Sheet,0,1,1,REPLENISH,1,1,0,99730,99588
Pune Satara Road Jhamwar Eye,WEST,AVANTA,FRAME,METAL|FULL|SQUARE,MALE,1590,,,SYS165398,,1590,FREE,SYS165398,AV 56111 - Avanta - Male - C5 - 55 - Full Frame - Square - Metal,0,1,1,REPLENISH,1,4,0,99706,99701
Kharghar Laxmi Eye,WEST,VOGUE,FRAME,SHEET|FULL|CAT EYE,FEMALE,5490,,,SYS115918,,5490,FREE,SYS115918,VO5518 - Vogue - Female - 3181 - 51 - Full Frame - Cat Eye - Sheet,0,1,1,REPLENISH,1,1,0,99984,99979
Guwahati Bhangagarh,NORTH,AVANTA,FRAME,TR|FULL|CAT EYE,FEMALE,990,,,SYS166995,,990,FREE,SYS166995,AV 250902 - Avanta - Female - Maroon - 47 - Full Frame - Cat Eye - TR,0,1,1,REPLENISH,1,4,0,99785,99780
Warangal Hanamkonda Kakathiya,SOUTH,AVANTA,FRAME,METAL|SUPRA|RECTANGLE,MALE,490,,,SYS160681,,490,FREE,SYS160681,AV 31010 - Avanta - Male - Gun - 51 - Supra - Rectangle - Metal,0,1,1,REPLENISH,1,12,0,99226,96995
Bhubneshwar Nayapalli,EAST,RAYBAN,FRAME,SHEET|FULL|SQUARE,UNISEX,5990,,,SYS144948,,5990,FREE,SYS144948,RX7249I - Rayban - Unisex - 8198 - 53 - Full Frame - Square - Sheet,0,1,1,REPLENISH,1,2,0,99976,99975
Jammu BC Road Rehari Chungi,NORTH,AVANTA,FRAME,TR|FULL|ROUND,FEMALE,790,,,SYS165231,,790,FREE,SYS165231,AV 66047 - Avanta - Female - Green - 47 - Full Frame - Round - TR,0,1,1,REPLENISH,1,1,0,99763,99690
Warangal Hanamkonda Kakathiya,SOUTH,ADMYRA,FRAME,SHEET|FULL|CAT EYE,FEMALE,2790,,,SYS162316,,2790,FREE,SYS162316,AM 0133 - Admyra - Female - Black - 53 - Full Frame - Cat Eye - Sheet,1,1,2,REPLENISH,1,53,0,99811,99753
Warangal Hanamkonda Kakathiya,SOUTH,ADMYRA,FRAME,SHEET|FULL|CAT EYE,FEMALE,2790,,,SYS162312,,2790,FREE,SYS162312,AM 0132 - Admyra - Female - D/Brown - 52 - Full Frame - Cat Eye - Sheet,1,1,2,REPLENISH,1,53,0,99811,99753
Ghaziabad RDC,NORTH,ADMYRA,FRAME,SHEET|FULL|CAT EYE,FEMALE,2790,,,SYS162309,,2790,FREE,SYS162309,AM 0131 - Admyra - Female - D/Green - 51 - Full Frame - Cat Eye - Sheet,1,1,2,REPLENISH,1,51,0,99726,99635
Ghaziabad RDC,NORTH,ADMYRA,FRAME,SHEET|FULL|CAT EYE,FEMALE,2790,,,SYS162308,,2790,FREE,SYS162308,AM 0131 - Admyra - Female - Purple - 51 - Full Frame - Cat Eye - Sheet,1,1,2,REPLENISH,1,46,0,99726,99635
Ghaziabad RDC,NORTH,ADMYRA,FRAME,SHEET|FULL|CAT EYE,FEMALE,2490,,,SYS162299,,2490,FREE,SYS162299,AM 0127 - Admyra - Female - Green - 53 - Full Frame - Cat Eye - Sheet,1,1,2,REPLENISH,1,12,0,99726,99635
Jaipur Vaishali Nagar,WEST,AVANTA KIDS,FRAME,PEDIATRIC|FULL|ROUND,KIDS,1190,,,SYS165278,,1190,FREE,SYS165278,AV 1502 - Avanta Kids - Kids - C8 - 45 - Full Frame - Round - Pediatric,0,1,1,REPLENISH,1,3,0,99948,99947
Jammu BC Road Rehari Chungi,NORTH,AVANTA,FRAME,METAL|SUPRA|RECTANGLE,MALE,590,,,SYS164961,,590,FREE,SYS164961,AV 12902 - Avanta - Male - Black - 50 - Supra - Rectangle - Metal,0,1,1,REPLENISH,1,3,0,99763,99690
Jammu BC Road Rehari Chungi,NORTH,AVANTA,FRAME,METAL|SUPRA|RECTANGLE,MALE,590,,,SYS164960,,590,FREE,SYS164960,AV 12902 - Avanta - Male - Gun - 50 - Supra - Rectangle - Metal,0,1,1,REPLENISH,1,3,0,99763,99690
Delhi Dwarka Sec 09,NORTH,RAYBAN,SUNGLASS,METAL|FULL|AVIATOR,MALE,9890,,,SYS46726,,9890,FREE,SYS46726,RB3025I - Rayban - Male - 001/57 - 62 - Sunglass - Aviator - Metal,0,1,1,REPLENISH,1,1,0,99975,99966
Ghaziabad RDC,NORTH,AVANTA,FRAME,METAL|RIMLESS|RECTANGLE,MALE,990,,,SYS160356,,990,FREE,SYS160356,AV 249103 - Avanta - Male - Gun - 53 - Rimless - Rectangle - Metal,0,1,1,REPLENISH,1,1,0,99793,99772
Panvel Laxmi Eye,WEST,RAYBAN,FRAME,METAL|RIMLESS|RECTANGLE,MALE,4590,,,SYS42919,,4590,FREE,SYS42919,RX6266I - Rayban - Male - 2500 - 53 - Rimless - Rectangle - Metal,0,1,1,REPLENISH,1,1,0,99982,99970
Panvel Laxmi Eye,WEST,RAYBAN,FRAME,METAL|RIMLESS|RECTANGLE,MALE,4590,,,SYS12365,,4590,FREE,SYS12365,RX6266I - Rayban - Male - 2502 - 53 - Rimless - Rectangle - Metal,1,1,2,REPLENISH,1,1,0,99982,99970
Kolkata Madhyamgram,EAST,AVANTA,FRAME,METAL|HALF|SQUARE,MALE,1490,,,SYS153000,,1490,FREE,SYS153000,AV 56123 - Avanta - Male - C3 - 49 - Half Frame - Square - Metal,0,1,1,REPLENISH,1,4,0,99684,99659
Noida GaurCity,NORTH,VOGUE,FRAME,SHEET|FULL|OVAL,UNISEX,5390,,,SYS59725,,5390,FREE,SYS59725,VO5326 - Vogue - Unisex - W656 - 49 - Full Frame - Oval - Sheet,0,1,1,REPLENISH,1,3,0,99971,99969
Delhi Dwarka Krishna Mall,NORTH,CALVIN KLEIN,FRAME,SHEET|FULL|ROUND,UNISEX,6550,,,SYS165856,,6550,FREE,SYS165856,CKJ 23638LBI - Calvin Klein - Unisex - 235 - 49 - Full Frame - Round - Sheet,0,1,1,REPLENISH,1,1,0,99987,99977
Navi Mumbai Nerul ( Shivam ),WEST,RAYBAN,FRAME,SHEET|FULL|ROUND,MALE,5490,,,SYS49208,,5490,FREE,SYS49208,RX5402I - Rayban - Male - 2000 - 50 - Full Frame - Round - Sheet,0,1,1,REPLENISH,1,1,0,99981,99979
Delhi Dwarka Sec 09,NORTH,MIRAFLEX,FRAME,SHEET|FULL|SQUARE,KIDS,2990,,,SYS119421,,2990,FREE,SYS119421,MF4021 - MiraFlex - Kids - M517 - 50 - Full Frame - Square - Sheet,0,1,1,REPLENISH,3,1,0,99985,99957
Hyderabad Kukatpally Nizampet X Roads,SOUTH,ADMYRA,FRAME,SHEET|FULL|ROUND,UNISEX,2490,,,SYS67831,,2490,FREE,SYS67831,AM 024 - Admyra - Unisex - Black - 48 - Full Frame - Round - Sheet,0,1,1,REPLENISH,1,1,0,99829,99826
Ranchi Kutchery Road,EAST,AVANTA KIDS,FRAME,TR|FULL|CAT EYE,KIDS,790,,,SYS153193,,790,FREE,SYS153193,AV TR9530 - Avanta Kids - Kids - Brown - 43 - Full Frame - Cat Eye - TR,0,1,1,REPLENISH,1,2,0,99937,99726
Delhi Safdarjung Enclave,NORTH,AVANTA,FRAME,METAL|SUPRA|RECTANGLE,MALE,890,,,SYS148043,,890,FREE,SYS148043,AV 31001 - Avanta - Male - Copper - 51 - Supra - Rectangle - Metal,0,1,1,REPLENISH,1,7,0,99883,99861
Greater Noida West Nirala Estate,NORTH,AVANTA KIDS,FRAME,PEDIATRIC|FULL|OVAL,KIDS,1690,,,SYS165244,,1690,FREE,SYS165244,AV ZC1603 - Avanta Kids - Kids - C1 - 44 - Full Frame - Oval - Pediatric,0,1,1,REPLENISH,1,2,0,99949,99945
Ghaziabad Nehru Nagar,NORTH,AVANTA,FRAME,SHEET|FULL|SQUARE,UNISEX,1890,,,SYS139942,,1890,FREE,SYS139942,AV 0047 - Avanta - Unisex - Black - 53 - Full Frame - Square - Sheet,1,1,2,REPLENISH,1,1,0,99771,99754
Siliguri Sevoke Road,WEST,ADMYRA,FRAME,SHEET|FULL|CAT EYE,FEMALE,2990,,,SYS115305,,2990,FREE,SYS115305,AM 101 - Admyra - Female - D/Brown - 53 - Full Frame - Cat Eye - Sheet,1,1,2,REPLENISH,1,39,0,99773,99726
Hyderabad Kukatpally Nizampet X Roads,SOUTH,AVANTA,FRAME,SHEET|FULL|CAT EYE,FEMALE,1490,,,SYS67565,,1490,FREE,SYS67565,AV 020 - Avanta - Female - Black - 50 - Full Frame - Cat Eye - Sheet,0,1,1,REPLENISH,1,1,0,99611,99452
Delhi Dwarka Sec 09,NORTH,AVANTA,FRAME,METAL|HALF|RECTANGLE,MALE,1790,,,SYS165483,,1790,FREE,SYS165483,AV 7233 - Avanta - Male - C1 - 52 - Half Frame - Rectangle - Metal,0,1,1,REPLENISH,1,2,0,99623,99603
Guwahati Rukminigaon TRC,EAST,ADMYRA,FRAME,SHEET|FULL|CAT EYE,FEMALE,2990,,,SYS115304,,2990,FREE,SYS115304,AM 101 - Admyra - Female - Black - 53 - Full Frame - Cat Eye - Sheet,0,1,1,REPLENISH,1,32,0,99939,99938
Prayagraj Tashkent Marg,NORTH,AVANTA,FRAME,TR|FULL|RECTANGLE,MALE,890,,,SYS167831,,890,FREE,SYS167831,AV 8016 - Avanta - Male - D.Grey - 51 - Full Frame - Rectangle - TR,0,1,1,REPLENISH,1,3,0,99551,99379
Gurgaon Sector 51 M2K,NORTH,ADMYRA,FRAME,SHEET|FULL|SQUARE,MALE,2490,,,SYS67559,,2490,FREE,SYS67559,AM 001 - Admyra - Male - MT.Black - 53 - Full Frame - Square - Sheet,1,1,2,REPLENISH,1,62,0,99858,99854
Delhi Dwarka Sec 09,NORTH,AVANTA,FRAME,METAL|HALF|RECTANGLE,MALE,1590,,,SYS165392,,1590,FREE,SYS165392,AV 56098 - Avanta - Male - C1 - 52 - Half Frame - Rectangle - Metal,0,1,1,REPLENISH,1,2,0,99623,99603
Delhi Dwarka Sec 09,NORTH,VOGUE JUNIOR,FRAME,SHEET|FULL|CAT EYE,KIDS,4190,,,SYS165557,,4190,FREE,SYS165557,VY2034 - Vogue Junior - Kids - 2966 - 51 - Full Frame - Cat Eye - Sheet,0,1,1,REPLENISH,1,2,0,99990,99981
Greater Noida West Nirala Estate,NORTH,AVANTA,FRAME,SHEET|FULL|CAT EYE,FEMALE,1090,,,SYS119563,,1090,FREE,SYS119563,AV 3584 - Avanta - Female - C8 - 51 - Full Frame - Cat Eye - Sheet,0,1,1,REPLENISH,1,1,0,99738,99712
Ajmer Ramganj,WEST,ADMYRA,FRAME,SHEET|FULL|ROUND,UNISEX,2990,,,SYS115310,,2990,FREE,SYS115310,AM 102 - Admyra - Unisex - Transparent - 49 - Full Frame - Round - Sheet,1,1,2,REPLENISH,1,2,0,99880,99773
Hyderabad Banjara Hills Dr Challa,SOUTH,ADMYRA,FRAME,SHEET|FULL|RECTANGLE,MALE,2190,,,SYS139936,,2190,FREE,SYS139936,AM 113 - Admyra - Male - D/Grey - 52 - Full Frame - Rectangle - Sheet,0,1,1,REPLENISH,1,16,0,99803,99802
Patiala Randhawa Eye,NORTH,ADMYRA,FRAME,SHEET|FULL|SQUARE,MALE,2490,,,SYS162287,,2490,FREE,SYS162287,AM 0128 - Admyra - Male - D/Brown - 55 - Full Frame - Square - Sheet,1,1,2,REPLENISH,1,25,0,99793,99789
Hyderabad Banjara Hills,SOUTH,AVANTA,FRAME,METAL|FULL|HEXAGON,FEMALE,1590,,,SYS165416,,1590,FREE,SYS165416,AV 69018 - Avanta - Female - C6 - 50 - Full Frame - Hexagon - Metal,0,1,1,REPLENISH,1,4,0,99857,99846
Bhopal Hoshangabad Road,WEST,AVANTA,FRAME,SHEET|FULL|ROUND,UNISEX,1190,,,SYS158413,,1190,FREE,SYS158413,AV 0068HD - Avanta - Unisex - Black - 48 - Full Frame - Round - Sheet,0,2,2,REPLENISH,2,87,0,99729,99695
Bhopal Hoshangabad Road,WEST,AVANTA,FRAME,SHEET|FULL|ROUND,UNISEX,1190,,,SYS158414,,1190,FREE,SYS158414,AV 0068HD - Avanta - Unisex - D/Wine - 48 - Full Frame - Round - Sheet,0,1,1,REPLENISH,1,100,0,99729,99695
Bhopal Hoshangabad Road,WEST,AVANTA,FRAME,SHEET|FULL|ROUND,UNISEX,1190,,,SYS158415,,1190,FREE,SYS158415,AV 0068HD - Avanta - Unisex - Transparent - 48 - Full Frame - Round - Sheet,0,1,1,REPLENISH,1,92,0,99729,99695
Bhopal Hoshangabad Road,WEST,AVANTA,FRAME,SHEET|FULL|ROUND,UNISEX,1190,,,SYS158416,,1190,FREE,SYS158416,AV 0068HD - Avanta - Unisex - D/Green - 48 - Full Frame - Round - Sheet,0,1,1,REPLENISH,1,27,0,99729,99695
Bhopal Hoshangabad Road,WEST,AVANTA,FRAME,SHEET|FULL|CAT EYE,FEMALE,1190,,,SYS158419,,1190,FREE,SYS158419,AV 0066 - Avanta - Female - D/Brown - 53 - Full Frame - Cat Eye - Sheet,1,1,2,REPLENISH,1,15,0,99729,99695
Bhopal Hoshangabad Road,WEST,AVANTA,FRAME,SHEET|FULL|CAT EYE,FEMALE,1190,,,SYS158411,,1190,FREE,SYS158411,AV 0072HD - Avanta - Female - Blue - 51 - Full Frame - Cat Eye - Sheet,0,2,2,REPLENISH,2,80,0,99729,99695
Bhopal Hoshangabad Road,WEST,AVANTA,FRAME,SHEET|FULL|ROUND,UNISEX,1190,,,SYS158417,,1190,FREE,SYS158417,AV 0068HD - Avanta - Unisex - Trans/Purple - 48 - Full Frame - Round - Sheet,0,1,1,REPLENISH,1,63,0,99729,99695
Bhopal Hoshangabad Road,WEST,AVANTA,FRAME,SHEET|FULL|RECTANGLE,MALE,1190,,,SYS158404,,1190,FREE,SYS158404,AV 0070HD - Avanta - Male - D/Brown - 54 - Full Frame - Rectangle - Sheet,0,1,1,REPLENISH,1,18,0,99729,99695
Bhopal Hoshangabad Road,WEST,AVANTA,FRAME,SHEET|FULL|SQUARE,MALE,1190,,,SYS158401,,1190,FREE,SYS158401,AV 0069HD - Avanta - Male - Grey - 52 - Full Frame - Square - Sheet,0,1,1,REPLENISH,1,1,0,99729,99695
Greater Noida West Nirala Estate,NORTH,MIRAFLEX,FRAME,SHEET|FULL|RECTANGLE,KIDS,2990,,,SYS119417,,2990,FREE,SYS119417,MF4024 - MiraFlex - Kids - M555 - 51 - Full Frame - Rectangle - Sheet,0,1,1,REPLENISH,1,1,0,99984,99950
Bhopal Hoshangabad Road,WEST,AVANTA,FRAME,SHEET|FULL|CAT EYE,FEMALE,1190,,,SYS158408,,1190,FREE,SYS158408,AV 0072HD - Avanta - Female - Black - 51 - Full Frame - Cat Eye - Sheet,0,1,1,REPLENISH,1,83,0,99729,99695
Bhopal Hoshangabad Road,WEST,AVANTA,FRAME,SHEET|FULL|CAT EYE,FEMALE,1190,,,SYS158409,,1190,FREE,SYS158409,AV 0072HD - Avanta - Female - Trans/Pink - 51 - Full Frame - Cat Eye - Sheet,0,2,2,REPLENISH,2,101,0,99729,99695
Bhopal Hoshangabad Road,WEST,AVANTA,FRAME,SHEET|FULL|CAT EYE,FEMALE,1190,,,SYS158410,,1190,FREE,SYS158410,AV 0072HD - Avanta - Female - Purple - 51 - Full Frame - Cat Eye - Sheet,0,1,1,REPLENISH,1,77,0,99729,99695
Bhopal Hoshangabad Road,WEST,AVANTA,FRAME,SHEET|FULL|RECTANGLE,MALE,1190,,,SYS158379,,1190,FREE,SYS158379,AV 0061 - Avanta - Male - D/Brown - 53 - Full Frame - Rectangle - Sheet,1,1,2,REPLENISH,2,129,0,99729,99695
Bhopal Hoshangabad Road,WEST,AVANTA,FRAME,SHEET|FULL|RECTANGLE,MALE,1190,,,SYS158381,,1190,FREE,SYS158381,AV 0061 - Avanta - Male - Trans/Grey - 53 - Full Frame - Rectangle - Sheet,0,1,1,REPLENISH,1,138,0,99729,99695
Bhopal Hoshangabad Road,WEST,AVANTA,FRAME,SHEET|FULL|SQUARE,MALE,1190,,,SYS158370,,1190,FREE,SYS158370,AV 0064 - Avanta - Male - D/Green - 54 - Full Frame - Square - Sheet,0,1,1,REPLENISH,1,68,0,99729,99695
Noida Spectrum Mall,NORTH,ADMYRA,FRAME,SHEET|FULL|ROUND,UNISEX,2990,,,SYS115313,,2990,FREE,SYS115313,AM 102 - Admyra - Unisex - D/Brown - 49 - Full Frame - Round - Sheet,2,0,2,REPLENISH,1,35,0,99740,99728
Noida Spectrum Mall,NORTH,ADMYRA,FRAME,SHEET|FULL|CAT EYE,FEMALE,2990,,,SYS115307,,2990,FREE,SYS115307,AM 101 - Admyra - Female - Trans/Green - 53 - Full Frame - Cat Eye - Sheet,1,1,2,REPLENISH,1,18,0,99740,99728
Bhopal Hoshangabad Road,WEST,AVANTA,FRAME,SHEET|FULL|RECTANGLE,MALE,1190,,,SYS158502,,1190,FREE,SYS158502,AV 0073 - Avanta - Male - D/Brown - 54 - Full Frame - Rectangle - Sheet,0,1,1,REPLENISH,1,2,0,99729,99695
Delhi Dwarka Sec 09,NORTH,AVANTA,FRAME,METAL|SUPRA|RECTANGLE,MALE,590,,,SYS164968,,590,FREE,SYS164968,AV 12896 - Avanta - Male - Gun - 51 - Supra - Rectangle - Metal,0,1,1,REPLENISH,1,6,0,99623,99603
Kanpur Mall Road,NORTH,AVANTA,FRAME,METAL|SUPRA|RECTANGLE,MALE,690,,,SYS143390,,690,FREE,SYS143390,AV 31004 - Avanta - Male - Gun - 51 - Supra - Rectangle - Metal,0,1,1,REPLENISH,1,11,0,99671,99632
Noida GaurCity,NORTH,TOMMY HILFIGER,FRAME,SHEET|FULL|RECTANGLE,MALE,7490,,,SYS60864,,7490,FREE,SYS60864,TH 6252 - Tommy Hilfiger - Male - C2 - 52 - Full Frame - Rectangle - Sheet,0,1,1,REPLENISH,1,1,0,99959,99953
Mumbai Ghatkopar Dr Mehta Eye,WEST,AVANTA KIDS,FRAME,PEDIATRIC|FULL|RECTANGLE,KIDS,1690,,,SYS105984,,1690,FREE,SYS105984,AV TR688 - Avanta Kids - Kids - C1 - 43 - Full Frame - Rectangle - Pediatric,0,1,1,REPLENISH,1,6,0,99880,99879
Panvel Laxmi Eye,WEST,AVANTA KIDS,FRAME,PEDIATRIC|FULL|RECTANGLE,KIDS,1690,,,SYS105982,,1690,FREE,SYS105982,AV TR688 - Avanta Kids - Kids - C8 - 43 - Full Frame - Rectangle - Pediatric,0,1,1,REPLENISH,1,2,0,99853,99519
Delhi Dwarka Sec 09,NORTH,AVANTA,FRAME,TR|FULL|SQUARE,MALE,790,,,SYS165211,,790,FREE,SYS165211,AV 66045 - Avanta - Male - MT.Brown - 50 - Full Frame - Square - TR,0,1,1,REPLENISH,1,1,0,99623,99603
Greater Noida West Nirala Estate,NORTH,AVANTA,FRAME,METAL|FULL|SQUARE,FEMALE,1190,,,SYS165362,,1190,FREE,SYS165362,AV 82002 - Avanta - Female - C7 - 51 - Full Frame - Square - Metal,0,1,1,REPLENISH,1,3,0,99738,99712
Delhi Dwarka Sec 09,NORTH,AVANTA KIDS,FRAME,PEDIATRIC|FULL|ROUND,KIDS,1190,,,SYS165293,,1190,FREE,SYS165293,AV 1511 - Avanta Kids - Kids - C4 - 48 - Full Frame - Round - Pediatric,0,1,1,REPLENISH,1,3,0,99927,99725
Jaipur Malviya Nagar,WEST,ADMYRA,FRAME,SHEET|FULL|SQUARE,MALE,2190,,,SYS142673,,2190,FREE,SYS142673,AM 109 - Admyra - Male - Black - 53 - Full Frame - Square - Sheet,1,1,2,REPLENISH,1,26,0,99823,99819
Panvel Laxmi Eye,WEST,RAYBAN,FRAME,SHEET|FULL|SQUARE,UNISEX,5990,,,SYS111345,,5990,FREE,SYS111345,RX7237I - Rayban - Unisex - 8335 - 53 - Full Frame - Square - Sheet,0,1,1,REPLENISH,1,1,0,99982,99970
Nashik Navkar Eye,WEST,ADMYRA,FRAME,SHEET|FULL|RECTANGLE,MALE,2190,,,SYS139936,,2190,FREE,SYS139936,AM 113 - Admyra - Male - D/Grey - 52 - Full Frame - Rectangle - Sheet,1,1,2,REPLENISH,1,16,0,99887,99884
Delhi Rajouri Garden,NORTH,AVANTA,FRAME,SHEET|FULL|CAT EYE,FEMALE,1190,,,SYS158409,,1190,FREE,SYS158409,AV 0072HD - Avanta - Female - Trans/Pink - 51 - Full Frame - Cat Eye - Sheet,0,2,2,REPLENISH,2,101,0,99860,99846
Delhi Rajouri Garden,NORTH,AVANTA,FRAME,SHEET|FULL|ROUND,UNISEX,1190,,,SYS158413,,1190,FREE,SYS158413,AV 0068HD - Avanta - Unisex - Black - 48 - Full Frame - Round - Sheet,0,1,1,REPLENISH,1,87,0,99860,99846
Delhi Rajouri Garden,NORTH,AVANTA,FRAME,SHEET|FULL|CAT EYE,FEMALE,1190,,,SYS158419,,1190,FREE,SYS158419,AV 0066 - Avanta - Female - D/Brown - 53 - Full Frame - Cat Eye - Sheet,0,1,1,REPLENISH,2,15,0,99860,99846
Delhi Rajouri Garden,NORTH,AVANTA,FRAME,SHEET|FULL|SQUARE,MALE,1190,,,SYS158370,,1190,FREE,SYS158370,AV 0064 - Avanta - Male - D/Green - 54 - Full Frame - Square - Sheet,0,1,1,REPLENISH,1,68,0,99860,99846
Delhi Dwarka Vegas Mall Sec 14,NORTH,RAYBAN,SUNGLASS,SHEET|FULL|RECTANGLE,MALE,10990,,,SYS162425,,10990,FREE,SYS162425,RB4396 - Rayban - Male - 667771 - 54 - Sunglass - Rectangle - Sheet,0,1,1,REPLENISH,1,4,0,99937,99926
Ghaziabad RDC,NORTH,ADMYRA,FRAME,SHEET|FULL|SQUARE,MALE,2490,,,SYS68052,,2490,FREE,SYS68052,AM 010 - Admyra - Male - Grey - 56 - Full Frame - Square - Sheet,1,1,2,REPLENISH,1,1,0,99726,99635
Srinagar Baghat Fazili,NORTH,ADMYRA,FRAME,SHEET|FULL|RECTANGLE,MALE,2190,,,SYS139936,,2190,FREE,SYS139936,AM 113 - Admyra - Male - D/Grey - 52 - Full Frame - Rectangle - Sheet,1,1,2,REPLENISH,1,16,0,99898,99895
Hyderabad Neo Retina (Abids),SOUTH,AVANTA,FRAME,METAL|SUPRA|RECTANGLE,MALE,890,,,SYS148043,,890,FREE,SYS148043,AV 31001 - Avanta - Male - Copper - 51 - Supra - Rectangle - Metal,0,1,1,REPLENISH,1,7,0,99826,99816
Agra Ashoka Plaza,NORTH,AVANTA,FRAME,SHEET|FULL|CAT EYE,FEMALE,1190,,,SYS158408,,1190,FREE,SYS158408,AV 0072HD - Avanta - Female - Black - 51 - Full Frame - Cat Eye - Sheet,0,2,2,REPLENISH,2,83,0,99786,99605
Agra Ashoka Plaza,NORTH,AVANTA,FRAME,SHEET|FULL|CAT EYE,FEMALE,1190,,,SYS158409,,1190,FREE,SYS158409,AV 0072HD - Avanta - Female - Trans/Pink - 51 - Full Frame - Cat Eye - Sheet,0,1,1,REPLENISH,1,101,0,99786,99605
Agra Ashoka Plaza,NORTH,AVANTA,FRAME,SHEET|FULL|ROUND,UNISEX,1190,,,SYS158414,,1190,FREE,SYS158414,AV 0068HD - Avanta - Unisex - D/Wine - 48 - Full Frame - Round - Sheet,0,1,1,REPLENISH,1,100,0,99786,99605
Agra Ashoka Plaza,NORTH,AVANTA,FRAME,SHEET|FULL|RECTANGLE,MALE,1190,,,SYS158379,,1190,FREE,SYS158379,AV 0061 - Avanta - Male - D/Brown - 53 - Full Frame - Rectangle - Sheet,0,1,1,REPLENISH,1,129,0,99786,99605
Agra Ashoka Plaza,NORTH,AVANTA,FRAME,SHEET|FULL|RECTANGLE,MALE,1190,,,SYS158387,,1190,FREE,SYS158387,AV 0067 - Avanta - Male - MT.D/Blue - 54 - Full Frame - Rectangle - Sheet,0,1,1,REPLENISH,1,1,0,99786,99605
Agra Ashoka Plaza,NORTH,AVANTA,FRAME,SHEET|FULL|RECTANGLE,MALE,1190,,,SYS158404,,1190,FREE,SYS158404,AV 0070HD - Avanta - Male - D/Brown - 54 - Full Frame - Rectangle - Sheet,0,1,1,REPLENISH,1,18,0,99786,99605
Kolkata AJC Bose Road,EAST,RAYBAN,FRAME,METAL|FULL|SQUARE,MALE,5690,,,SYS144504,,5690,FREE,SYS144504,RX6539I - Rayban - Male - 2501 - 54 - Full Frame - Square - Metal,1,1,2,REPLENISH,1,1,0,99969,99964
Gorakhpur Mughlaha,NORTH,AVANTA,FRAME,METAL|FULL|ROUND,FEMALE,1390,,,SYS165306,,1390,FREE,SYS165306,AV NSV6122 - Avanta - Female - C1 - 52 - Full Frame - Round - Metal,0,1,1,REPLENISH,1,5,0,99667,99643
Indore Vijay Nagar,NORTH,AVANTA,FRAME,SHEET|FULL|SQUARE,MALE,1190,,,SYS162645,,1190,FREE,SYS162645,AV 0063 - Avanta - Male - Black - 51 - Full Frame - Square - Sheet,0,1,1,REPLENISH,1,121,0,99661,99650
Indore Vijay Nagar,NORTH,AVANTA,FRAME,SHEET|FULL|SQUARE,MALE,1190,,,SYS162649,,1190,FREE,SYS162649,AV 0063 - Avanta - Male - Trans/Grey - 51 - Full Frame - Square - Sheet,0,1,1,REPLENISH,1,289,0,99661,99650
Indore Sapna Sangeeta Road,NORTH,ADMYRA,FRAME,SHEET|FULL|CAT EYE,FEMALE,2790,,,SYS162307,,2790,FREE,SYS162307,AM 0131 - Admyra - Female - D/Brown - 51 - Full Frame - Cat Eye - Sheet,1,1,2,REPLENISH,1,47,0,99893,99891
Jaipur Vaishali Nagar,WEST,AVANTA,FRAME,METAL|FULL|SQUARE,MALE,1390,,,SYS165302,,1390,FREE,SYS165302,AV AJ3001 - Avanta - Male - C2 - 51 - Full Frame - Square - Metal,0,1,1,REPLENISH,1,5,0,99897,99896
Patna Kankarbagh,NORTH,AVANTA,FRAME,METAL|FULL|SQUARE,MALE,990,,,SYS164813,,990,FREE,SYS164813,AV 7412205 - Avanta - Male - Black - 51 - Full Frame - Square - Metal,0,1,1,REPLENISH,1,8,0,99685,99544
Noida GaurCity,NORTH,RAYBAN,FRAME,METAL|FULL|SQUARE,MALE,6290,,,SYS78549,,6290,FREE,SYS78549,RX6514I - Rayban - Male - 2502 - 58 - Full Frame - Square - Metal,1,1,2,REPLENISH,1,2,0,99952,99943
Rewari Sector 5,NORTH,ADMYRA,FRAME,SHEET|FULL|SQUARE,MALE,2490,,,SYS67555,,2490,FREE,SYS67555,AM 001 - Admyra - Male - Black - 53 - Full Frame - Square - Sheet,1,1,2,REPLENISH,1,134,0,99706,99703
Jodhpur Sardarpura,WEST,AVANTA,FRAME,TR|FULL|ROUND,UNISEX,890,,,SYS166783,,890,FREE,SYS166783,AV 270814 - Avanta - Unisex - Purple - 48 - Full Frame - Round - TR,0,1,1,REPLENISH,1,3,0,99879,99867
Sikar Police Line Road I Max,WEST,RAYBAN,FRAME,SHEET|FULL|SQUARE,MALE,5490,,,SYS12270,,5490,FREE,SYS12270,RX7027I - Rayban - Male - 2000 - 54 - Full Frame - Square - Sheet,0,1,1,REPLENISH,1,5,0,99985,99984
Noida GaurCity,NORTH,RAYBAN,FRAME,SHEET|FULL|SQUARE,MALE,6290,,,SYS78170,,6290,FREE,SYS78170,RX7027I - Rayban - Male - 6750 - 54 - Full Frame - Square - Sheet,0,1,1,REPLENISH,1,1,0,99952,99943
Noida GaurCity,NORTH,VOGUE,SUNGLASS,SHEET|FULL|CAT EYE,FEMALE,3590,,,SYS78196,,3590,FREE,SYS78196,VO5534SI - Vogue - Female - W44/36 - 53 - Sunglass - Cat Eye - Sheet,0,1,1,REPLENISH,1,1,0,99968,99932
Vijayawada Mogalrajpuram,SOUTH,AVANTA,FRAME,TR|FULL|RECTANGLE,MALE,890,,,SYS167862,,890,FREE,SYS167862,AV 8021 - Avanta - Male - Trans/Grey - 50 - Full Frame - Rectangle - TR,0,1,1,REPLENISH,1,2,0,99730,99588
Vijayawada Mogalrajpuram,SOUTH,AVANTA,FRAME,TR|FULL|RECTANGLE,MALE,890,,,SYS167860,,890,FREE,SYS167860,AV 8021 - Avanta - Male - Blue - 50 - Full Frame - Rectangle - TR,0,1,1,REPLENISH,1,3,0,99730,99588
Vijayawada Mogalrajpuram,SOUTH,AVANTA,FRAME,TR|FULL|RECTANGLE,MALE,890,,,SYS167859,,890,FREE,SYS167859,AV 8021 - Avanta - Male - Brown - 50 - Full Frame - Rectangle - TR,0,1,1,REPLENISH,1,3,0,99730,99588
Kamothe Laxmi Eye,WEST,AVANTA,FRAME,METAL|SUPRA|RECTANGLE,MALE,790,,,SYS163621,,790,FREE,SYS163621,AV 56803 - Avanta - Male - Gold - 52 - Supra - Rectangle - Metal,0,1,1,REPLENISH,1,1,0,99673,99664
Jammu BC Road Rehari Chungi,NORTH,ADMYRA,FRAME,SHEET|FULL|RECTANGLE,MALE,2190,,,SYS139933,,2190,FREE,SYS139933,AM 113 - Admyra - Male - Black - 52 - Full Frame - Rectangle - Sheet,1,1,2,REPLENISH,1,2,0,99821,99778
Siliguri Sevoke Road,WEST,AVANTA,FRAME,SHEET|FULL|CAT EYE,FEMALE,1190,,,SYS158409,,1190,FREE,SYS158409,AV 0072HD - Avanta - Female - Trans/Pink - 51 - Full Frame - Cat Eye - Sheet,1,1,2,REPLENISH,4,101,0,99542,99467
Siliguri Sevoke Road,WEST,AVANTA,FRAME,SHEET|FULL|CAT EYE,FEMALE,1190,,,SYS158419,,1190,FREE,SYS158419,AV 0066 - Avanta - Female - D/Brown - 53 - Full Frame - Cat Eye - Sheet,0,1,1,REPLENISH,1,15,0,99542,99467
Siliguri Sevoke Road,WEST,AVANTA,FRAME,SHEET|FULL|ROUND,UNISEX,1190,,,SYS158414,,1190,FREE,SYS158414,AV 0068HD - Avanta - Unisex - D/Wine - 48 - Full Frame - Round - Sheet,0,1,1,REPLENISH,1,100,0,99542,99467
Siliguri Sevoke Road,WEST,AVANTA,FRAME,SHEET|FULL|ROUND,UNISEX,1190,,,SYS158413,,1190,FREE,SYS158413,AV 0068HD - Avanta - Unisex - Black - 48 - Full Frame - Round - Sheet,0,1,1,REPLENISH,1,87,0,99542,99467
Siliguri Sevoke Road,WEST,AVANTA,FRAME,SHEET|FULL|CAT EYE,FEMALE,1190,,,SYS158493,,1190,FREE,SYS158493,AV 0074 - Avanta - Female - D/Brown - 51 - Full Frame - Cat Eye - Sheet,0,1,1,REPLENISH,1,5,0,99542,99467
Siliguri Sevoke Road,WEST,AVANTA,FRAME,SHEET|FULL|CAT EYE,FEMALE,1190,,,SYS158495,,1190,FREE,SYS158495,AV 0074 - Avanta - Female - Teal - 51 - Full Frame - Cat Eye - Sheet,0,1,1,REPLENISH,1,10,0,99542,99467
Moradabad Kanth Road,NORTH,AVANTA,FRAME,METAL|HALF|RECTANGLE,MALE,1590,,,SYS165393,,1590,FREE,SYS165393,AV 56098 - Avanta - Male - C4 - 52 - Half Frame - Rectangle - Metal,0,1,1,REPLENISH,1,2,0,99743,99714
Noida MOI,NORTH,TOMMY HILFIGER,SUNGLASS,SHEET|FULL|SQUARE,MALE,7990,,,SYS68013,,7990,FREE,SYS68013,TH 2606 - Tommy Hilfiger - Male - C2 - 58 - Sunglass - Square - Sheet,0,1,1,REPLENISH,1,4,0,99967,99952
Bhopal Hoshangabad Road,WEST,AVANTA,FRAME,SHEET|FULL|SQUARE,MALE,1190,,,SYS162646,,1190,FREE,SYS162646,AV 0063 - Avanta - Male - D/Brown - 51 - Full Frame - Square - Sheet,0,1,1,REPLENISH,1,79,0,99729,99695
Bhopal Hoshangabad Road,WEST,AVANTA,FRAME,SHEET|FULL|SQUARE,MALE,1190,,,SYS162649,,1190,FREE,SYS162649,AV 0063 - Avanta - Male - Trans/Grey - 51 - Full Frame - Square - Sheet,0,1,1,REPLENISH,1,289,0,99729,99695
Bhopal Hoshangabad Road,WEST,AVANTA,FRAME,SHEET|FULL|SQUARE,MALE,1190,,,SYS162645,,1190,FREE,SYS162645,AV 0063 - Avanta - Male - Black - 51 - Full Frame - Square - Sheet,0,1,1,REPLENISH,1,121,0,99729,99695
Delhi Safdarjung Enclave,NORTH,VERSACE,FRAME,METAL|FULL|CAT EYE,FEMALE,17390,,,SYS56835,,17390,FREE,SYS56835,VE1233Q - Versace - Female - 1344 - 53 - Full Frame - Cat Eye - Metal,0,1,1,REPLENISH,1,2,0,99979,99960
Hyderabad Hayathnagar,SOUTH,AVANTA,FRAME,METAL|FULL|CAT EYE,FEMALE,1690,,,SYS117136,,1690,FREE,SYS117136,AV 9001 - Avanta - Female - C2 - 53 - Full Frame - Cat Eye - Metal,0,1,1,REPLENISH,1,1,0,99658,99640
Hyderabad Hayathnagar,SOUTH,AVANTA,FRAME,SHEET|FULL|CAT EYE,FEMALE,1190,,,SYS158409,,1190,FREE,SYS158409,AV 0072HD - Avanta - Female - Trans/Pink - 51 - Full Frame - Cat Eye - Sheet,0,1,1,REPLENISH,1,101,0,99658,99640
Noida GaurCity,NORTH,RAYBAN,FRAME,SHEET|FULL|RECTANGLE,MALE,4690,,,SYS12371,,4690,FREE,SYS12371,RX7127II - Rayban - Male - 2000 - 53 - Full Frame - Rectangle - Sheet,0,1,1,REPLENISH,1,1,0,99952,99943
Hyderabad Kukatpally Nizampet X Roads,SOUTH,RAYBAN,FRAME,SHEET|FULL|CAT EYE,FEMALE,6290,,,SYS78468,,6290,FREE,SYS78468,RX5423I - Rayban - Female - 8327 - 50 - Full Frame - Cat Eye - Sheet,1,1,2,REPLENISH,1,1,0,99967,99966
Hyderabad Kukatpally Nizampet X Roads,SOUTH,AVANTA,FRAME,METAL|HALF|RECTANGLE,FEMALE,990,,,SYS163555,,990,FREE,SYS163555,AV 202438 - Avanta - Female - Blue/Gun - 48 - Half Frame - Rectangle - Metal,0,1,1,REPLENISH,1,6,0,99611,99452
Gorakhpur Mughlaha,NORTH,TOMMY HILFIGER,FRAME,SHEET|FULL|CAT EYE,FEMALE,7490,,,SYS88618,,7490,FREE,SYS88618,TH 6317 - Tommy Hilfiger - Female - C4 - 55 - Full Frame - Cat Eye - Sheet,0,1,1,REPLENISH,1,1,0,99988,99986
Noida Spectrum Mall,NORTH,AVANTA KIDS,FRAME,PEDIATRIC|FULL|SQUARE,KIDS,1690,,,SYS116820,,1690,FREE,SYS116820,AV BY96003 - Avanta Kids - Kids - C7 - 47 - Full Frame - Square - Pediatric,0,1,1,REPLENISH,1,2,0,99923,99921
Delhi Safdarjung Enclave,NORTH,VOGUE,FRAME,SHEET|FULL|CAT EYE,FEMALE,3490,,,SYS12314,,3490,FREE,SYS12314,VO5120I - Vogue - Female - W44 - 52 - Full Frame - Cat Eye - Sheet,0,1,1,REPLENISH,1,1,0,99954,99932
Noida Spectrum Mall,NORTH,AVANTA,FRAME,SHEET|FULL|CAT EYE,FEMALE,1190,,,SYS158408,,1190,FREE,SYS158408,AV 0072HD - Avanta - Female - Black - 51 - Full Frame - Cat Eye - Sheet,0,1,1,REPLENISH,1,83,0,99715,99664
Noida Spectrum Mall,NORTH,AVANTA,FRAME,SHEET|FULL|RECTANGLE,MALE,1190,,,SYS158391,,1190,FREE,SYS158391,AV 0065 - Avanta - Male - D/Blue - 52 - Full Frame - Rectangle - Sheet,0,1,1,REPLENISH,1,61,0,99715,99664
Delhi Safdarjung Enclave,NORTH,RAYBAN,SUNGLASS,METAL|FULL|AVIATOR,MALE,7790,,,SYS45947,,7790,FREE,SYS45947,RB3025I - Rayban - Male - L2823 - 58 - Sunglass - Aviator - Metal,0,1,1,REPLENISH,1,3,0,99978,99971
Noida Spectrum Mall,NORTH,AVANTA,FRAME,SHEET|FULL|ROUND,UNISEX,1190,,,SYS158415,,1190,FREE,SYS158415,AV 0068HD - Avanta - Unisex - Transparent - 48 - Full Frame - Round - Sheet,0,1,1,REPLENISH,1,92,0,99715,99664
Noida Spectrum Mall,NORTH,AVANTA,FRAME,SHEET|FULL|CAT EYE,FEMALE,1190,,,SYS158412,,1190,FREE,SYS158412,AV 0072HD - Avanta - Female - Trans/Brown - 51 - Full Frame - Cat Eye - Sheet,0,1,1,REPLENISH,1,56,0,99715,99664
Delhi Dwarka Vegas Mall Sec 14,NORTH,RAYBAN,FRAME,SHEET|FULL|SQUARE,MALE,5490,,,SYS12270,,5490,FREE,SYS12270,RX7027I - Rayban - Male - 2000 - 54 - Full Frame - Square - Sheet,0,1,1,REPLENISH,1,5,0,99977,99973
Delhi Dwarka Vegas Mall Sec 14,NORTH,RAYBAN,SUNGLASS,METAL|FULL|AVIATOR,MALE,9890,,,SYS45941,,9890,FREE,SYS45941,RB3025I - Rayban - Male - 001/58 - 58 - Sunglass - Aviator - Metal,2,0,2,REPLENISH,1,1,0,99937,99926
Faridabad Sec 16A,NORTH,AVANTA,FRAME,SHEET|FULL|RECTANGLE,MALE,1190,,,SYS158388,,1190,FREE,SYS158388,AV 0065 - Avanta - Male - Black - 52 - Full Frame - Rectangle - Sheet,0,1,1,REPLENISH,1,102,0,99726,99673
Faridabad Sec 16A,NORTH,AVANTA,FRAME,SHEET|FULL|CAT EYE,FEMALE,1190,,,SYS158412,,1190,FREE,SYS158412,AV 0072HD - Avanta - Female - Trans/Brown - 51 - Full Frame - Cat Eye - Sheet,0,1,1,REPLENISH,1,56,0,99726,99673
Faridabad Sec 16A,NORTH,AVANTA,FRAME,SHEET|FULL|CAT EYE,FEMALE,1190,,,SYS158411,,1190,FREE,SYS158411,AV 0072HD - Avanta - Female - Blue - 51 - Full Frame - Cat Eye - Sheet,0,1,1,REPLENISH,1,80,0,99726,99673
Faridabad Sec 16A,NORTH,AVANTA,FRAME,SHEET|FULL|ROUND,UNISEX,1190,,,SYS158414,,1190,FREE,SYS158414,AV 0068HD - Avanta - Unisex - D/Wine - 48 - Full Frame - Round - Sheet,0,1,1,REPLENISH,1,100,0,99726,99673
Faridabad Sec 16A,NORTH,AVANTA,FRAME,SHEET|FULL|CAT EYE,FEMALE,1190,,,SYS158409,,1190,FREE,SYS158409,AV 0072HD - Avanta - Female - Trans/Pink - 51 - Full Frame - Cat Eye - Sheet,0,1,1,REPLENISH,1,101,0,99726,99673
Faridabad Sec 16A,NORTH,AVANTA,FRAME,SHEET|FULL|CAT EYE,FEMALE,1190,,,SYS158408,,1190,FREE,SYS158408,AV 0072HD - Avanta - Female - Black - 51 - Full Frame - Cat Eye - Sheet,0,1,1,REPLENISH,1,83,0,99726,99673
Patiala Randhawa Eye,NORTH,AVANTA,FRAME,METAL|FULL|AVIATOR,MALE,1190,,,SYS164704,,1190,FREE,SYS164704,AV G0008 - Avanta - Male - C4 - 55 - Full Frame - Aviator - Metal,0,1,1,REPLENISH,1,1,0,99609,99267
Hyderabad Banjara Hills Dr Challa,SOUTH,AVANTA,FRAME,METAL|FULL|RECTANGLE,MALE,890,,,SYS148068,,890,FREE,SYS148068,AV 31001 - Avanta - Male - Copper - 48 - Full Frame - Rectangle - Metal,0,1,1,REPLENISH,1,4,0,99663,99660
Delhi Safdarjung Enclave,NORTH,RAYBAN,FRAME,SHEET|FULL|RECTANGLE,MALE,4590,,,SYS12283,,4590,FREE,SYS12283,RX7170I - Rayban - MALE - 2000 - 53 - Full Frame - Rectangle - Sheet,0,1,1,REPLENISH,1,2,0,99969,99958
Hyderabad Kukatpally Nizampet X Roads,SOUTH,AVANTA,FRAME,TR|FULL|RECTANGLE,MALE,790,,,SYS164193,,790,FREE,SYS164193,AV 9015 - Avanta - Male - Green - 50 - Full Frame - Rectangle - TR,0,1,1,REPLENISH,1,1,0,99611,99452
Noida Sec 50,NORTH,AVANTA,FRAME,SHEET|FULL|CAT EYE,FEMALE,1190,,,SYS158411,,1190,FREE,SYS158411,AV 0072HD - Avanta - Female - Blue - 51 - Full Frame - Cat Eye - Sheet,0,1,1,REPLENISH,1,80,0,99898,99894
Surat Rander Road,WEST,AVANTA,FRAME,METAL|SUPRA|RECTANGLE,MALE,490,,,SYS160683,,490,FREE,SYS160683,AV 31010 - Avanta - Male - Gold - 51 - Supra - Rectangle - Metal,0,1,1,REPLENISH,1,4,0,99755,99749
Noida Sec 50,NORTH,AVANTA,FRAME,SHEET|FULL|CAT EYE,FEMALE,1190,,,SYS158409,,1190,FREE,SYS158409,AV 0072HD - Avanta - Female - Trans/Pink - 51 - Full Frame - Cat Eye - Sheet,0,1,1,REPLENISH,1,101,0,99898,99894
Hyderabad Banjara Hills Dr Challa,SOUTH,AVANTA,FRAME,METAL|RIMLESS|SQUARE,MALE,990,,,SYS147868,,990,FREE,SYS147868,AV 202426 - Avanta - Male - Gun - 50 - Rimless - Square - Metal,0,1,1,REPLENISH,1,1,0,99663,99660
Patiala Randhawa Eye,NORTH,AVANTA,FRAME,METAL|FULL|SQUARE,MALE,1790,,,SYS165491,,1790,FREE,SYS165491,AV 7241 - Avanta - Male - C5 - 53 - Full Frame - Square - Metal,0,1,1,REPLENISH,1,4,0,99609,99267
Faridabad Sec 16A,NORTH,AVANTA KIDS,FRAME,PEDIATRIC|FULL|RECTANGLE,KIDS,1690,,,SYS116826,,1690,FREE,SYS116826,AV BY96001 - Avanta Kids - Kids - C6 - 48 - Full Frame - Rectangle - Pediatric,0,1,1,REPLENISH,1,1,0,99945,99944
Gurgaon Dhanak Basti New Railway Road,NORTH,AVANTA,FRAME,SHEET|FULL|RECTANGLE,MALE,1190,,,SYS158373,,1190,FREE,SYS158373,AV 0062 - Avanta - Male - D/Brown - 53 - Full Frame - Rectangle - Sheet,0,1,1,REPLENISH,1,1,0,99731,99678
Gurgaon Dhanak Basti New Railway Road,NORTH,AVANTA,FRAME,SHEET|FULL|CAT EYE,FEMALE,1190,,,SYS158410,,1190,FREE,SYS158410,AV 0072HD - Avanta - Female - Purple - 51 - Full Frame - Cat Eye - Sheet,0,1,1,REPLENISH,1,77,0,99731,99678
Gurgaon Dhanak Basti New Railway Road,NORTH,AVANTA,FRAME,SHEET|FULL|CAT EYE,FEMALE,1190,,,SYS158411,,1190,FREE,SYS158411,AV 0072HD - Avanta - Female - Blue - 51 - Full Frame - Cat Eye - Sheet,0,1,1,REPLENISH,1,80,0,99731,99678
Gurgaon Dhanak Basti New Railway Road,NORTH,AVANTA,FRAME,SHEET|FULL|ROUND,UNISEX,1190,,,SYS158413,,1190,FREE,SYS158413,AV 0068HD - Avanta - Unisex - Black - 48 - Full Frame - Round - Sheet,0,1,1,REPLENISH,1,87,0,99731,99678
Gurgaon Dhanak Basti New Railway Road,NORTH,AVANTA,FRAME,SHEET|FULL|ROUND,UNISEX,1190,,,SYS158415,,1190,FREE,SYS158415,AV 0068HD - Avanta - Unisex - Transparent - 48 - Full Frame - Round - Sheet,0,1,1,REPLENISH,1,92,0,99731,99678
Warangal Hanamkonda Kakathiya,SOUTH,AVANTA,FRAME,METAL|SUPRA|RECTANGLE,MALE,890,,,SYS164154,,890,FREE,SYS164154,AV 202536 - Avanta - Male - Gold - 50 - Supra - Rectangle - Metal,0,1,1,REPLENISH,1,4,0,99226,96995
Warangal Hanamkonda Kakathiya,SOUTH,AVANTA,FRAME,METAL|SUPRA|RECTANGLE,MALE,890,,,SYS164133,,890,FREE,SYS164133,AV 202531 - Avanta - Male - Gun - 50 - Supra - Rectangle - Metal,0,1,1,REPLENISH,1,1,0,99226,96995
Noida Sec 50,NORTH,AVANTA,FRAME,SHEET|FULL|SQUARE,MALE,1190,,,SYS158371,,1190,FREE,SYS158371,AV 0064 - Avanta - Male - Trans/Brown - 54 - Full Frame - Square - Sheet,0,1,1,REPLENISH,1,79,0,99898,99894
Patiala Randhawa Eye,NORTH,AVANTA,FRAME,METAL|FULL|SQUARE,MALE,1590,,,SYS165396,,1590,FREE,SYS165396,AV 56111 - Avanta - Male - C2 - 55 - Full Frame - Square - Metal,0,1,1,REPLENISH,1,1,0,99609,99267
Surat Rander Road,WEST,AVANTA,FRAME,METAL|HALF|RECTANGLE,MALE,1190,,,SYS160412,,1190,FREE,SYS160412,AV T03012 - Avanta - Male - Silver/Blue - 52 - Half Frame - Rectangle - Metal,0,1,1,REPLENISH,1,1,0,99755,99749
Jaipur Vaishali Nagar,WEST,ADMYRA,FRAME,SHEET|FULL|RECTANGLE,MALE,2190,,,SYS139936,,2190,FREE,SYS139936,AM 113 - Admyra - Male - D/Grey - 52 - Full Frame - Rectangle - Sheet,0,1,1,REPLENISH,1,16,0,99881,99879
Patiala Randhawa Eye,NORTH,AVANTA,FRAME,METAL|RIMLESS|SQUARE,MALE,890,,,SYS164803,,890,FREE,SYS164803,AV 8005 - Avanta - Male - Gun - 54 - Rimless - Square - Metal,0,1,1,REPLENISH,1,2,0,99609,99267
Guwahati Rukminigaon TRC,EAST,AVANTA,FRAME,SHEET|FULL|SQUARE,MALE,1190,,,SYS162647,,1190,FREE,SYS162647,AV 0063 - Avanta - Male - Trans/Blue - 51 - Full Frame - Square - Sheet,0,1,1,REPLENISH,1,55,0,99645,99640
Delhi Safdarjung Enclave,NORTH,TOMMY HILFIGER,FRAME,SHEET|FULL|CAT EYE,FEMALE,6990,,,SYS56160,,6990,FREE,SYS56160,TH 7112 - Tommy Hilfiger - Female - C2 - 52 - Full Frame - Cat Eye - Sheet,0,1,1,REPLENISH,1,1,0,99970,99960
Patiala Randhawa Eye,NORTH,AVANTA,FRAME,METAL|FULL|AVIATOR,MALE,1190,,,SYS164719,,1190,FREE,SYS164719,AV PB001 - Avanta - Male - Silver - 56 - Full Frame - Aviator - Metal,0,1,1,REPLENISH,1,13,0,99609,99267
Warangal Hanamkonda Kakathiya,SOUTH,AVANTA,FRAME,METAL|HALF|RECTANGLE,FEMALE,990,,,SYS163557,,990,FREE,SYS163557,AV 202438 - Avanta - Female - Grey - 48 - Half Frame - Rectangle - Metal,0,1,1,REPLENISH,1,1,0,99226,96995
Hyderabad Hayathnagar,SOUTH,AVANTA,FRAME,METAL|SUPRA|RECTANGLE,MALE,790,,,SYS159277,,790,FREE,SYS159277,AV 802505 - Avanta - Male - Burgundy - 48 - Supra - Rectangle - Metal,0,1,1,REPLENISH,1,1,0,99658,99640
Patiala Randhawa Eye,NORTH,AVANTA,FRAME,METAL|FULL|RECTANGLE,MALE,790,,,SYS165048,,790,FREE,SYS165048,AV 31006 - Avanta - Male - Gun - 53 - Full Frame - Rectangle - Metal,0,1,1,REPLENISH,1,1,0,99609,99267
Patiala Randhawa Eye,NORTH,AVANTA,FRAME,METAL|FULL|RECTANGLE,MALE,590,,,SYS164963,,590,FREE,SYS164963,AV 12903 - Avanta - Male - Gun - 51 - Full Frame - Rectangle - Metal,0,1,1,REPLENISH,1,5,0,99609,99267
Gorakhpur Mughlaha,NORTH,ADMYRA,FRAME,SHEET|FULL|SQUARE,MALE,2190,,,SYS142676,,2190,FREE,SYS142676,AM 109 - Admyra - Male - D/Green - 53 - Full Frame - Square - Sheet,1,1,2,REPLENISH,1,5,0,99755,99750
Gorakhpur Mughlaha,NORTH,ADMYRA,FRAME,SHEET|FULL|SQUARE,MALE,2190,,,SYS142675,,2190,FREE,SYS142675,AM 109 - Admyra - Male - Transparent - 53 - Full Frame - Square - Sheet,0,1,1,REPLENISH,1,2,0,99755,99750
Ajmer Ramganj,WEST,AVANTA,FRAME,SHEET|FULL|SQUARE,MALE,1190,,,SYS162645,,1190,FREE,SYS162645,AV 0063 - Avanta - Male - Black - 51 - Full Frame - Square - Sheet,0,1,1,REPLENISH,1,121,0,99841,99728
Ajmer Ramganj,WEST,AVANTA,FRAME,SHEET|FULL|SQUARE,MALE,1190,,,SYS162649,,1190,FREE,SYS162649,AV 0063 - Avanta - Male - Trans/Grey - 51 - Full Frame - Square - Sheet,0,1,1,REPLENISH,1,289,0,99841,99728
Ghaziabad RDC,NORTH,EMPORIO ARMANI,FRAME,SHEET|FULL|WAYFARER,MALE,14590,,,SYS56632,,14590,FREE,SYS56632,EA4115 - Emporio Armani - Male - 58531W - 54 - Full Frame - Wayfarer - Sheet,0,1,1,REPLENISH,1,2,0,99982,99981
Jammu BC Road Rehari Chungi,NORTH,AVANTA,FRAME,TR|FULL|RECTANGLE,MALE,890,,,SYS167830,,890,FREE,SYS167830,AV 8016 - Avanta - Male - Transparent - 51 - Full Frame - Rectangle - TR,0,1,1,REPLENISH,1,3,0,99763,99690
Hyderabad Banjara Hills Dr Challa,SOUTH,EMPORIO ARMANI,FRAME,SHEET|FULL|SQUARE,MALE,12590,,,SYS148425,,12590,FREE,SYS148425,EA3257 - Emporio Armani - Male - 5017 - 55 - Full Frame - Square - Sheet,0,1,1,REPLENISH,1,1,0,99989,99988
Delhi Rohini Ring Road Mall,NORTH,ADMYRA,FRAME,SHEET|FULL|CAT EYE,FEMALE,2190,,,SYS139960,,2190,FREE,SYS139960,AM 115 - Admyra - Female - Trans/Pink - 51 - Full Frame - Cat Eye - Sheet,1,1,2,REPLENISH,1,13,0,99844,99839
Noida GaurCity,NORTH,AVANTA,FRAME,SHEET|FULL|SQUARE,UNISEX,1890,,,SYS139945,,1890,FREE,SYS139945,AV 0047 - Avanta - Unisex - D/Wine - 53 - Full Frame - Square - Sheet,0,1,1,REPLENISH,1,2,0,99751,99727
Jammu BC Road Rehari Chungi,NORTH,AVANTA,FRAME,METAL|FULL|RECTANGLE,MALE,790,,,SYS167500,,790,FREE,SYS167500,AV RSA1001 - Avanta - Male - Black - 48 - Full Frame - Rectangle - Metal,0,1,1,REPLENISH,1,4,0,99763,99690
Delhi Rohini Ring Road Mall,NORTH,ADMYRA,FRAME,SHEET|FULL|RECTANGLE,MALE,2190,,,SYS139935,,2190,FREE,SYS139935,AM 113 - Admyra - Male - Brown - 52 - Full Frame - Rectangle - Sheet,1,1,2,REPLENISH,1,2,0,99844,99839
Patna Kankarbagh,NORTH,STEPPER,FRAME,TITANIUM|RIMLESS|RECTANGLE,MALE,7150,,,SYS78811,,7150,FREE,SYS78811,SI/4253B - Stepper - Male - F092 - 53 - Rimless - Rectangle - Titanium,1,1,2,REPLENISH,1,1,0,99985,99979
Noida GaurCity,NORTH,AVANTA,FRAME,SHEET|FULL|RECTANGLE,MALE,1690,,,SYS139949,,1690,FREE,SYS139949,AV 0048 - Avanta - Male - Transparent - 53 - Full Frame - Rectangle - Sheet,0,1,1,REPLENISH,1,2,0,99751,99727
Delhi Rajouri Garden,NORTH,AVANTA KIDS,FRAME,TR|FULL|CAT EYE,KIDS,890,,,SYS164054,,890,FREE,SYS164054,AV 169406 - Avanta Kids - Kids - C1 - 46 - Full Frame - Cat Eye - TR,0,1,1,REPLENISH,1,1,0,99928,99849
Patna Kankarbagh,NORTH,RAYBAN,FRAME,SHEET|FULL|SQUARE,MALE,5490,,,SYS12270,,5490,FREE,SYS12270,RX7027I - Rayban - Male - 2000 - 54 - Full Frame - Square - Sheet,0,1,1,REPLENISH,1,5,0,99976,99974
Jabalpur Napier Town,SOUTH,AVANTA,FRAME,SHEET|FULL|RECTANGLE,MALE,1390,,,SYS142652,,1390,FREE,SYS142652,AV 0057 - Avanta - Male - Demi - 52 - Full Frame - Rectangle - Sheet,0,1,1,REPLENISH,1,1,0,99735,99714
Jammu BC Road Rehari Chungi,NORTH,AVANTA,FRAME,METAL|SUPRA|RECTANGLE,MALE,790,,,SYS167320,,790,FREE,SYS167320,AV 86029 - Avanta - Male - Gun - 52 - Supra - Rectangle - Metal,0,1,1,REPLENISH,1,1,0,99763,99690
Patna Kankarbagh,NORTH,RAYBAN,FRAME,SHEET|FULL|SQUARE,MALE,5490,,,SYS12274,,5490,FREE,SYS12274,RX7027I - Rayban - Male - 5419 - 54 - Full Frame - Square - Sheet,0,1,1,REPLENISH,1,2,0,99976,99974
Bhopal Hoshangabad Road,WEST,AVANTA,FRAME,METAL|SUPRA|RECTANGLE,MALE,890,,,SYS164154,,890,FREE,SYS164154,AV 202536 - Avanta - Male - Gold - 50 - Supra - Rectangle - Metal,0,1,1,REPLENISH,1,4,0,99729,99695
Ghaziabad Nehru Nagar,NORTH,AVANTA,FRAME,TR|FULL|RECTANGLE,MALE,890,,,SYS147534,,890,FREE,SYS147534,AV TR1007 - Avanta - Male - Black - 51 - Full Frame - Rectangle - TR,0,1,1,REPLENISH,1,5,0,99771,99754
Delhi Rohini Ring Road Mall,NORTH,AVANTA,FRAME,METAL|SUPRA|RECTANGLE,MALE,790,,,SYS167324,,790,FREE,SYS167324,AV 86028 - Avanta - Male - Gun - 53 - Supra - Rectangle - Metal,0,1,1,REPLENISH,1,3,0,99814,99805
Mohali Sector 62,NORTH,EMPORIO ARMANI,FRAME,SHEET|FULL|WAYFARER,MALE,14590,,,SYS56564,,14590,FREE,SYS56564,EA4115 - Emporio Armani - Male - 57591W - 54 - Full Frame - Wayfarer - Sheet,0,1,1,REPLENISH,1,3,0,99982,99981
Rewari Sector 5,NORTH,ADMYRA,FRAME,SHEET|FULL|CAT EYE,FEMALE,2490,,,SYS162296,,2490,FREE,SYS162296,AM 0127 - Admyra - Female - Black - 53 - Full Frame - Cat Eye - Sheet,1,1,2,REPLENISH,1,27,0,99706,99703
Rewari Sector 5,NORTH,ADMYRA,FRAME,SHEET|FULL|SQUARE,MALE,2490,,,SYS162286,,2490,FREE,SYS162286,AM 0128 - Admyra - Male - Black - 55 - Full Frame - Square - Sheet,1,1,2,REPLENISH,1,31,0,99706,99703
Noida GaurCity,NORTH,AVANTA,FRAME,SHEET|FULL|CAT EYE,FEMALE,1490,,,SYS142338,,1490,FREE,SYS142338,AV 0046 - Avanta - Female - Purple - 51 - Full Frame - Cat Eye - Sheet,0,1,1,REPLENISH,1,1,0,99751,99727
Agra Ashoka Plaza,NORTH,AVANTA,FRAME,SHEET|FULL|SQUARE,MALE,1190,,,SYS162645,,1190,FREE,SYS162645,AV 0063 - Avanta - Male - Black - 51 - Full Frame - Square - Sheet,0,1,1,REPLENISH,1,121,0,99786,99605
Agra Ashoka Plaza,NORTH,AVANTA,FRAME,SHEET|FULL|SQUARE,MALE,1190,,,SYS162646,,1190,FREE,SYS162646,AV 0063 - Avanta - Male - D/Brown - 51 - Full Frame - Square - Sheet,0,1,1,REPLENISH,1,79,0,99786,99605
Ghaziabad RDC,NORTH,AVANTA,FRAME,METAL|RIMLESS|RECTANGLE,MALE,990,,,SYS164174,,990,FREE,SYS164174,AV 202530 - Avanta - Male - Gold - 51 - Rimless - Rectangle - Metal,0,1,1,REPLENISH,1,1,0,99793,99772
Greater Noida West Nirala Estate,NORTH,FRENCH CONNECTION,FRAME,SHEET|FULL|SQUARE,MALE,4490,,,SYS121711,,4490,FREE,SYS121711,FC 8291 - French Connection - Male - C4 - 55 - Full Frame - Square - Sheet,0,1,1,REPLENISH,1,1,0,99980,99979
Noida Spectrum Mall,NORTH,ADMYRA,FRAME,SHEET|FULL|SQUARE,MALE,2490,,,SYS67557,,2490,FREE,SYS67557,AM 001 - Admyra - Male - D/Grey - 53 - Full Frame - Square - Sheet,0,1,1,REPLENISH,1,74,0,99740,99728
Guwahati Bhangagarh,NORTH,AVANTA,FRAME,SHEET|FULL|SQUARE,MALE,1190,,,SYS145026,,1190,FREE,SYS145026,AV 0056 - Avanta - Male - Demi - 52 - Full Frame - Square - Sheet,0,1,1,REPLENISH,1,1,0,99785,99780
Gurgaon Sec 29,NORTH,RAYBAN,FRAME,SHEET|FULL|CAT EYE,FEMALE,5490,,,SYS27357,,5490,FREE,SYS27357,RX7033I - Rayban - Female - 2000 - 52 - Full Frame - Cat Eye - Sheet,0,1,1,REPLENISH,1,2,0,99969,99964
Ghaziabad RDC,NORTH,ADMYRA,FRAME,TR|FULL|CAT EYE,FEMALE,2190,,,SYS163971,,2190,FREE,SYS163971,AM 9906 - Admyra - Female - C7 - 52 - Full Frame - Cat Eye - TR,2,0,2,REPLENISH,1,1,0,99726,99635
Noida MOI,NORTH,TOMMY HILFIGER,FRAME,SHEET|FULL|ROUND,UNISEX,6990,,,SYS46332,,6990,FREE,SYS46332,TH 6217 - Tommy Hilfiger - Unisex - C3 - 48 - Full Frame - Round - Sheet,0,1,1,REPLENISH,1,1,0,99978,99964
Rewari Sector 5,NORTH,AVANTA,FRAME,SHEET|FULL|SQUARE,MALE,1190,,,SYS162649,,1190,FREE,SYS162649,AV 0063 - Avanta - Male - Trans/Grey - 51 - Full Frame - Square - Sheet,0,1,1,REPLENISH,1,289,0,99531,99518
Rewari Sector 5,NORTH,AVANTA,FRAME,SHEET|FULL|SQUARE,MALE,1190,,,SYS162646,,1190,FREE,SYS162646,AV 0063 - Avanta - Male - D/Brown - 51 - Full Frame - Square - Sheet,0,1,1,REPLENISH,1,79,0,99531,99518
Prayagraj Tashkent Marg,NORTH,ADMYRA,FRAME,SHEET|FULL|SQUARE,MALE,2190,,,SYS142673,,2190,FREE,SYS142673,AM 109 - Admyra - Male - Black - 53 - Full Frame - Square - Sheet,1,1,2,REPLENISH,1,26,0,99688,99686
Indirapuram Shakti Khand Eros Market,NORTH,AVANTA,FRAME,SHEET|FULL|CAT EYE,FEMALE,1190,,,SYS158408,,1190,FREE,SYS158408,AV 0072HD - Avanta - Female - Black - 51 - Full Frame - Cat Eye - Sheet,0,1,1,REPLENISH,1,83,0,99791,99778
Indirapuram Shakti Khand Eros Market,NORTH,AVANTA,FRAME,SHEET|FULL|CAT EYE,FEMALE,1190,,,SYS158410,,1190,FREE,SYS158410,AV 0072HD - Avanta - Female - Purple - 51 - Full Frame - Cat Eye - Sheet,0,1,1,REPLENISH,1,77,0,99791,99778
Indirapuram Shakti Khand Eros Market,NORTH,AVANTA,FRAME,SHEET|FULL|CAT EYE,FEMALE,1190,,,SYS158409,,1190,FREE,SYS158409,AV 0072HD - Avanta - Female - Trans/Pink - 51 - Full Frame - Cat Eye - Sheet,0,2,2,REPLENISH,2,101,0,99791,99778
Indirapuram Shakti Khand Eros Market,NORTH,AVANTA,FRAME,SHEET|FULL|RECTANGLE,MALE,1190,,,SYS158404,,1190,FREE,SYS158404,AV 0070HD - Avanta - Male - D/Brown - 54 - Full Frame - Rectangle - Sheet,0,1,1,REPLENISH,1,18,0,99791,99778
Indirapuram Shakti Khand Eros Market,NORTH,AVANTA,FRAME,SHEET|FULL|RECTANGLE,MALE,1190,,,SYS158381,,1190,FREE,SYS158381,AV 0061 - Avanta - Male - Trans/Grey - 53 - Full Frame - Rectangle - Sheet,0,1,1,REPLENISH,1,138,0,99791,99778
Indirapuram Shakti Khand Eros Market,NORTH,AVANTA,FRAME,SHEET|FULL|RECTANGLE,MALE,1190,,,SYS158380,,1190,FREE,SYS158380,AV 0061 - Avanta - Male - Trans/Blue - 53 - Full Frame - Rectangle - Sheet,0,1,1,REPLENISH,1,121,0,99791,99778
Indirapuram Shakti Khand Eros Market,NORTH,AVANTA,FRAME,SHEET|FULL|RECTANGLE,MALE,1190,,,SYS158382,,1190,FREE,SYS158382,AV 0061 - Avanta - Male - D/Green - 53 - Full Frame - Rectangle - Sheet,0,1,1,REPLENISH,1,121,0,99791,99778
Indirapuram Shakti Khand Eros Market,NORTH,AVANTA,FRAME,SHEET|FULL|CAT EYE,FEMALE,1190,,,SYS158411,,1190,FREE,SYS158411,AV 0072HD - Avanta - Female - Blue - 51 - Full Frame - Cat Eye - Sheet,0,1,1,REPLENISH,1,80,0,99791,99778
Indirapuram Shakti Khand Eros Market,NORTH,AVANTA,FRAME,SHEET|FULL|CAT EYE,FEMALE,1190,,,SYS158412,,1190,FREE,SYS158412,AV 0072HD - Avanta - Female - Trans/Brown - 51 - Full Frame - Cat Eye - Sheet,0,1,1,REPLENISH,1,56,0,99791,99778
Indirapuram Shakti Khand Eros Market,NORTH,AVANTA,FRAME,SHEET|FULL|ROUND,UNISEX,1190,,,SYS158416,,1190,FREE,SYS158416,AV 0068HD - Avanta - Unisex - D/Green - 48 - Full Frame - Round - Sheet,0,1,1,REPLENISH,1,27,0,99791,99778
Indore Sapna Sangeeta Road,NORTH,AVANTA,FRAME,METAL|FULL|SQUARE,MALE,1490,,,SYS116993,,1490,FREE,SYS116993,AV 25103 - Avanta - Male - C2 - 52 - Full Frame - Square - Metal,0,1,1,REPLENISH,1,1,0,99695,99690
Bhopal Hoshangabad Road,WEST,ADMYRA,FRAME,SHEET|FULL|SQUARE,MALE,2790,,,SYS162291,,2790,FREE,SYS162291,AM 0130 - Admyra - Male - Black - 55 - Full Frame - Square - Sheet,1,1,2,REPLENISH,1,24,0,99855,99853
Delhi Dwarka Vegas Mall Sec 14,NORTH,VOGUE,SUNGLASS,SHEET|FULL|ROUND,MALE,3590,,,SYS78198,,3590,FREE,SYS78198,VO5536SI - Vogue - Male - 297180 - 52 - Sunglass - Round - Sheet,0,1,1,REPLENISH,1,1,0,99973,99959
Delhi Dwarka Sec 09,NORTH,ADMYRA,FRAME,SHEET|FULL|RECTANGLE,MALE,2190,,,SYS139936,,2190,FREE,SYS139936,AM 113 - Admyra - Male - D/Grey - 52 - Full Frame - Rectangle - Sheet,1,1,2,REPLENISH,1,16,0,99784,99640
Delhi Dwarka Sec 09,NORTH,ADMYRA,FRAME,SHEET|FULL|RECTANGLE,MALE,2190,,,SYS139935,,2190,FREE,SYS139935,AM 113 - Admyra - Male - Brown - 52 - Full Frame - Rectangle - Sheet,0,1,1,REPLENISH,1,2,0,99784,99640
Delhi Dwarka Sec 09,NORTH,ADMYRA,FRAME,SHEET|FULL|RECTANGLE,MALE,2190,,,SYS139937,,2190,FREE,SYS139937,AM 113 - Admyra - Male - D/Green - 52 - Full Frame - Rectangle - Sheet,0,1,1,REPLENISH,1,1,0,99784,99640
Delhi Dwarka Sec 09,NORTH,ADMYRA,FRAME,SHEET|FULL|RECTANGLE,MALE,2190,,,SYS139934,,2190,FREE,SYS139934,AM 113 - Admyra - Male - Blue - 52 - Full Frame - Rectangle - Sheet,0,1,1,REPLENISH,2,1,0,99784,99640
Delhi Dwarka Sec 09,NORTH,ADMYRA,FRAME,SHEET|FULL|CAT EYE,FEMALE,2190,,,SYS139974,,2190,FREE,SYS139974,AM 115 - Admyra - Female - Lchn - 51 - Full Frame - Cat Eye - Sheet,0,1,1,REPLENISH,1,1,0,99784,99640
Delhi Dwarka Sec 09,NORTH,ADMYRA,FRAME,SHEET|FULL|CAT EYE,FEMALE,2190,,,SYS139960,,2190,FREE,SYS139960,AM 115 - Admyra - Female - Trans/Pink - 51 - Full Frame - Cat Eye - Sheet,0,1,1,REPLENISH,1,13,0,99784,99640
Delhi Dwarka Sec 09,NORTH,ADMYRA,FRAME,SHEET|FULL|CAT EYE,FEMALE,2190,,,SYS139959,,2190,FREE,SYS139959,AM 115 - Admyra - Female - Teal - 51 - Full Frame - Cat Eye - Sheet,1,1,2,REPLENISH,1,3,0,99784,99640
Delhi Dwarka Sec 09,NORTH,ADMYRA,FRAME,SHEET|FULL|CAT EYE,FEMALE,2190,,,SYS139958,,2190,FREE,SYS139958,AM 115 - Admyra - Female - Transparent - 51 - Full Frame - Cat Eye - Sheet,0,1,1,REPLENISH,1,3,0,99784,99640
Delhi Dwarka Sec 09,NORTH,STEPPER,FRAME,TITANIUM|RIMLESS|AVIATOR,MALE,8580,,,SYS139882,,8580,FREE,SYS139882,SI/82251 - Stepper - Male - F092 - 53 - Rimless - Aviator - Titanium,0,1,1,REPLENISH,1,1,0,99983,99971
Delhi Dwarka Sec 09,NORTH,AVANTA,FRAME,TR|FULL|RECTANGLE,MALE,990,,,SYS166964,,990,FREE,SYS166964,AV 50043 - Avanta - Male - C1 - 51 - Full Frame - Rectangle - TR,0,1,1,REPLENISH,1,1,0,99623,99603
Patiala Randhawa Eye,NORTH,AVANTA,FRAME,TR|FULL|ROUND,UNISEX,990,,,SYS163221,,990,FREE,SYS163221,AV 303039 - Avanta - Unisex - MT.Blk - 47 - Full Frame - Round - TR,0,1,1,REPLENISH,1,5,0,99609,99267
Hyderabad Banjara Hills,SOUTH,ADMYRA,FRAME,SHEET|FULL|RECTANGLE,MALE,2190,,,SYS139936,,2190,FREE,SYS139936,AM 113 - Admyra - Male - D/Grey - 52 - Full Frame - Rectangle - Sheet,0,1,1,REPLENISH,1,16,0,99911,99910
Patna Kankarbagh,NORTH,AVANTA,FRAME,TR|FULL|RECTANGLE,MALE,890,,,SYS166792,,890,FREE,SYS166792,AV 270811 - Avanta - Male - Brown - 51 - Full Frame - Rectangle - TR,0,1,1,REPLENISH,1,3,0,99685,99544
Noida Spectrum Mall,NORTH,ADMYRA,FRAME,SHEET|FULL|SQUARE,MALE,2490,,,SYS68051,,2490,FREE,SYS68051,AM 010 - Admyra - Male - Blue - 56 - Full Frame - Square - Sheet,0,1,1,REPLENISH,1,1,0,99740,99728
Sikar Police Line Road I Max,WEST,STEPPER,FRAME,TITANIUM|HALF|SQUARE,MALE,9680,,,SYS78824,,9680,FREE,SYS78824,SI/60264 - Stepper - Male - F010 - 52 - Half Frame - Square - Titanium,0,1,1,REPLENISH,1,1,0,99980,99977
Noida Spectrum Mall,NORTH,ADMYRA,FRAME,SHEET|FULL|RECTANGLE,MALE,2190,,,SYS67875,,2190,FREE,SYS67875,AM 090 - Admyra - Male - D/Blue - 54 - Full Frame - Rectangle - Sheet,0,1,1,REPLENISH,1,1,0,99740,99728
Bhopal Hoshangabad Road,WEST,ADMYRA,FRAME,SHEET|FULL|CAT EYE,FEMALE,2490,,,SYS162297,,2490,FREE,SYS162297,AM 0127 - Admyra - Female - D/Brown - 53 - Full Frame - Cat Eye - Sheet,0,1,1,REPLENISH,1,22,0,99855,99853
Delhi Rajouri Garden,NORTH,AVANTA,FRAME,METAL|FULL|SQUARE,MALE,990,,,SYS162878,,990,FREE,SYS162878,AV C22111 - Avanta - Male - Silver/Grey - 52 - Full Frame - Square - Metal,0,1,1,REPLENISH,1,1,0,99860,99846
Delhi Dwarka Sec 09,NORTH,AVANTA KIDS,FRAME,TR|FULL|RECTANGLE,KIDS,790,,,SYS167644,,790,FREE,SYS167644,AV TR11523 - Avanta Kids - Kids - Trans/Grey - 46 - Full Frame - Rectangle - TR,0,1,1,REPLENISH,1,2,0,99927,99725
Delhi Rajouri Garden,NORTH,AVANTA,FRAME,SHEET|FULL|SQUARE,MALE,1190,,,SYS162645,,1190,FREE,SYS162645,AV 0063 - Avanta - Male - Black - 51 - Full Frame - Square - Sheet,1,1,2,REPLENISH,1,121,0,99860,99846
Delhi Rajouri Garden,NORTH,AVANTA,FRAME,SHEET|FULL|SQUARE,MALE,1190,,,SYS162649,,1190,FREE,SYS162649,AV 0063 - Avanta - Male - Trans/Grey - 51 - Full Frame - Square - Sheet,0,1,1,REPLENISH,1,289,0,99860,99846
Warangal Hanamkonda Kakathiya,SOUTH,AVANTA,FRAME,SHEET|FULL|CAT EYE,FEMALE,1190,,,SYS162650,,1190,FREE,SYS162650,AV 0066 - Avanta - Female - Trans/Brown - 53 - Full Frame - Cat Eye - Sheet,0,1,1,REPLENISH,1,1,0,99226,96995
Warangal Hanamkonda Kakathiya,SOUTH,AVANTA,FRAME,SHEET|FULL|SQUARE,MALE,1190,,,SYS162649,,1190,FREE,SYS162649,AV 0063 - Avanta - Male - Trans/Grey - 51 - Full Frame - Square - Sheet,0,1,1,REPLENISH,1,289,0,99226,96995
Vijayawada Mogalrajpuram,SOUTH,AVANTA,FRAME,METAL|HALF|RECTANGLE,MALE,1590,,,SYS165390,,1590,FREE,SYS165390,AV 56096 - Avanta - Male - C4 - 51 - Half Frame - Rectangle - Metal,0,1,1,REPLENISH,1,2,0,99730,99588
Hyderabad Hayathnagar,SOUTH,AVANTA,FRAME,TR|FULL|RECTANGLE,MALE,990,,,SYS161290,,990,FREE,SYS161290,AV 6607 - Avanta - Male - Black - 49 - Full Frame - Rectangle - TR,0,1,1,REPLENISH,1,1,0,99658,99640
Warangal Hanamkonda Kakathiya,SOUTH,AVANTA,FRAME,TR|FULL|RECTANGLE,MALE,890,,,SYS162927,,890,FREE,SYS162927,AV 66610 - Avanta - Male - Transparent - 52 - Full Frame - Rectangle - TR,0,1,1,REPLENISH,1,1,0,99226,96995
Vijayawada Mogalrajpuram,SOUTH,AVANTA,FRAME,TR|FULL|RECTANGLE,MALE,790,,,SYS118601,,790,FREE,SYS118601,AV 8021 - Avanta - Male - Black - 50 - Full Frame - Rectangle - TR,1,1,2,REPLENISH,1,12,0,99730,99588
Delhi Rohini Ring Road Mall,NORTH,OMBRA,SUNGLASS,SHEET|FULL|RECTANGLE,MALE,1590,,,SYS166362,,1590,FREE,SYS166362,OB 9866P - OMBRA - Male - C3 - 50 - Sunglass - Rectangle - Sheet,0,1,1,REPLENISH,1,9,0,99961,99927
Karnal Model Town,NORTH,AVANTA,FRAME,METAL|SUPRA|RECTANGLE,MALE,490,,,SYS157682,,490,FREE,SYS157682,AV ZXA1108 - Avanta - Male - Copper - 49 - Supra - Rectangle - Metal,0,1,1,REPLENISH,1,1,0,99593,99171
Noida GaurCity,NORTH,VOGUE,SUNGLASS,METAL|FULL|CAT EYE,FEMALE,4790,,,SYS166675,,4790,FREE,SYS166675,VO4360SI - Vogue - Female - 515214 - 55 - Sunglass - Cat Eye - Metal,0,1,1,REPLENISH,1,1,0,99968,99932
Karnal Model Town,NORTH,AVANTA,FRAME,SHEET|FULL|SQUARE,MALE,1190,,,SYS158496,,1190,FREE,SYS158496,AV 0075 - Avanta - Male - Black - 50 - Full Frame - Square - Sheet,0,1,1,REPLENISH,1,1,0,99593,99171
Indore Vijay Nagar,NORTH,AVANTA,FRAME,TR|FULL|CAT EYE,FEMALE,1190,,,SYS164746,,1190,FREE,SYS164746,AV 149010 - Avanta - Female - Maroon - 52 - Full Frame - Cat Eye - TR,0,1,1,REPLENISH,1,1,0,99661,99650
Karnal Model Town,NORTH,AVANTA,FRAME,SHEET|FULL|RECTANGLE,MALE,1190,,,SYS158379,,1190,FREE,SYS158379,AV 0061 - Avanta - Male - D/Brown - 53 - Full Frame - Rectangle - Sheet,0,2,2,REPLENISH,2,129,0,99593,99171
Karnal Model Town,NORTH,AVANTA,FRAME,SHEET|FULL|RECTANGLE,MALE,1190,,,SYS158378,,1190,FREE,SYS158378,AV 0061 - Avanta - Male - Black - 53 - Full Frame - Rectangle - Sheet,0,1,1,REPLENISH,1,157,0,99593,99171
Karnal Model Town,NORTH,AVANTA,FRAME,SHEET|FULL|CAT EYE,FEMALE,1190,,,SYS158419,,1190,FREE,SYS158419,AV 0066 - Avanta - Female - D/Brown - 53 - Full Frame - Cat Eye - Sheet,0,1,1,REPLENISH,1,15,0,99593,99171
Karnal Model Town,NORTH,AVANTA,FRAME,SHEET|FULL|CAT EYE,FEMALE,1190,,,SYS158411,,1190,FREE,SYS158411,AV 0072HD - Avanta - Female - Blue - 51 - Full Frame - Cat Eye - Sheet,0,1,1,REPLENISH,1,80,0,99593,99171
Karnal Model Town,NORTH,AVANTA,FRAME,SHEET|FULL|ROUND,UNISEX,1190,,,SYS158413,,1190,FREE,SYS158413,AV 0068HD - Avanta - Unisex - Black - 48 - Full Frame - Round - Sheet,0,1,1,REPLENISH,1,87,0,99593,99171
Karnal Model Town,NORTH,AVANTA,FRAME,SHEET|FULL|CAT EYE,FEMALE,1190,,,SYS158412,,1190,FREE,SYS158412,AV 0072HD - Avanta - Female - Trans/Brown - 51 - Full Frame - Cat Eye - Sheet,0,2,2,REPLENISH,2,56,0,99593,99171
Karnal Model Town,NORTH,AVANTA,FRAME,SHEET|FULL|ROUND,UNISEX,1190,,,SYS158415,,1190,FREE,SYS158415,AV 0068HD - Avanta - Unisex - Transparent - 48 - Full Frame - Round - Sheet,0,1,1,REPLENISH,1,92,0,99593,99171
Karnal Model Town,NORTH,AVANTA,FRAME,SHEET|FULL|CAT EYE,FEMALE,1190,,,SYS158409,,1190,FREE,SYS158409,AV 0072HD - Avanta - Female - Trans/Pink - 51 - Full Frame - Cat Eye - Sheet,0,2,2,REPLENISH,2,101,0,99593,99171
Jammu BC Road Rehari Chungi,NORTH,AVANTA,FRAME,METAL|FULL|HEXAGON,MALE,1190,,,SYS165324,,1190,FREE,SYS165324,AV V112 - Avanta - Male - C3 - 50 - Full Frame - Hexagon - Metal,0,1,1,REPLENISH,1,1,0,99763,99690
Vijayawada Mogalrajpuram,SOUTH,AVANTA,FRAME,METAL|SUPRA|RECTANGLE,MALE,590,,,SYS164969,,590,FREE,SYS164969,AV 12896 - Avanta - Male - Black - 51 - Supra - Rectangle - Metal,0,1,1,REPLENISH,1,3,0,99730,99588
Jammu BC Road Rehari Chungi,NORTH,AVANTA,FRAME,METAL|FULL|RECTANGLE,MALE,790,,,SYS165682,,790,FREE,SYS165682,AV 56801 - Avanta - Male - MT.Black - 50 - Full Frame - Rectangle - Metal,0,1,1,REPLENISH,1,1,0,99763,99690
Sikar Police Line Road I Max,WEST,AVANTA,FRAME,TR|FULL|RECTANGLE,UNISEX,990,,,SYS166909,,990,FREE,SYS166909,AV 81001 - Avanta - Unisex - Trans/Purple - 50 - Full Frame - Rectangle - TR,0,1,1,REPLENISH,1,1,0,99174,98617
Agra Ashoka Plaza,NORTH,AVANTA,FRAME,METAL|HALF|RECTANGLE,MALE,690,,,SYS68156,,690,FREE,SYS68156,AV 31003 - Avanta - Male - Black - 50 - Supra - Rectangle - Metal,0,1,1,REPLENISH,1,6,0,99786,99605
Srinagar Baghat Fazili,NORTH,RAYBAN,FRAME,METAL|FULL|SQUARE,MALE,5990,,,SYS144513,,5990,FREE,SYS144513,RX6542I - Rayban - Male - 3196 - 54 - Full Frame - Square - Metal,0,1,1,REPLENISH,1,4,0,99981,99974
Srinagar Baghat Fazili,NORTH,RAYBAN,FRAME,SHEET|FULL|CAT EYE,FEMALE,6290,,,SYS144502,,6290,FREE,SYS144502,RX5444I - Rayban - Female - 8415 - 52 - Full Frame - Cat Eye - Sheet,0,1,1,REPLENISH,1,2,0,99981,99974
Varanasi Mahmoorganj,NORTH,ADMYRA,FRAME,SHEET|FULL|ROUND,UNISEX,2990,,,SYS115309,,2990,FREE,SYS115309,AM 102 - Admyra - Unisex - Black - 49 - Full Frame - Round - Sheet,0,1,1,REPLENISH,1,27,0,99749,99745
Srinagar Rainawari Fazili,NORTH,AVANTA,FRAME,METAL|SUPRA|RECTANGLE,MALE,490,,,SYS147815,,490,FREE,SYS147815,AV 31004 - Avanta - Male - Gun - 48 - Supra - Rectangle - Metal,0,1,1,REPLENISH,1,10,0,99772,99767
Siliguri Sevoke Road,WEST,ADMYRA,FRAME,SHEET|FULL|SQUARE,MALE,2790,,,SYS162295,,2790,FREE,SYS162295,AM 0130 - Admyra - Male - Grey - 55 - Full Frame - Square - Sheet,1,1,2,REPLENISH,1,8,0,99773,99726
Siliguri Sevoke Road,WEST,ADMYRA,FRAME,SHEET|FULL|CAT EYE,FEMALE,2790,,,SYS162312,,2790,FREE,SYS162312,AM 0132 - Admyra - Female - D/Brown - 52 - Full Frame - Cat Eye - Sheet,1,1,2,REPLENISH,1,53,0,99773,99726
Bhopal Hoshangabad Road,WEST,AVANTA,FRAME,METAL|HALF|RECTANGLE,MALE,1590,,,SYS165393,,1590,FREE,SYS165393,AV 56098 - Avanta - Male - C4 - 52 - Half Frame - Rectangle - Metal,0,1,1,REPLENISH,1,2,0,99729,99695
Noida GaurCity,NORTH,STEPPER,FRAME,METAL|RIMLESS|RECTANGLE,MALE,5940,,,SYS92208,,5940,FREE,SYS92208,STS/71798 - Stepper - Male - F222 - 53 - Rimless - Rectangle - Metal,1,1,2,REPLENISH,1,1,0,99973,99965
Noida Spectrum Mall,NORTH,ADMYRA,FRAME,SHEET|FULL|CAT EYE,FEMALE,2490,,,SYS162297,,2490,FREE,SYS162297,AM 0127 - Admyra - Female - D/Brown - 53 - Full Frame - Cat Eye - Sheet,1,1,2,REPLENISH,3,22,0,99740,99728
Noida Spectrum Mall,NORTH,ADMYRA,FRAME,SHEET|FULL|CAT EYE,FEMALE,2790,,,SYS162320,,2790,FREE,SYS162320,AM 0133 - Admyra - Female - D/Burgundy - 53 - Full Frame - Cat Eye - Sheet,1,1,2,REPLENISH,1,45,0,99740,99728
Indore Sapna Sangeeta Road,NORTH,ADMYRA,FRAME,SHEET|FULL|RECTANGLE,MALE,2190,,,SYS139936,,2190,FREE,SYS139936,AM 113 - Admyra - Male - D/Grey - 52 - Full Frame - Rectangle - Sheet,1,1,2,REPLENISH,1,16,0,99893,99891
Kharghar Laxmi Eye,WEST,AVANTA,FRAME,SHEET|FULL|SQUARE,MALE,1190,,,SYS162645,,1190,FREE,SYS162645,AV 0063 - Avanta - Male - Black - 51 - Full Frame - Square - Sheet,0,1,1,REPLENISH,1,121,0,99714,99712
Noida Spectrum Mall,NORTH,RAYBAN JUNIOR,FRAME,SHEET|FULL|SQUARE,KIDS,3790,,,SYS68533,,3790,FREE,SYS68533,RY9095V - Rayban Junior - kids - 3898 - 45 - Full Frame - Square - Sheet,0,1,1,REPLENISH,1,2,0,99987,99984
Kolkata Madhyamgram,EAST,AVANTA,FRAME,SHEET|FULL|RECTANGLE,MALE,1190,,,SYS158404,,1190,FREE,SYS158404,AV 0070HD - Avanta - Male - D/Brown - 54 - Full Frame - Rectangle - Sheet,0,1,1,REPLENISH,1,18,0,99684,99659
Warangal Hanamkonda Kakathiya,SOUTH,AVANTA,FRAME,TR|FULL|RECTANGLE,MALE,890,,,SYS167859,,890,FREE,SYS167859,AV 8021 - Avanta - Male - Brown - 50 - Full Frame - Rectangle - TR,0,1,1,REPLENISH,1,3,0,99226,96995
Warangal Hanamkonda Kakathiya,SOUTH,AVANTA,FRAME,TR|FULL|RECTANGLE,MALE,890,,,SYS167861,,890,FREE,SYS167861,AV 8021 - Avanta - Male - Grey - 50 - Full Frame - Rectangle - TR,0,1,1,REPLENISH,1,2,0,99226,96995
Kolkata Madhyamgram,EAST,AVANTA,FRAME,SHEET|FULL|CAT EYE,FEMALE,1190,,,SYS158408,,1190,FREE,SYS158408,AV 0072HD - Avanta - Female - Black - 51 - Full Frame - Cat Eye - Sheet,1,1,2,REPLENISH,1,83,0,99684,99659
Kolkata Madhyamgram,EAST,AVANTA,FRAME,SHEET|FULL|CAT EYE,FEMALE,1190,,,SYS158409,,1190,FREE,SYS158409,AV 0072HD - Avanta - Female - Trans/Pink - 51 - Full Frame - Cat Eye - Sheet,0,2,2,REPLENISH,2,101,0,99684,99659
Kolkata Madhyamgram,EAST,AVANTA,FRAME,SHEET|FULL|CAT EYE,FEMALE,1190,,,SYS158410,,1190,FREE,SYS158410,AV 0072HD - Avanta - Female - Purple - 51 - Full Frame - Cat Eye - Sheet,1,1,2,REPLENISH,1,77,0,99684,99659
Kolkata Madhyamgram,EAST,AVANTA,FRAME,SHEET|FULL|RECTANGLE,MALE,1190,,,SYS158381,,1190,FREE,SYS158381,AV 0061 - Avanta - Male - Trans/Grey - 53 - Full Frame - Rectangle - Sheet,0,2,2,REPLENISH,2,138,0,99684,99659
Kolkata Madhyamgram,EAST,AVANTA,FRAME,SHEET|FULL|RECTANGLE,MALE,1190,,,SYS158379,,1190,FREE,SYS158379,AV 0061 - Avanta - Male - D/Brown - 53 - Full Frame - Rectangle - Sheet,0,1,1,REPLENISH,1,129,0,99684,99659
Kolkata Madhyamgram,EAST,AVANTA,FRAME,SHEET|FULL|CAT EYE,FEMALE,1190,,,SYS158419,,1190,FREE,SYS158419,AV 0066 - Avanta - Female - D/Brown - 53 - Full Frame - Cat Eye - Sheet,0,1,1,REPLENISH,1,15,0,99684,99659
Kolkata Madhyamgram,EAST,AVANTA,FRAME,SHEET|FULL|CAT EYE,FEMALE,1190,,,SYS158412,,1190,FREE,SYS158412,AV 0072HD - Avanta - Female - Trans/Brown - 51 - Full Frame - Cat Eye - Sheet,0,1,1,REPLENISH,1,56,0,99684,99659
Kolkata Madhyamgram,EAST,AVANTA,FRAME,SHEET|FULL|ROUND,UNISEX,1190,,,SYS158413,,1190,FREE,SYS158413,AV 0068HD - Avanta - Unisex - Black - 48 - Full Frame - Round - Sheet,0,1,1,REPLENISH,1,87,0,99684,99659
Gurgaon Dhanak Basti New Railway Road,NORTH,AVANTA,FRAME,SHEET|FULL|SQUARE,MALE,1190,,,SYS162647,,1190,FREE,SYS162647,AV 0063 - Avanta - Male - Trans/Blue - 51 - Full Frame - Square - Sheet,0,1,1,REPLENISH,1,55,0,99731,99678
Gurgaon Dhanak Basti New Railway Road,NORTH,AVANTA,FRAME,SHEET|FULL|SQUARE,MALE,1190,,,SYS162649,,1190,FREE,SYS162649,AV 0063 - Avanta - Male - Trans/Grey - 51 - Full Frame - Square - Sheet,0,1,1,REPLENISH,1,289,0,99731,99678
Faridabad Sec 16A,NORTH,AVANTA,FRAME,METAL|HALF|RECTANGLE,MALE,890,,,SYS68120,,890,FREE,SYS68120,AV 31002 - Avanta - Male - Purple - 49 - Supra - Rectangle - Metal,0,1,1,REPLENISH,1,2,0,99726,99673
Warangal Hanamkonda Kakathiya,SOUTH,AVANTA,FRAME,TR|FULL|RECTANGLE,MALE,890,,,SYS167834,,890,FREE,SYS167834,AV 8016 - Avanta - Male - Grey - 51 - Full Frame - Rectangle - TR,0,1,1,REPLENISH,1,2,0,99226,96995
Warangal Hanamkonda Kakathiya,SOUTH,AVANTA,FRAME,TR|FULL|RECTANGLE,MALE,890,,,SYS167828,,890,FREE,SYS167828,AV 8016 - Avanta - Male - Black - 51 - Full Frame - Rectangle - TR,0,1,1,REPLENISH,1,11,0,99226,96995
Warangal Hanamkonda Kakathiya,SOUTH,AVANTA,FRAME,TR|FULL|RECTANGLE,MALE,890,,,SYS167831,,890,FREE,SYS167831,AV 8016 - Avanta - Male - D.Grey - 51 - Full Frame - Rectangle - TR,0,1,1,REPLENISH,1,3,0,99226,96995
Warangal Hanamkonda Kakathiya,SOUTH,AVANTA,FRAME,TR|FULL|RECTANGLE,MALE,890,,,SYS167857,,890,FREE,SYS167857,AV 8021 - Avanta - Male - Transparent - 50 - Full Frame - Rectangle - TR,0,1,1,REPLENISH,1,3,0,99226,96995
Delhi Dwarka Sec 09,NORTH,STEPPER,FRAME,TITANIUM|RIMLESS|CAT EYE,FEMALE,7150,,,SYS78812,,7150,FREE,SYS78812,SI/3219B - Stepper - Female - F022 - 52 - Rimless - Cat Eye - Titanium,0,1,1,REPLENISH,1,3,0,99983,99971
Delhi Dwarka Sec 09,NORTH,STEPPER,FRAME,TITANIUM|HALF|RECTANGLE,MALE,7480,,,SYS78814,,7480,FREE,SYS78814,SI/4105 - Stepper - Male - F092 - 51 - Half Frame - Rectangle - Titanium,0,1,1,REPLENISH,1,3,0,99983,99971
Warangal Hanamkonda Kakathiya,SOUTH,AVANTA,FRAME,METAL|HALF|RECTANGLE,FEMALE,1090,,,SYS167547,,1090,FREE,SYS167547,AV 220181 - Avanta - Female - Copper - 51 - Half Frame - Rectangle - Metal,0,1,1,REPLENISH,1,1,0,99226,96995
Warangal Hanamkonda Kakathiya,SOUTH,AVANTA,FRAME,METAL|HALF|RECTANGLE,FEMALE,1090,,,SYS167549,,1090,FREE,SYS167549,AV 220181 - Avanta - Female - Gun - 51 - Half Frame - Rectangle - Metal,0,1,1,REPLENISH,1,7,0,99226,96995
Warangal Hanamkonda Kakathiya,SOUTH,AVANTA,FRAME,METAL|FULL|RECTANGLE,MALE,790,,,SYS167511,,790,FREE,SYS167511,AV RSA1004 - Avanta - Male - Burgundy - 49 - Full Frame - Rectangle - Metal,1,1,2,REPLENISH,1,2,0,99226,96995
Badlapur Kulgaon Drishti Eye,WEST,AVANTA,FRAME,SHEET|FULL|CAT EYE,FEMALE,1190,,,SYS158492,,1190,FREE,SYS158492,AV 0074 - Avanta - Female - Pink - 51 - Full Frame - Cat Eye - Sheet,0,1,1,REPLENISH,1,6,0,99828,99816
Badlapur Kulgaon Drishti Eye,WEST,AVANTA,FRAME,SHEET|FULL|RECTANGLE,MALE,1190,,,SYS158404,,1190,FREE,SYS158404,AV 0070HD - Avanta - Male - D/Brown - 54 - Full Frame - Rectangle - Sheet,0,1,1,REPLENISH,2,18,0,99828,99816
Badlapur Kulgaon Drishti Eye,WEST,AVANTA,FRAME,SHEET|FULL|CAT EYE,FEMALE,1190,,,SYS158409,,1190,FREE,SYS158409,AV 0072HD - Avanta - Female - Trans/Pink - 51 - Full Frame - Cat Eye - Sheet,0,2,2,REPLENISH,2,101,0,99828,99816
Badlapur Kulgaon Drishti Eye,WEST,AVANTA,FRAME,SHEET|FULL|CAT EYE,FEMALE,1190,,,SYS158410,,1190,FREE,SYS158410,AV 0072HD - Avanta - Female - Purple - 51 - Full Frame - Cat Eye - Sheet,0,1,1,REPLENISH,1,77,0,99828,99816
Badlapur Kulgaon Drishti Eye,WEST,AVANTA,FRAME,SHEET|FULL|CAT EYE,FEMALE,1190,,,SYS158419,,1190,FREE,SYS158419,AV 0066 - Avanta - Female - D/Brown - 53 - Full Frame - Cat Eye - Sheet,1,1,2,REPLENISH,2,15,0,99828,99816
Badlapur Kulgaon Drishti Eye,WEST,AVANTA,FRAME,SHEET|FULL|CAT EYE,FEMALE,1190,,,SYS158411,,1190,FREE,SYS158411,AV 0072HD - Avanta - Female - Blue - 51 - Full Frame - Cat Eye - Sheet,1,1,2,REPLENISH,2,80,0,99828,99816
Delhi Dwarka Vegas Mall Sec 14,NORTH,CALVIN KLEIN,FRAME,SHEET|FULL|SQUARE,MALE,8990,,,SYS121643,,8990,FREE,SYS121643,CK 22566LBI - Calvin Klein - Male - 235 - 51 - Full Frame - Square - Sheet,0,1,1,REPLENISH,1,2,0,99986,99985
Hyderabad Hayathnagar,SOUTH,AVANTA,FRAME,METAL|SUPRA|RECTANGLE,MALE,790,,,SYS160497,,790,FREE,SYS160497,AV 31005 - Avanta - Male - Copper - 49 - Supra - Rectangle - Metal,0,1,1,REPLENISH,1,4,0,99658,99640
Hyderabad Hayathnagar,SOUTH,AVANTA,FRAME,METAL|SUPRA|RECTANGLE,MALE,790,,,SYS160492,,790,FREE,SYS160492,AV 31005 - Avanta - Male - Black - 49 - Supra - Rectangle - Metal,0,1,1,REPLENISH,1,6,0,99658,99640
Hyderabad Hayathnagar,SOUTH,AVANTA,FRAME,METAL|SUPRA|RECTANGLE,MALE,790,,,SYS160491,,790,FREE,SYS160491,AV 31005 - Avanta - Male - Gun - 49 - Supra - Rectangle - Metal,0,1,1,REPLENISH,1,10,0,99658,99640
Warangal Hanamkonda Kakathiya,SOUTH,AVANTA,FRAME,METAL|SUPRA|RECTANGLE,MALE,890,,,SYS167426,,890,FREE,SYS167426,AV 825071 - Avanta - Male - Blue - 48 - Supra - Rectangle - Metal,0,1,1,REPLENISH,1,2,0,99226,96995
Warangal Hanamkonda Kakathiya,SOUTH,AVANTA,FRAME,METAL|SUPRA|RECTANGLE,MALE,890,,,SYS167433,,890,FREE,SYS167433,AV 825073 - Avanta - Male - Gun - 49 - Supra - Rectangle - Metal,0,1,1,REPLENISH,1,3,0,99226,96995
Warangal Hanamkonda Kakathiya,SOUTH,AVANTA,FRAME,METAL|FULL|ROUND,UNISEX,990,,,SYS167383,,990,FREE,SYS167383,AV 9255105 - Avanta - Unisex - Gun - 47 - Full Frame - Round - Metal,0,1,1,REPLENISH,1,3,0,99226,96995
Warangal Hanamkonda Kakathiya,SOUTH,AVANTA,FRAME,METAL|SUPRA|RECTANGLE,MALE,890,,,SYS167438,,890,FREE,SYS167438,AV 825075 - Avanta - Male - Blue - 49 - Supra - Rectangle - Metal,0,1,1,REPLENISH,1,2,0,99226,96995
Hyderabad Hayathnagar,SOUTH,AVANTA,FRAME,METAL|SUPRA|RECTANGLE,MALE,490,,,SYS160684,,490,FREE,SYS160684,AV 31010 - Avanta - Male - Copper - 51 - Supra - Rectangle - Metal,0,1,1,REPLENISH,1,5,0,99658,99640
Hyderabad Hayathnagar,SOUTH,AVANTA,FRAME,METAL|SUPRA|RECTANGLE,MALE,490,,,SYS160683,,490,FREE,SYS160683,AV 31010 - Avanta - Male - Gold - 51 - Supra - Rectangle - Metal,0,1,1,REPLENISH,1,4,0,99658,99640
Hyderabad Hayathnagar,SOUTH,AVANTA,FRAME,METAL|SUPRA|RECTANGLE,MALE,490,,,SYS160682,,490,FREE,SYS160682,AV 31010 - Avanta - Male - Black - 51 - Supra - Rectangle - Metal,0,1,1,REPLENISH,1,7,0,99658,99640
Hyderabad Hayathnagar,SOUTH,AVANTA,FRAME,METAL|SUPRA|RECTANGLE,MALE,490,,,SYS160681,,490,FREE,SYS160681,AV 31010 - Avanta - Male - Gun - 51 - Supra - Rectangle - Metal,0,1,1,REPLENISH,1,12,0,99658,99640
Hyderabad Hayathnagar,SOUTH,AVANTA,FRAME,METAL|HALF|RECTANGLE,MALE,690,,,SYS68158,,690,FREE,SYS68158,AV 31003 - Avanta - Male - Purple - 50 - Supra - Rectangle - Metal,0,1,1,REPLENISH,1,2,0,99658,99640
Hyderabad Hayathnagar,SOUTH,AVANTA,FRAME,METAL|HALF|RECTANGLE,MALE,690,,,SYS68152,,690,FREE,SYS68152,AV 31003 - Avanta - Male - Gun - 50 - Supra - Rectangle - Metal,0,1,1,REPLENISH,1,10,0,99658,99640
Moradabad Kanth Road,NORTH,AVANTA,FRAME,TR|FULL|ROUND,UNISEX,1090,,,SYS167039,,1090,FREE,SYS167039,AV 156010 - Avanta - Unisex - Trans/Purple - 49 - Full Frame - Round - TR,0,1,1,REPLENISH,1,1,0,99743,99714
Hyderabad Hayathnagar,SOUTH,AVANTA,FRAME,METAL|HALF|RECTANGLE,MALE,690,,,SYS68156,,690,FREE,SYS68156,AV 31003 - Avanta - Male - Black - 50 - Supra - Rectangle - Metal,0,1,1,REPLENISH,1,6,0,99658,99640
Moradabad Kanth Road,NORTH,AVANTA,FRAME,TR|FULL|CAT EYE,FEMALE,990,,,SYS166996,,990,FREE,SYS166996,AV 250902 - Avanta - Female - Trans/Brown - 47 - Full Frame - Cat Eye - TR,0,1,1,REPLENISH,1,1,0,99743,99714
Noida GaurCity,NORTH,VOGUE,FRAME,SHEET|FULL|SQUARE,UNISEX,3390,,,SYS144726,,3390,FREE,SYS144726,VO5645I - Vogue - Unisex - W745 - 54 - Full Frame - Square - Sheet,1,1,2,REPLENISH,1,2,0,99971,99969
Faridabad Sec 16A,NORTH,ADMYRA,FRAME,SHEET|FULL|CAT EYE,FEMALE,2790,,,SYS162311,,2790,FREE,SYS162311,AM 0132 - Admyra - Female - Black - 52 - Full Frame - Cat Eye - Sheet,0,1,1,REPLENISH,1,51,0,99777,99774
Faridabad Sec 16A,NORTH,ADMYRA,FRAME,SHEET|FULL|SQUARE,MALE,2790,,,SYS162295,,2790,FREE,SYS162295,AM 0130 - Admyra - Male - Grey - 55 - Full Frame - Square - Sheet,0,1,1,REPLENISH,1,8,0,99777,99774
Karnal Model Town,NORTH,AVANTA,FRAME,METAL|FULL|RECTANGLE,MALE,790,,,SYS162904,,790,FREE,SYS162904,AV C38001 - Avanta - Male - Black - 48 - Full Frame - Rectangle - Metal,0,1,1,REPLENISH,1,2,0,99593,99171
Noida Sec 50,NORTH,ADMYRA,FRAME,SHEET|FULL|SQUARE,MALE,2790,,,SYS162293,,2790,FREE,SYS162293,AM 0130 - Admyra - Male - D/Green - 55 - Full Frame - Square - Sheet,0,1,1,REPLENISH,1,17,0,99886,99883
Delhi Preet Vihar Vikas Marg,NORTH,CALVIN KLEIN,FRAME,SHEET|FULL|SQUARE,MALE,9490,,,SYS111671,,9490,FREE,SYS111671,CK 24521 - Calvin Klein - Male - 240 - 52 - Full Frame - Square - Sheet,0,1,1,REPLENISH,1,1,0,99981,99980
Noida Sec 50,NORTH,VOGUE,SUNGLASS,METAL|FULL|AVIATOR,FEMALE,4490,,,SYS56173,,4490,FREE,SYS56173,VO4092BI - Vogue - Female - 507514 - 56 - Sunglass - Aviator - Metal,0,1,1,REPLENISH,1,1,0,99985,99982
Delhi Dwarka Sec 09,NORTH,AVANTA,FRAME,TR|FULL|ROUND,UNISEX,890,,,SYS168090,,890,FREE,SYS168090,AV 8029 - Avanta - Unisex - Transparent - 46 - Full Frame - Round - TR,0,1,1,REPLENISH,1,2,0,99623,99603
Ajmer Ramganj,WEST,ADMYRA,FRAME,METAL|FULL|HEXAGON,FEMALE,2190,,,SYS165453,,2190,FREE,SYS165453,AM IP832 - Admyra - Female - C3 - 49 - Full Frame - Hexagon - Metal,0,1,1,REPLENISH,2,1,0,99880,99773
Bhiwani Circular Road,NORTH,AVANTA,FRAME,SHEET|FULL|ROUND,UNISEX,1190,,,SYS158415,,1190,FREE,SYS158415,AV 0068HD - Avanta - Unisex - Transparent - 48 - Full Frame - Round - Sheet,0,1,1,REPLENISH,1,92,0,99504,99454
Bhiwani Circular Road,NORTH,AVANTA,FRAME,SHEET|FULL|ROUND,UNISEX,1190,,,SYS158417,,1190,FREE,SYS158417,AV 0068HD - Avanta - Unisex - Trans/Purple - 48 - Full Frame - Round - Sheet,0,1,1,REPLENISH,1,63,0,99504,99454
Bhiwani Circular Road,NORTH,AVANTA,FRAME,SHEET|FULL|RECTANGLE,MALE,1190,,,SYS158404,,1190,FREE,SYS158404,AV 0070HD - Avanta - Male - D/Brown - 54 - Full Frame - Rectangle - Sheet,1,1,2,REPLENISH,1,18,0,99504,99454
Bhiwani Circular Road,NORTH,AVANTA,FRAME,SHEET|FULL|CAT EYE,FEMALE,1190,,,SYS158409,,1190,FREE,SYS158409,AV 0072HD - Avanta - Female - Trans/Pink - 51 - Full Frame - Cat Eye - Sheet,1,1,2,REPLENISH,1,101,0,99504,99454
Bhiwani Circular Road,NORTH,AVANTA,FRAME,SHEET|FULL|CAT EYE,FEMALE,1190,,,SYS158408,,1190,FREE,SYS158408,AV 0072HD - Avanta - Female - Black - 51 - Full Frame - Cat Eye - Sheet,0,1,1,REPLENISH,1,83,0,99504,99454
Bhiwani Circular Road,NORTH,AVANTA,FRAME,SHEET|FULL|SQUARE,MALE,1190,,,SYS158372,,1190,FREE,SYS158372,AV 0064 - Avanta - Male - Trans/Grey - 54 - Full Frame - Square - Sheet,0,1,1,REPLENISH,1,123,0,99504,99454
Bhiwani Circular Road,NORTH,AVANTA,FRAME,SHEET|FULL|RECTANGLE,MALE,1190,,,SYS158381,,1190,FREE,SYS158381,AV 0061 - Avanta - Male - Trans/Grey - 53 - Full Frame - Rectangle - Sheet,0,1,1,REPLENISH,1,138,0,99504,99454
Delhi Rajouri Garden,NORTH,OMBRA,SUNGLASS,SHEET|FULL|SQUARE,MALE,1190,,,SYS166367,,1190,FREE,SYS166367,OB 62106P - OMBRA - Male - C4 - 52 - Sunglass - Square - Sheet,0,1,1,REPLENISH,1,8,0,99985,99971
Ajmer Ramganj,WEST,AVANTA,FRAME,METAL|FULL|RECTANGLE,MALE,1790,,,SYS165479,,1790,FREE,SYS165479,AV 7238 - Avanta - Male - C1 - 52 - Full Frame - Rectangle - Metal,0,1,1,REPLENISH,1,2,0,99841,99728
Bhiwani Circular Road,NORTH,ADMYRA,FRAME,SHEET|FULL|ROUND,UNISEX,2190,,,SYS158545,,2190,FREE,SYS158545,AM 0123 - Admyra - Unisex - D/Brown - 48 - Full Frame - Round - Sheet,0,1,1,REPLENISH,1,3,0,99774,99770
Gorakhpur Mughlaha,NORTH,AVANTA,FRAME,METAL|SUPRA|RECTANGLE,MALE,890,,,SYS148043,,890,FREE,SYS148043,AV 31001 - Avanta - Male - Copper - 51 - Supra - Rectangle - Metal,0,1,1,REPLENISH,1,7,0,99667,99643
Delhi Dwarka Sec 09,NORTH,AVANTA,FRAME,TR|FULL|RECTANGLE,MALE,990,,,SYS166957,,990,FREE,SYS166957,AV TB6034 - Avanta - Male - C1/6 - 51 - Full Frame - Rectangle - TR,0,1,1,REPLENISH,1,4,0,99623,99603
Ghaziabad RDC,NORTH,RAYBAN,SUNGLASS,SHEET|FULL|RECTANGLE,MALE,11990,,,SYS56561,,11990,FREE,SYS56561,RB2283 - Rayban - Male - 901/31 - 55 - Sunglass - Rectangle - Sheet,0,1,1,REPLENISH,1,1,0,99957,99952
Indore Vijay Nagar,NORTH,AVANTA,FRAME,SHEET|FULL|AVIATOR,MALE,1090,,,SYS79720,,1090,FREE,SYS79720,AV 0039 - Avanta - Male - Demi - 54 - Full Frame - Aviator - Sheet,0,1,1,REPLENISH,1,3,0,99661,99650
Delhi Rajouri Garden,NORTH,OMBRA,SUNGLASS,SHEET|FULL|SQUARE,MALE,1190,,,SYS166438,,1190,FREE,SYS166438,OB 6247P - OMBRA - Male - C3 - 50 - Sunglass - Square - Sheet,0,1,1,REPLENISH,1,6,0,99985,99971
Delhi Preet Vihar Vikas Marg,NORTH,RAYBAN,FRAME,SHEET|FULL|SQUARE,MALE,7390,,,SYS111502,,7390,FREE,SYS111502,RX7239 - Rayban - Male - 2000 - 54 - Full Frame - Square - Sheet,0,1,1,REPLENISH,1,1,0,99971,99965
Delhi Preet Vihar Vikas Marg,NORTH,RAYBAN,FRAME,SHEET|FULL|RECTANGLE,MALE,6290,,,SYS111496,,6290,FREE,SYS111496,RX5389I - Rayban - Male - 8371 - 54 - Full Frame - Rectangle - Sheet,0,1,1,REPLENISH,1,2,0,99971,99965
Varanasi Mahmoorganj,NORTH,AVANTA,FRAME,SHEET|FULL|CAT EYE,FEMALE,1190,,,SYS158410,,1190,FREE,SYS158410,AV 0072HD - Avanta - Female - Purple - 51 - Full Frame - Cat Eye - Sheet,0,1,1,REPLENISH,1,77,0,99579,99484
Varanasi Mahmoorganj,NORTH,AVANTA,FRAME,SHEET|FULL|CAT EYE,FEMALE,1190,,,SYS158408,,1190,FREE,SYS158408,AV 0072HD - Avanta - Female - Black - 51 - Full Frame - Cat Eye - Sheet,0,1,1,REPLENISH,1,83,0,99579,99484
Varanasi Mahmoorganj,NORTH,AVANTA,FRAME,SHEET|FULL|RECTANGLE,MALE,1190,,,SYS158390,,1190,FREE,SYS158390,AV 0065 - Avanta - Male - Transparent - 52 - Full Frame - Rectangle - Sheet,0,1,1,REPLENISH,1,79,0,99579,99484
Varanasi Mahmoorganj,NORTH,AVANTA,FRAME,SHEET|FULL|RECTANGLE,MALE,1190,,,SYS158378,,1190,FREE,SYS158378,AV 0061 - Avanta - Male - Black - 53 - Full Frame - Rectangle - Sheet,0,1,1,REPLENISH,1,157,0,99579,99484
Delhi Rohini Ring Road Mall,NORTH,RAYBAN,FRAME,SHEET|FULL|SQUARE,MALE,5490,,,SYS88901,,5490,FREE,SYS88901,RX7027I - Rayban - Male - 2001 - 54 - Full Frame - Square - Sheet,0,1,1,REPLENISH,1,1,0,99969,99968
Varanasi Mahmoorganj,NORTH,AVANTA KIDS,FRAME,PEDIATRIC|FULL|RECTANGLE,KIDS,1690,,,SYS116832,,1690,FREE,SYS116832,AV BY96001 - Avanta Kids - Kids - C7 - 48 - Full Frame - Rectangle - Pediatric,0,1,1,REPLENISH,1,1,0,99950,99949
Delhi Rohini Ring Road Mall,NORTH,RAYBAN JUNIOR,FRAME,SHEET|FULL|RECTANGLE,KIDS,3790,,,SYS88926,,3790,FREE,SYS88926,RY1621 - Rayban Junior - Kids - 3928 - 47 - Full Frame - Rectangle - Sheet,0,1,1,REPLENISH,1,2,0,99992,99988
Varanasi Mahmoorganj,NORTH,AVANTA,FRAME,SHEET|FULL|CAT EYE,FEMALE,1190,,,SYS158412,,1190,FREE,SYS158412,AV 0072HD - Avanta - Female - Trans/Brown - 51 - Full Frame - Cat Eye - Sheet,1,1,2,REPLENISH,1,56,0,99579,99484
Varanasi Mahmoorganj,NORTH,AVANTA,FRAME,SHEET|FULL|ROUND,UNISEX,1190,,,SYS158415,,1190,FREE,SYS158415,AV 0068HD - Avanta - Unisex - Transparent - 48 - Full Frame - Round - Sheet,0,1,1,REPLENISH,1,92,0,99579,99484
Varanasi Mahmoorganj,NORTH,AVANTA,FRAME,SHEET|FULL|ROUND,UNISEX,1190,,,SYS158416,,1190,FREE,SYS158416,AV 0068HD - Avanta - Unisex - D/Green - 48 - Full Frame - Round - Sheet,0,1,1,REPLENISH,1,27,0,99579,99484
Varanasi Mahmoorganj,NORTH,AVANTA,FRAME,SHEET|FULL|ROUND,UNISEX,1190,,,SYS158413,,1190,FREE,SYS158413,AV 0068HD - Avanta - Unisex - Black - 48 - Full Frame - Round - Sheet,0,1,1,REPLENISH,1,87,0,99579,99484
Varanasi Mahmoorganj,NORTH,AVANTA,FRAME,SHEET|FULL|ROUND,UNISEX,1190,,,SYS158417,,1190,FREE,SYS158417,AV 0068HD - Avanta - Unisex - Trans/Purple - 48 - Full Frame - Round - Sheet,1,1,2,REPLENISH,1,63,0,99579,99484
Panvel Laxmi Eye,WEST,AVANTA,FRAME,SHEET|FULL|ROUND,UNISEX,1190,,,SYS158425,,1190,FREE,SYS158425,AV 0071HD - Avanta - Unisex - Trans/Pink - 47 - Full Frame - Round - Sheet,0,1,1,REPLENISH,2,1,0,99454,96355
Panvel Laxmi Eye,WEST,AVANTA,FRAME,SHEET|FULL|ROUND,UNISEX,1190,,,SYS158426,,1190,FREE,SYS158426,AV 0071HD - Avanta - Unisex - Transparent - 47 - Full Frame - Round - Sheet,0,1,1,REPLENISH,1,2,0,99454,96355
Panvel Laxmi Eye,WEST,AVANTA,FRAME,SHEET|FULL|ROUND,UNISEX,1190,,,SYS158423,,1190,FREE,SYS158423,AV 0071HD - Avanta - Unisex - Black - 47 - Full Frame - Round - Sheet,0,2,2,REPLENISH,2,2,0,99454,96355
Panvel Laxmi Eye,WEST,AVANTA,FRAME,SHEET|FULL|ROUND,UNISEX,1190,,,SYS158424,,1190,FREE,SYS158424,AV 0071HD - Avanta - Unisex - D/Wine - 47 - Full Frame - Round - Sheet,1,1,2,REPLENISH,1,4,0,99454,96355
Kamothe Laxmi Eye,WEST,AVANTA,FRAME,SHEET|FULL|RECTANGLE,MALE,1490,,,SYS140237,,1490,FREE,SYS140237,AV 0045 - Avanta - Male - Grey - 54 - Full Frame - Rectangle - Sheet,0,1,1,REPLENISH,1,1,0,99673,99664
Panvel Laxmi Eye,WEST,AVANTA,FRAME,SHEET|FULL|CAT EYE,FEMALE,1190,,,SYS158408,,1190,FREE,SYS158408,AV 0072HD - Avanta - Female - Black - 51 - Full Frame - Cat Eye - Sheet,0,1,1,REPLENISH,1,83,0,99454,96355
Panvel Laxmi Eye,WEST,AVANTA,FRAME,SHEET|FULL|RECTANGLE,MALE,1190,,,SYS158405,,1190,FREE,SYS158405,AV 0070HD - Avanta - Male - D/Grey - 54 - Full Frame - Rectangle - Sheet,0,1,1,REPLENISH,2,1,0,99454,96355
Panvel Laxmi Eye,WEST,AVANTA,FRAME,SHEET|FULL|CAT EYE,FEMALE,1190,,,SYS158409,,1190,FREE,SYS158409,AV 0072HD - Avanta - Female - Trans/Pink - 51 - Full Frame - Cat Eye - Sheet,0,2,2,REPLENISH,2,101,0,99454,96355
Panvel Laxmi Eye,WEST,AVANTA,FRAME,SHEET|FULL|CAT EYE,FEMALE,1190,,,SYS158410,,1190,FREE,SYS158410,AV 0072HD - Avanta - Female - Purple - 51 - Full Frame - Cat Eye - Sheet,1,1,2,REPLENISH,1,77,0,99454,96355
Panvel Laxmi Eye,WEST,AVANTA,FRAME,SHEET|FULL|RECTANGLE,MALE,1190,,,SYS158403,,1190,FREE,SYS158403,AV 0070HD - Avanta - Male - Black - 54 - Full Frame - Rectangle - Sheet,0,1,1,REPLENISH,2,1,0,99454,96355
Panvel Laxmi Eye,WEST,AVANTA,FRAME,SHEET|FULL|CAT EYE,FEMALE,1190,,,SYS158419,,1190,FREE,SYS158419,AV 0066 - Avanta - Female - D/Brown - 53 - Full Frame - Cat Eye - Sheet,0,1,1,REPLENISH,1,15,0,99454,96355
Panvel Laxmi Eye,WEST,AVANTA,FRAME,SHEET|FULL|CAT EYE,FEMALE,1190,,,SYS158412,,1190,FREE,SYS158412,AV 0072HD - Avanta - Female - Trans/Brown - 51 - Full Frame - Cat Eye - Sheet,0,1,1,REPLENISH,1,56,0,99454,96355
Panvel Laxmi Eye,WEST,AVANTA,FRAME,SHEET|FULL|ROUND,UNISEX,1190,,,SYS158413,,1190,FREE,SYS158413,AV 0068HD - Avanta - Unisex - Black - 48 - Full Frame - Round - Sheet,0,2,2,REPLENISH,2,87,0,99454,96355
Panvel Laxmi Eye,WEST,AVANTA,FRAME,SHEET|FULL|CAT EYE,FEMALE,1190,,,SYS158411,,1190,FREE,SYS158411,AV 0072HD - Avanta - Female - Blue - 51 - Full Frame - Cat Eye - Sheet,0,2,2,REPLENISH,3,80,0,99454,96355
Panvel Laxmi Eye,WEST,AVANTA,FRAME,SHEET|FULL|ROUND,UNISEX,1190,,,SYS158416,,1190,FREE,SYS158416,AV 0068HD - Avanta - Unisex - D/Green - 48 - Full Frame - Round - Sheet,0,1,1,REPLENISH,1,27,0,99454,96355
Panvel Laxmi Eye,WEST,AVANTA,FRAME,SHEET|FULL|ROUND,UNISEX,1190,,,SYS158414,,1190,FREE,SYS158414,AV 0068HD - Avanta - Unisex - D/Wine - 48 - Full Frame - Round - Sheet,0,1,1,REPLENISH,1,100,0,99454,96355
Panvel Laxmi Eye,WEST,AVANTA,FRAME,SHEET|FULL|ROUND,UNISEX,1190,,,SYS158415,,1190,FREE,SYS158415,AV 0068HD - Avanta - Unisex - Transparent - 48 - Full Frame - Round - Sheet,0,2,2,REPLENISH,2,92,0,99454,96355
Panvel Laxmi Eye,WEST,AVANTA,FRAME,SHEET|FULL|RECTANGLE,MALE,1190,,,SYS158378,,1190,FREE,SYS158378,AV 0061 - Avanta - Male - Black - 53 - Full Frame - Rectangle - Sheet,0,1,1,REPLENISH,1,157,0,99454,96355
Panvel Laxmi Eye,WEST,AVANTA,FRAME,SHEET|FULL|RECTANGLE,MALE,1190,,,SYS158379,,1190,FREE,SYS158379,AV 0061 - Avanta - Male - D/Brown - 53 - Full Frame - Rectangle - Sheet,0,2,2,REPLENISH,2,129,0,99454,96355
Panvel Laxmi Eye,WEST,AVANTA,FRAME,SHEET|FULL|RECTANGLE,MALE,1190,,,SYS158404,,1190,FREE,SYS158404,AV 0070HD - Avanta - Male - D/Brown - 54 - Full Frame - Rectangle - Sheet,0,1,1,REPLENISH,1,18,0,99454,96355
Panvel Laxmi Eye,WEST,AVANTA,FRAME,SHEET|FULL|RECTANGLE,MALE,1190,,,SYS158391,,1190,FREE,SYS158391,AV 0065 - Avanta - Male - D/Blue - 52 - Full Frame - Rectangle - Sheet,0,1,1,REPLENISH,1,61,0,99454,96355
Panvel Laxmi Eye,WEST,AVANTA,FRAME,SHEET|FULL|SQUARE,MALE,1190,,,SYS158398,,1190,FREE,SYS158398,AV 0069HD - Avanta - Male - Black - 52 - Full Frame - Square - Sheet,0,1,1,REPLENISH,1,1,0,99454,96355
Panvel Laxmi Eye,WEST,AVANTA,FRAME,SHEET|FULL|SQUARE,MALE,1190,,,SYS158399,,1190,FREE,SYS158399,AV 0069HD - Avanta - Male - D/Brown - 52 - Full Frame - Square - Sheet,0,1,1,REPLENISH,2,1,0,99454,96355
Bhopal Hoshangabad Road,WEST,AVANTA,FRAME,METAL|HALF|RECTANGLE,FEMALE,990,,,SYS163555,,990,FREE,SYS163555,AV 202438 - Avanta - Female - Blue/Gun - 48 - Half Frame - Rectangle - Metal,0,2,2,REPLENISH,2,6,0,99729,99695
Noida Spectrum Mall,NORTH,AVANTA,FRAME,TR|FULL|RECTANGLE,MALE,990,,,SYS162704,,990,FREE,SYS162704,AV MB05/07 - Avanta - Male - C09B - 46 - Full Frame - Rectangle - TR,0,1,1,REPLENISH,1,1,0,99715,99664
Hyderabad Hayathnagar,SOUTH,AVANTA,FRAME,SHEET|FULL|SQUARE,MALE,1190,,,SYS162647,,1190,FREE,SYS162647,AV 0063 - Avanta - Male - Trans/Blue - 51 - Full Frame - Square - Sheet,0,1,1,REPLENISH,1,55,0,99658,99640
Hyderabad Hayathnagar,SOUTH,AVANTA,FRAME,SHEET|FULL|SQUARE,MALE,1190,,,SYS162646,,1190,FREE,SYS162646,AV 0063 - Avanta - Male - D/Brown - 51 - Full Frame - Square - Sheet,0,1,1,REPLENISH,1,79,0,99658,99640
Kamothe Laxmi Eye,WEST,ADMYRA,FRAME,SHEET|FULL|RECTANGLE,MALE,2190,,,SYS139936,,2190,FREE,SYS139936,AM 113 - Admyra - Male - D/Grey - 52 - Full Frame - Rectangle - Sheet,0,1,1,REPLENISH,1,16,0,99844,99843
Noida GaurCity,NORTH,ADMYRA,FRAME,SHEET|FULL|SQUARE,MALE,2190,,,SYS142676,,2190,FREE,SYS142676,AM 109 - Admyra - Male - D/Green - 53 - Full Frame - Square - Sheet,1,1,2,REPLENISH,1,5,0,99651,99639
Noida GaurCity,NORTH,VOGUE,SUNGLASS,METAL|FULL|CAT EYE,FEMALE,5890,,,SYS144844,,5890,FREE,SYS144844,VO4330S - Vogue - Female - 848/8E - 56 - Sunglass - Cat Eye - Metal,0,1,1,REPLENISH,1,1,0,99968,99932
Ranchi Kutchery Road,EAST,ADMYRA,FRAME,SHEET|FULL|CAT EYE,FEMALE,2990,,,SYS115306,,2990,FREE,SYS115306,AM 101 - Admyra - Female - Purple - 53 - Full Frame - Cat Eye - Sheet,1,1,2,REPLENISH,1,26,0,99717,99714
Rewari Sector 5,NORTH,AVANTA,FRAME,METAL|FULL|SQUARE,MALE,990,,,SYS164812,,990,FREE,SYS164812,AV 7412205 - Avanta - Male - Silver - 51 - Full Frame - Square - Metal,0,1,1,REPLENISH,1,9,0,99531,99518
Surat City Light Road,WEST,AVANTA,FRAME,METAL|SUPRA|RECTANGLE,MALE,890,,,SYS148040,,890,FREE,SYS148040,AV 31001 - Avanta - Male - Gun - 51 - Supra - Rectangle - Metal,0,1,1,REPLENISH,1,13,0,99784,99782
Gurgaon Dhanak Basti New Railway Road,NORTH,AVANTA,FRAME,SHEET|FULL|SQUARE,MALE,1090,,,SYS78003,,1090,FREE,SYS78003,AV 0041 - Avanta - Male - Black - 52 - Full Frame - Square - Sheet,0,1,1,REPLENISH,1,1,0,99731,99678
Hisar Sec 14,NORTH,AVANTA,FRAME,TR|FULL|RECTANGLE,MALE,990,,,SYS167102,,990,FREE,SYS167102,AV 250984 - Avanta - Male - C6 - 48 - Full Frame - Rectangle - TR,0,1,1,REPLENISH,1,3,0,99684,99678
Noida MOI,NORTH,RAYBAN,SUNGLASS,METAL|FULL|SQUARE,MALE,11690,,,SYS162424,,11690,FREE,SYS162424,RB3588 - Rayban - Male - 90548G - 55 - Sunglass - Square - Metal,0,1,1,REPLENISH,1,5,0,99878,99812
Noida MOI,NORTH,RAYBAN,SUNGLASS,SHEET|FULL|WAYFARER,MALE,11790,,,SYS162417,,11790,FREE,SYS162417,RB2140 - Rayban - Male - 901 - 50 - Sunglass - Wayfarer - Sheet,0,1,1,REPLENISH,1,3,0,99878,99812
Noida MOI,NORTH,RAYBAN,SUNGLASS,SHEET|FULL|WAYFARER,MALE,10590,,,SYS162421,,10590,FREE,SYS162421,RB4165 - Rayban - Male - 601/8G - 55 - Sunglass - Wayfarer - Sheet,1,1,2,REPLENISH,1,1,0,99878,99812
Noida MOI,NORTH,RAYBAN,SUNGLASS,SHEET|FULL|CAT EYE,FEMALE,11790,,,SYS162416,,11790,FREE,SYS162416,RB2221 - Rayban - Female - 902/31 - 53 - Sunglass - Cat Eye - Sheet,0,1,1,REPLENISH,1,2,0,99878,99812
Panvel Laxmi Eye,WEST,AVANTA KIDS,FRAME,PEDIATRIC|FULL|ROUND,KIDS,1690,,,SYS116806,,1690,FREE,SYS116806,AV BY96000 - Avanta Kids - Kids - C1 - 44 - Full Frame - Round - Pediatric,0,1,1,REPLENISH,1,7,0,99853,99519
Panvel Laxmi Eye,WEST,AVANTA KIDS,FRAME,PEDIATRIC|FULL|ROUND,KIDS,1690,,,SYS116817,,1690,FREE,SYS116817,AV BY96006 - Avanta Kids - Kids - C5 - 46 - Full Frame - Round - Pediatric,1,1,2,REPLENISH,1,4,0,99853,99519
Panvel Laxmi Eye,WEST,AVANTA KIDS,FRAME,PEDIATRIC|FULL|ROUND,KIDS,1690,,,SYS116802,,1690,FREE,SYS116802,AV BY96000 - Avanta Kids - Kids - C7 - 44 - Full Frame - Round - Pediatric,0,1,1,REPLENISH,1,2,0,99853,99519
Panvel Laxmi Eye,WEST,AVANTA,FRAME,SHEET|FULL|CAT EYE,FEMALE,1190,,,SYS158493,,1190,FREE,SYS158493,AV 0074 - Avanta - Female - D/Brown - 51 - Full Frame - Cat Eye - Sheet,1,1,2,REPLENISH,2,5,0,99454,96355
Panvel Laxmi Eye,WEST,AVANTA,FRAME,SHEET|FULL|CAT EYE,FEMALE,1190,,,SYS158491,,1190,FREE,SYS158491,AV 0074 - Avanta - Female - Black - 51 - Full Frame - Cat Eye - Sheet,1,1,2,REPLENISH,1,4,0,99454,96355
Panvel Laxmi Eye,WEST,AVANTA,FRAME,SHEET|FULL|RECTANGLE,MALE,1190,,,SYS158502,,1190,FREE,SYS158502,AV 0073 - Avanta - Male - D/Brown - 54 - Full Frame - Rectangle - Sheet,0,1,1,REPLENISH,1,2,0,99454,96355
Panvel Laxmi Eye,WEST,AVANTA,FRAME,SHEET|FULL|CAT EYE,FEMALE,1190,,,SYS158495,,1190,FREE,SYS158495,AV 0074 - Avanta - Female - Teal - 51 - Full Frame - Cat Eye - Sheet,0,1,1,REPLENISH,1,10,0,99454,96355
Noida MOI,NORTH,VOGUE,FRAME,SHEET|FULL|CAT EYE,FEMALE,5590,,,SYS162352,,5590,FREE,SYS162352,VO5676 - Vogue - Female - 2966 - 51 - Full Frame - Cat Eye - Sheet,0,1,1,REPLENISH,1,1,0,99979,99978
Noida MOI,NORTH,RAYBAN,FRAME,SHEET|FULL|SQUARE,MALE,5990,,,SYS72192,,5990,FREE,SYS72192,RX5420I - Rayban - Male - 2000 - 53 - Full Frame - Square - Sheet,1,1,2,REPLENISH,1,1,0,99950,99907
Noida MOI,NORTH,GUCCI,SUNGLASS,SHEET|FULL|WAYFARER,MALE,24500,,,SYS161580,,24500,FREE,SYS161580,GG1868S - Gucci - Male - 004 - 53 - Sunglass - Wayfarer - Sheet,1,1,2,REPLENISH,1,1,0,99951,99940
Panvel Laxmi Eye,WEST,AVANTA,FRAME,METAL|SUPRA|SQUARE,MALE,1190,,,SYS159358,,1190,FREE,SYS159358,AV TH33006 - Avanta - Male - Grey - 52 - Supra - Square - Metal,0,1,1,REPLENISH,1,1,0,99454,96355
Delhi Dwarka Sec 09,NORTH,AVANTA,FRAME,TR|FULL|ROUND,MALE,990,,,SYS144657,,990,FREE,SYS144657,AV 18887 - Avanta - Male - MT.D/Blue - 50 - Full Frame - Round - TR,0,1,1,REPLENISH,1,1,0,99623,99603
Delhi Dwarka Sec 09,NORTH,VERSACE,FRAME,SHEET|FULL|CAT EYE,FEMALE,18990,,,SYS88754,,18990,FREE,SYS88754,VE3334 - Versace - Female - 5220 - 53 - Full Frame - Cat Eye - Sheet,1,1,2,REPLENISH,1,1,0,99987,99980
Delhi Dwarka Sec 09,NORTH,VOGUE JUNIOR,FRAME,SHEET|FULL|CAT EYE,KIDS,4490,,,SYS144750,,4490,FREE,SYS144750,VY2034 - Vogue Junior - Kids - 3022 - 51 - Full Frame - Cat Eye - Sheet,0,1,1,REPLENISH,1,1,0,99990,99981
Ghaziabad RDC,NORTH,TOMMY HILFIGER,SUNGLASS,SHEET|FULL|SQUARE,MALE,10490,,,SYS165786,,10490,FREE,SYS165786,TH 2657 - Tommy Hilfiger - Male - C5 - 57 - Sunglass - Square - Sheet,0,1,1,REPLENISH,1,1,0,99970,99965
Karnal Model Town,NORTH,AVANTA,FRAME,SHEET|FULL|SQUARE,MALE,1190,,,SYS162645,,1190,FREE,SYS162645,AV 0063 - Avanta - Male - Black - 51 - Full Frame - Square - Sheet,0,1,1,REPLENISH,1,121,0,99593,99171
Warangal Hanamkonda Kakathiya,SOUTH,AVANTA,FRAME,METAL|SUPRA|RECTANGLE,MALE,590,,,SYS164957,,590,FREE,SYS164957,AV 12899 - Avanta - Male - Black - 51 - Supra - Rectangle - Metal,0,1,1,REPLENISH,1,2,0,99226,96995
Warangal Hanamkonda Kakathiya,SOUTH,AVANTA,FRAME,METAL|SUPRA|RECTANGLE,MALE,590,,,SYS164959,,590,FREE,SYS164959,AV 12902 - Avanta - Male - Gold - 50 - Supra - Rectangle - Metal,0,1,1,REPLENISH,1,1,0,99226,96995
Warangal Hanamkonda Kakathiya,SOUTH,AVANTA,FRAME,METAL|SUPRA|RECTANGLE,MALE,590,,,SYS164962,,590,FREE,SYS164962,AV 12902 - Avanta - Male - Copper - 50 - Supra - Rectangle - Metal,0,1,1,REPLENISH,1,3,0,99226,96995
Warangal Hanamkonda Kakathiya,SOUTH,AVANTA,FRAME,METAL|FULL|RECTANGLE,MALE,590,,,SYS164963,,590,FREE,SYS164963,AV 12903 - Avanta - Male - Gun - 51 - Full Frame - Rectangle - Metal,0,1,1,REPLENISH,1,5,0,99226,96995
Warangal Hanamkonda Kakathiya,SOUTH,AVANTA,FRAME,METAL|SUPRA|RECTANGLE,MALE,590,,,SYS164970,,590,FREE,SYS164970,AV 12896 - Avanta - Male - Copper - 51 - Supra - Rectangle - Metal,2,0,2,REPLENISH,2,2,0,99226,96995
Warangal Hanamkonda Kakathiya,SOUTH,AVANTA,FRAME,TR|FULL|SQUARE,MALE,990,,,SYS165094,,990,FREE,SYS165094,AV 202533 - Avanta - Male - MT.D/Grey - 52 - Full Frame - Square - TR,0,1,1,REPLENISH,1,6,0,99226,96995
LAJPAT NAGAR,NORTH,AVANTA,FRAME,SHEET|FULL|RECTANGLE,MALE,1190,,,SYS158381,,1190,FREE,SYS158381,AV 0061 - Avanta - Male - Trans/Grey - 53 - Full Frame - Rectangle - Sheet,0,1,1,REPLENISH,1,138,0,99853,99850
LAJPAT NAGAR,NORTH,AVANTA,FRAME,SHEET|FULL|ROUND,UNISEX,1190,,,SYS158414,,1190,FREE,SYS158414,AV 0068HD - Avanta - Unisex - D/Wine - 48 - Full Frame - Round - Sheet,0,1,1,REPLENISH,1,100,0,99853,99850
Warangal Hanamkonda Kakathiya,SOUTH,AVANTA,FRAME,METAL|FULL|SQUARE,MALE,990,,,SYS164821,,990,FREE,SYS164821,AV 7412209 - Avanta - Male - Gold/Blk - 51 - Full Frame - Square - Metal,0,1,1,REPLENISH,1,1,0,99226,96995
Warangal Hanamkonda Kakathiya,SOUTH,AVANTA,FRAME,METAL|SUPRA|RECTANGLE,MALE,590,,,SYS164842,,590,FREE,SYS164842,AV 25035524 - Avanta - Male - Copper - 48 - Supra - Rectangle - Metal,0,1,1,REPLENISH,1,1,0,99226,96995
Ajmer Ramganj,WEST,AVANTA,FRAME,TR|FULL|SQUARE,MALE,990,,,SYS163460,,990,FREE,SYS163460,AV D004 - Avanta - Male - Black - 52 - Full Frame - Square - TR,0,1,1,REPLENISH,1,1,0,99841,99728
Delhi Dwarka Sec 09,NORTH,ADMYRA,FRAME,SHEET|FULL|SQUARE,MALE,2190,,,SYS142676,,2190,FREE,SYS142676,AM 109 - Admyra - Male - D/Green - 53 - Full Frame - Square - Sheet,0,1,1,REPLENISH,1,5,0,99784,99640
Warangal Hanamkonda Kakathiya,SOUTH,AVANTA,FRAME,METAL|SUPRA|RECTANGLE,MALE,590,,,SYS164866,,590,FREE,SYS164866,AV 25035528 - Avanta - Male - Copper - 49 - Supra - Rectangle - Metal,0,1,1,REPLENISH,1,1,0,99226,96995
Delhi Dwarka Sec 09,NORTH,ADMYRA,FRAME,SHEET|FULL|SQUARE,MALE,2190,,,SYS142677,,2190,FREE,SYS142677,AM 109 - Admyra - Male - D/Brown - 53 - Full Frame - Square - Sheet,0,1,1,REPLENISH,1,23,0,99784,99640
Delhi Dwarka Sec 09,NORTH,ADMYRA,FRAME,SHEET|FULL|SQUARE,MALE,2190,,,SYS142673,,2190,FREE,SYS142673,AM 109 - Admyra - Male - Black - 53 - Full Frame - Square - Sheet,0,1,1,REPLENISH,1,26,0,99784,99640
Ajmer Ramganj,WEST,AVANTA,FRAME,METAL|HALF|RECTANGLE,MALE,1790,,,SYS117020,,1790,FREE,SYS117020,AV 56115 - Avanta - Male - C4 - 53 - Half Frame - Rectangle - Metal,1,1,2,REPLENISH,1,2,0,99841,99728
Warangal Hanamkonda Kakathiya,SOUTH,AVANTA,FRAME,METAL|HALF|RECTANGLE,MALE,1590,,,SYS165390,,1590,FREE,SYS165390,AV 56096 - Avanta - Male - C4 - 51 - Half Frame - Rectangle - Metal,0,1,1,REPLENISH,1,2,0,99226,96995
Ajmer Ramganj,WEST,AVANTA,FRAME,METAL|HALF|RECTANGLE,FEMALE,990,,,SYS163547,,990,FREE,SYS163547,AV 202434 - Avanta - Female - Blue/Gun - 48 - Half Frame - Rectangle - Metal,0,1,1,REPLENISH,1,1,0,99841,99728
Ajmer Ramganj,WEST,AVANTA,FRAME,METAL|SUPRA|RECTANGLE,MALE,790,,,SYS163624,,790,FREE,SYS163624,AV 56803 - Avanta - Male - MT.Blk - 52 - Supra - Rectangle - Metal,0,1,1,REPLENISH,1,2,0,99841,99728
Indore Vijay Nagar,NORTH,AVANTA,FRAME,TR|FULL|SQUARE,MALE,990,,,SYS166959,,990,FREE,SYS166959,AV TB6041 - Avanta - Male - C1/5 - 51 - Full Frame - Square - TR,0,1,1,REPLENISH,1,13,0,99661,99650
Jammu BC Road Rehari Chungi,NORTH,AVANTA,FRAME,TR|FULL|SQUARE,UNISEX,790,,,SYS166720,,790,FREE,SYS166720,AV 77081 - Avanta - Unisex - Black - 48 - Full Frame - Square - TR,0,1,1,REPLENISH,1,3,0,99763,99690
Warangal Hanamkonda Kakathiya,SOUTH,AVANTA,FRAME,METAL|FULL|SQUARE,MALE,1790,,,SYS165489,,1790,FREE,SYS165489,AV 7241 - Avanta - Male - C2 - 53 - Full Frame - Square - Metal,0,1,1,REPLENISH,1,4,0,99226,96995
Delhi Preet Vihar Vikas Marg,NORTH,AVANTA,FRAME,METAL|FULL|RECTANGLE,MALE,690,,,SYS113128,,690,FREE,SYS113128,AV 31004 - Avanta - Male - Blue - 48 - Full Frame - Rectangle - Metal,0,1,1,REPLENISH,1,2,0,99641,99537
Delhi Rajouri Garden,NORTH,AVANTA,FRAME,METAL|FULL|SQUARE,MALE,1190,,,SYS164723,,1190,FREE,SYS164723,AV PB005 - Avanta - Male - Gold - 52 - Full Frame - Square - Metal,0,1,1,REPLENISH,1,12,0,99860,99846
Karnal Model Town,NORTH,ADMYRA,FRAME,SHEET|FULL|SQUARE,MALE,2490,,,SYS162290,,2490,FREE,SYS162290,AM 0128 - Admyra - Male - D/Green - 55 - Full Frame - Square - Sheet,2,0,2,REPLENISH,1,4,0,99837,99833
Karnal Model Town,NORTH,ADMYRA,FRAME,SHEET|FULL|CAT EYE,FEMALE,2790,,,SYS162318,,2790,FREE,SYS162318,AM 0133 - Admyra - Female - D/Brown - 53 - Full Frame - Cat Eye - Sheet,1,1,2,REPLENISH,1,51,0,99837,99833
Indore Vijay Nagar,NORTH,ADMYRA,FRAME,SHEET|FULL|CAT EYE,FEMALE,2190,,,SYS139958,,2190,FREE,SYS139958,AM 115 - Admyra - Female - Transparent - 51 - Full Frame - Cat Eye - Sheet,1,1,2,REPLENISH,1,3,0,99716,99712
Indore Vijay Nagar,NORTH,ADMYRA,FRAME,SHEET|FULL|CAT EYE,FEMALE,2190,,,SYS139960,,2190,FREE,SYS139960,AM 115 - Admyra - Female - Trans/Pink - 51 - Full Frame - Cat Eye - Sheet,1,1,2,REPLENISH,1,13,0,99716,99712
Delhi Dwarka Sec 09,NORTH,AVANTA,FRAME,TR|FULL|ROUND,UNISEX,890,,,SYS168474,,890,FREE,SYS168474,AV 87001 - Avanta - Unisex - Transparent - 48 - Full Frame - Round - TR,0,1,1,REPLENISH,1,2,0,99623,99603
Mohali Sector 62,NORTH,GUCCI,SUNGLASS,SHEET|FULL|CAT EYE,FEMALE,15700,,,SYS161590,,15700,FREE,SYS161590,GG1714S - Gucci - Female - 001 - 54 - Sunglass - Cat Eye - Sheet,0,1,1,REPLENISH,1,3,0,99980,99975
Karnal Model Town,NORTH,ADMYRA,FRAME,SHEET|FULL|SQUARE,MALE,2490,,,SYS162286,,2490,FREE,SYS162286,AM 0128 - Admyra - Male - Black - 55 - Full Frame - Square - Sheet,2,0,2,REPLENISH,1,31,0,99837,99833
Varanasi Mahmoorganj,NORTH,ADMYRA,FRAME,SHEET|FULL|SQUARE,MALE,2490,,,SYS67557,,2490,FREE,SYS67557,AM 001 - Admyra - Male - D/Grey - 53 - Full Frame - Square - Sheet,0,1,1,REPLENISH,1,74,0,99749,99745
Mohali Sector 62,NORTH,ADMYRA,FRAME,SHEET|FULL|CAT EYE,FEMALE,2790,,,SYS162307,,2790,FREE,SYS162307,AM 0131 - Admyra - Female - D/Brown - 51 - Full Frame - Cat Eye - Sheet,0,1,1,REPLENISH,1,47,0,99855,99854
Vijayawada Mogalrajpuram,SOUTH,ADMYRA,FRAME,SHEET|FULL|RECTANGLE,MALE,2190,,,SYS139936,,2190,FREE,SYS139936,AM 113 - Admyra - Male - D/Grey - 52 - Full Frame - Rectangle - Sheet,0,1,1,REPLENISH,1,16,0,99882,99876
Vijayawada Mogalrajpuram,SOUTH,ADMYRA,FRAME,SHEET|FULL|CAT EYE,FEMALE,2190,,,SYS139957,,2190,FREE,SYS139957,AM 115 - Admyra - Female - Black - 51 - Full Frame - Cat Eye - Sheet,1,1,2,REPLENISH,1,8,0,99882,99876
Vijayawada Mogalrajpuram,SOUTH,ADMYRA,FRAME,SHEET|FULL|CAT EYE,FEMALE,2190,,,SYS139960,,2190,FREE,SYS139960,AM 115 - Admyra - Female - Trans/Pink - 51 - Full Frame - Cat Eye - Sheet,1,1,2,REPLENISH,1,13,0,99882,99876
Mohali Sector 62,NORTH,RAYBAN,FRAME,TITANIUM|RIMLESS|RECTANGLE,MALE,10390,,,SYS162414,,10390,FREE,SYS162414,RX8781D - Rayban - Male - 1251 - 56 - Rimless - Rectangle - Titanium,0,1,1,REPLENISH,1,2,0,99965,99964
Greater Noida West Nirala Estate,NORTH,ADMYRA,FRAME,SHEET|FULL|SQUARE,MALE,2190,,,SYS142676,,2190,FREE,SYS142676,AM 109 - Admyra - Male - D/Green - 53 - Full Frame - Square - Sheet,0,1,1,REPLENISH,1,5,0,99839,99788
Noida Spectrum Mall,NORTH,AVANTA,FRAME,SHEET|FULL|SQUARE,MALE,1190,,,SYS162647,,1190,FREE,SYS162647,AV 0063 - Avanta - Male - Trans/Blue - 51 - Full Frame - Square - Sheet,0,1,1,REPLENISH,1,55,0,99715,99664
Ghaziabad Nehru Nagar,NORTH,AVANTA,FRAME,METAL|SUPRA|RECTANGLE,MALE,890,,,SYS148043,,890,FREE,SYS148043,AV 31001 - Avanta - Male - Copper - 51 - Supra - Rectangle - Metal,0,1,1,REPLENISH,1,7,0,99771,99754
Kamothe Laxmi Eye,WEST,AVANTA,FRAME,SHEET|FULL|CAT EYE,FEMALE,1490,,,SYS121573,,1490,FREE,SYS121573,AV 0043 - Avanta - Female - Wine - 53 - Full Frame - Cat Eye - Sheet,0,1,1,REPLENISH,1,2,0,99673,99664
Delhi Rajouri Garden,NORTH,AVANTA KIDS,FRAME,PEDIATRIC|FULL|ROUND,KIDS,1190,,,SYS165279,,1190,FREE,SYS165279,AV 1502 - Avanta Kids - Kids - C2 - 45 - Full Frame - Round - Pediatric,0,1,1,REPLENISH,1,1,0,99928,99849
Vijayawada Mogalrajpuram,SOUTH,AVANTA,FRAME,METAL|FULL|RECTANGLE,MALE,890,,,SYS148049,,890,FREE,SYS148049,AV 31001 - Avanta - Male - Black - 48 - Full Frame - Rectangle - Metal,0,1,1,REPLENISH,1,6,0,99730,99588
Vijayawada Mogalrajpuram,SOUTH,AVANTA,FRAME,METAL|FULL|RECTANGLE,MALE,890,,,SYS148046,,890,FREE,SYS148046,AV 31001 - Avanta - Male - Burgundy - 48 - Full Frame - Rectangle - Metal,0,1,1,REPLENISH,1,4,0,99730,99588
Patiala Randhawa Eye,NORTH,AVANTA KIDS,FRAME,PEDIATRIC|FULL|RECTANGLE,KIDS,1490,,,SYS145073,,1490,FREE,SYS145073,AV L72007 - Avanta Kids - Kids - C3 - 48 - Full Frame - Rectangle - Pediatric,0,1,1,REPLENISH,1,1,0,99947,99946
Ghaziabad RDC,NORTH,GUCCI,SUNGLASS,SHEET|FULL|WAYFARER,MALE,20700,,,SYS144532,,20700,FREE,SYS144532,GG1868S - Gucci - Male - 002 - 53 - Sunglass - Wayfarer - Sheet,1,1,2,REPLENISH,1,2,0,99977,99976
Delhi Vikaspuri Najafgarh Road,NORTH,AVANTA KIDS,FRAME,PEDIATRIC|FULL|ROUND,KIDS,1690,,,SYS116806,,1690,FREE,SYS116806,AV BY96000 - Avanta Kids - Kids - C1 - 44 - Full Frame - Round - Pediatric,0,1,1,REPLENISH,1,7,0,99950,99949
Delhi Vikaspuri Najafgarh Road,NORTH,AVANTA,FRAME,SHEET|FULL|CAT EYE,FEMALE,1190,,,SYS158412,,1190,FREE,SYS158412,AV 0072HD - Avanta - Female - Trans/Brown - 51 - Full Frame - Cat Eye - Sheet,0,1,1,REPLENISH,1,56,0,99822,99813
Delhi Vikaspuri Najafgarh Road,NORTH,AVANTA,FRAME,SHEET|FULL|CAT EYE,FEMALE,1190,,,SYS158411,,1190,FREE,SYS158411,AV 0072HD - Avanta - Female - Blue - 51 - Full Frame - Cat Eye - Sheet,2,0,2,REPLENISH,1,80,0,99822,99813
Delhi Vikaspuri Najafgarh Road,NORTH,AVANTA,FRAME,SHEET|FULL|SQUARE,MALE,1190,,,SYS158370,,1190,FREE,SYS158370,AV 0064 - Avanta - Male - D/Green - 54 - Full Frame - Square - Sheet,0,1,1,REPLENISH,1,68,0,99822,99813
Delhi Vikaspuri Najafgarh Road,NORTH,AVANTA,FRAME,SHEET|FULL|RECTANGLE,MALE,1190,,,SYS158379,,1190,FREE,SYS158379,AV 0061 - Avanta - Male - D/Brown - 53 - Full Frame - Rectangle - Sheet,0,1,1,REPLENISH,1,129,0,99822,99813
Hyderabad Hayathnagar,SOUTH,AVANTA,FRAME,SHEET|FULL|SQUARE,MALE,1090,,,SYS78006,,1090,FREE,SYS78006,AV 0041 - Avanta - Male - Blue - 52 - Full Frame - Square - Sheet,0,1,1,REPLENISH,1,1,0,99658,99640
Gurgaon Dhanak Basti New Railway Road,NORTH,AVANTA,FRAME,METAL|FULL|SQUARE,MALE,890,,,SYS118989,,890,FREE,SYS118989,AV KO131208 - Avanta - Male - Black - 52 - Full Frame - Square - Metal,0,1,1,REPLENISH,1,1,0,99731,99678
Noida Spectrum Mall,NORTH,EMPORIO ARMANI,FRAME,SHEET|FULL|SQUARE,FEMALE,11990,,,SYS78164,,11990,FREE,SYS78164,EA3228 - Emporio Armani - Female - 6057 - 51 - Full Frame - Square - Sheet,0,1,1,REPLENISH,1,1,0,99980,99979
Kolkata AJC Bose Road,EAST,AVANTA,FRAME,SHEET|FULL|ROUND,UNISEX,1190,,,SYS158414,,1190,FREE,SYS158414,AV 0068HD - Avanta - Unisex - D/Wine - 48 - Full Frame - Round - Sheet,0,1,1,REPLENISH,1,100,0,99786,99777
Kolkata AJC Bose Road,EAST,AVANTA,FRAME,SHEET|FULL|ROUND,UNISEX,1190,,,SYS158413,,1190,FREE,SYS158413,AV 0068HD - Avanta - Unisex - Black - 48 - Full Frame - Round - Sheet,0,1,1,REPLENISH,1,87,0,99786,99777
Kolkata AJC Bose Road,EAST,AVANTA,FRAME,SHEET|FULL|CAT EYE,FEMALE,1190,,,SYS158412,,1190,FREE,SYS158412,AV 0072HD - Avanta - Female - Trans/Brown - 51 - Full Frame - Cat Eye - Sheet,0,1,1,REPLENISH,1,56,0,99786,99777
Kolkata AJC Bose Road,EAST,AVANTA,FRAME,SHEET|FULL|ROUND,UNISEX,1190,,,SYS158416,,1190,FREE,SYS158416,AV 0068HD - Avanta - Unisex - D/Green - 48 - Full Frame - Round - Sheet,0,1,1,REPLENISH,1,27,0,99786,99777
Kolkata AJC Bose Road,EAST,AVANTA,FRAME,SHEET|FULL|RECTANGLE,MALE,1190,,,SYS158404,,1190,FREE,SYS158404,AV 0070HD - Avanta - Male - D/Brown - 54 - Full Frame - Rectangle - Sheet,0,1,1,REPLENISH,1,18,0,99786,99777
Kolkata AJC Bose Road,EAST,AVANTA,FRAME,SHEET|FULL|RECTANGLE,MALE,1190,,,SYS158379,,1190,FREE,SYS158379,AV 0061 - Avanta - Male - D/Brown - 53 - Full Frame - Rectangle - Sheet,1,1,2,REPLENISH,1,129,0,99786,99777
Bhopal Hoshangabad Road,WEST,AVANTA,FRAME,SHEET|FULL|SQUARE,UNISEX,1890,,,SYS139946,,1890,FREE,SYS139946,AV 0047 - Avanta - Unisex - Orange - 53 - Full Frame - Square - Sheet,1,1,2,REPLENISH,1,2,0,99729,99695
Bhopal Hoshangabad Road,WEST,AVANTA,FRAME,SHEET|FULL|SQUARE,UNISEX,1890,,,SYS139943,,1890,FREE,SYS139943,AV 0047 - Avanta - Unisex - Teal - 53 - Full Frame - Square - Sheet,0,1,1,REPLENISH,1,1,0,99729,99695
Ranchi Kutchery Road,EAST,AVANTA,FRAME,SHEET|FULL|ROUND,UNISEX,1190,,,SYS158415,,1190,FREE,SYS158415,AV 0068HD - Avanta - Unisex - Transparent - 48 - Full Frame - Round - Sheet,0,1,1,REPLENISH,1,92,0,99599,99572
Ranchi Kutchery Road,EAST,AVANTA,FRAME,SHEET|FULL|ROUND,UNISEX,1190,,,SYS158413,,1190,FREE,SYS158413,AV 0068HD - Avanta - Unisex - Black - 48 - Full Frame - Round - Sheet,0,2,2,REPLENISH,2,87,0,99599,99572
Ranchi Kutchery Road,EAST,AVANTA,FRAME,SHEET|FULL|CAT EYE,FEMALE,1190,,,SYS158409,,1190,FREE,SYS158409,AV 0072HD - Avanta - Female - Trans/Pink - 51 - Full Frame - Cat Eye - Sheet,0,2,2,REPLENISH,2,101,0,99599,99572
Kolkata Madhyamgram,EAST,ADMYRA,FRAME,SHEET|FULL|CAT EYE,FEMALE,2790,,,SYS162307,,2790,FREE,SYS162307,AM 0131 - Admyra - Female - D/Brown - 51 - Full Frame - Cat Eye - Sheet,1,1,2,REPLENISH,1,47,0,99822,99814
Kolkata Madhyamgram,EAST,ADMYRA,FRAME,SHEET|FULL|CAT EYE,FEMALE,2790,,,SYS162313,,2790,FREE,SYS162313,AM 0132 - Admyra - Female - Pink - 52 - Full Frame - Cat Eye - Sheet,0,1,1,REPLENISH,1,39,0,99822,99814
Warangal Hanamkonda Kakathiya,SOUTH,ADMYRA,FRAME,SHEET|FULL|SQUARE,MALE,2190,,,SYS142674,,2190,FREE,SYS142674,AM 109 - Admyra - Male - Grey - 53 - Full Frame - Square - Sheet,1,1,2,REPLENISH,2,5,0,99811,99753
Warangal Hanamkonda Kakathiya,SOUTH,ADMYRA,FRAME,SHEET|FULL|SQUARE,MALE,2190,,,SYS142673,,2190,FREE,SYS142673,AM 109 - Admyra - Male - Black - 53 - Full Frame - Square - Sheet,2,0,2,REPLENISH,2,26,0,99811,99753
Warangal Hanamkonda Kakathiya,SOUTH,AVANTA,FRAME,METAL|SUPRA|RECTANGLE,MALE,690,,,SYS143384,,690,FREE,SYS143384,AV 31004 - Avanta - Male - Black - 51 - Supra - Rectangle - Metal,0,1,1,REPLENISH,1,8,0,99226,96995
Warangal Hanamkonda Kakathiya,SOUTH,AVANTA,FRAME,METAL|SUPRA|RECTANGLE,MALE,690,,,SYS143390,,690,FREE,SYS143390,AV 31004 - Avanta - Male - Gun - 51 - Supra - Rectangle - Metal,0,1,1,REPLENISH,1,11,0,99226,96995
Ghaziabad RDC,NORTH,ADMYRA,FRAME,SHEET|FULL|SQUARE,MALE,2190,,,SYS142676,,2190,FREE,SYS142676,AM 109 - Admyra - Male - D/Green - 53 - Full Frame - Square - Sheet,1,1,2,REPLENISH,1,5,0,99726,99635
Rewari Sector 5,NORTH,AVANTA,FRAME,METAL|FULL|CAT EYE,FEMALE,1190,,,SYS165326,,1190,FREE,SYS165326,AV V115 - Avanta - Female - C2 - 51 - Full Frame - Cat Eye - Metal,0,1,1,REPLENISH,1,2,0,99531,99518
Siliguri Sevoke Road,WEST,AVANTA,FRAME,TR|FULL|RECTANGLE,MALE,990,,,SYS163227,,990,FREE,SYS163227,AV 303036 - Avanta - Male - MT.Blk - 52 - Full Frame - Rectangle - TR,0,1,1,REPLENISH,1,6,0,99542,99467
Badlapur Kulgaon Drishti Eye,WEST,ADMYRA,FRAME,SHEET|FULL|CAT EYE,FEMALE,2790,,,SYS162318,,2790,FREE,SYS162318,AM 0133 - Admyra - Female - D/Brown - 53 - Full Frame - Cat Eye - Sheet,1,1,2,REPLENISH,1,51,0,99877,99834
Indirapuram Shakti Khand Eros Market,NORTH,AVANTA,FRAME,SHEET|FULL|SQUARE,MALE,1190,,,SYS162649,,1190,FREE,SYS162649,AV 0063 - Avanta - Male - Trans/Grey - 51 - Full Frame - Square - Sheet,0,1,1,REPLENISH,1,289,0,99791,99778
Badlapur Kulgaon Drishti Eye,WEST,ADMYRA,FRAME,SHEET|FULL|CAT EYE,FEMALE,2790,,,SYS162306,,2790,FREE,SYS162306,AM 0131 - Admyra - Female - Black - 51 - Full Frame - Cat Eye - Sheet,0,1,1,REPLENISH,1,51,0,99877,99834
Karnal Model Town,NORTH,OMBRA,SUNGLASS,SHEET|FULL|SQUARE,MALE,1190,,,SYS166438,,1190,FREE,SYS166438,OB 6247P - OMBRA - Male - C3 - 50 - Sunglass - Square - Sheet,0,1,1,REPLENISH,1,6,0,99986,99985
Delhi Dwarka Vegas Mall Sec 14,NORTH,BURBERRY,SUNGLASS,SHEET|FULL|SQUARE,FEMALE,22090,,,SYS88772,,22090,FREE,SYS88772,BE4389 - Burberry - Female - 300187 - 55 - Sunglass - Square - Sheet,0,1,1,REPLENISH,1,1,0,99983,99979
Noida MOI,NORTH,EMPORIO ARMANI,SUNGLASS,SHEET|FULL|RECTANGLE,MALE,16290,,,SYS164532,,16290,FREE,SYS164532,EA4253U - Emporio Armani - Male - 501773 - 54 - Sunglass - Rectangle - Sheet,0,1,1,REPLENISH,1,3,0,99971,99947
Noida MOI,NORTH,EMPORIO ARMANI,SUNGLASS,SHEET|FULL|RECTANGLE,MALE,16290,,,SYS164531,,16290,FREE,SYS164531,EA4253U - Emporio Armani - Male - 501765 - 54 - Sunglass - Rectangle - Sheet,0,1,1,REPLENISH,1,3,0,99971,99947
Delhi Preet Vihar Vikas Marg,NORTH,ADMYRA,FRAME,SHEET|FULL|ROUND,UNISEX,2990,,,SYS115313,,2990,FREE,SYS115313,AM 102 - Admyra - Unisex - D/Brown - 49 - Full Frame - Round - Sheet,1,1,2,REPLENISH,1,35,0,99756,99483
Delhi Preet Vihar Vikas Marg,NORTH,ADMYRA,FRAME,SHEET|FULL|ROUND,UNISEX,2990,,,SYS115309,,2990,FREE,SYS115309,AM 102 - Admyra - Unisex - Black - 49 - Full Frame - Round - Sheet,1,1,2,REPLENISH,1,27,0,99756,99483
Warangal Hanamkonda Kakathiya,SOUTH,STEPPER,FRAME,TITANIUM|HALF|RECTANGLE,FEMALE,9130,,,SYS78821,,9130,FREE,SYS78821,SI/3172 - Stepper - Female - F024 - 52 - Half Frame - Rectangle - Titanium,1,1,2,REPLENISH,1,1,0,99974,99973
Indore Sapna Sangeeta Road,NORTH,AVANTA KIDS,FRAME,PEDIATRIC|FULL|ROUND,KIDS,1490,,,SYS145079,,1490,FREE,SYS145079,AV BY96012 - Avanta Kids - Kids - C2 - 45 - Full Frame - Round - Pediatric,0,1,1,REPLENISH,1,1,0,99948,99947
Sikar Police Line Road I Max,WEST,AVANTA,FRAME,METAL|SUPRA|RECTANGLE,MALE,790,,,SYS110928,,790,FREE,SYS110928,AV 31008 - Avanta - Male - Black - 49 - Supra - Rectangle - Metal,0,1,1,REPLENISH,1,5,0,99174,98617
Nashik Navkar Eye,WEST,RAYBAN,FRAME,SHEET|FULL|SQUARE,MALE,5490,,,SYS12270,,5490,FREE,SYS12270,RX7027I - Rayban - Male - 2000 - 54 - Full Frame - Square - Sheet,0,1,1,REPLENISH,1,5,0,99988,99987
Karnal Model Town,NORTH,AVANTA,FRAME,METAL|FULL|SQUARE,FEMALE,1190,,,SYS165359,,1190,FREE,SYS165359,AV 82002 - Avanta - Female - C2 - 51 - Full Frame - Square - Metal,1,1,2,REPLENISH,1,2,0,99593,99171
Karnal Model Town,NORTH,AVANTA,FRAME,SHEET|FULL|RECTANGLE,MALE,1190,,,SYS118320,,1190,FREE,SYS118320,AV 3591 - Avanta - Male - L/Grey - 53 - Full Frame - Rectangle - Sheet,0,1,1,REPLENISH,1,1,0,99593,99171
Delhi Rajouri Garden,NORTH,AVANTA,FRAME,METAL|FULL|OVAL,UNISEX,1290,,,SYS143512,,1290,FREE,SYS143512,AV 18803 - Avanta - Unisex - Gun - 50 - Full Frame - Oval - Metal,0,1,1,REPLENISH,1,1,0,99860,99846
Delhi Rajouri Garden,NORTH,AVANTA,FRAME,METAL|FULL|CAT EYE,FEMALE,990,,,SYS143001,,990,FREE,SYS143001,AV 29002 - Avanta - Female - Copper - 51 - Full Frame - Cat Eye - Metal,0,1,1,REPLENISH,1,1,0,99860,99846
Delhi Dwarka Sec 09,NORTH,AVANTA KIDS,FRAME,PEDIATRIC|FULL|ROUND,KIDS,1490,,,SYS145080,,1490,FREE,SYS145080,AV BY96012 - Avanta Kids - Kids - C3 - 45 - Full Frame - Round - Pediatric,0,1,1,REPLENISH,1,1,0,99927,99725
Delhi Dwarka Sec 09,NORTH,RAYBAN,FRAME,SHEET|FULL|SQUARE,UNISEX,9290,,,SYS144842,,9290,FREE,SYS144842,RX7256 - Rayban - Unisex - 8260 - 53 - Full Frame - Square - Sheet,0,1,1,REPLENISH,1,4,0,99959,99907
Bhiwani Circular Road,NORTH,ADMYRA,FRAME,SHEET|FULL|SQUARE,MALE,2490,,,SYS162305,,2490,FREE,SYS162305,AM 0129 - Admyra - Male - Trans/Brown - 54 - Full Frame - Square - Sheet,1,1,2,REPLENISH,1,1,0,99774,99770
Delhi Dwarka Sec 09,NORTH,VOGUE,FRAME,SHEET|FULL|SQUARE,UNISEX,3390,,,SYS144725,,3390,FREE,SYS144725,VO5645I - Vogue - Unisex - W44 - 54 - Full Frame - Square - Sheet,0,1,1,REPLENISH,1,1,0,99964,99950
Delhi Dwarka Sec 09,NORTH,RAYBAN,FRAME,METAL|SUPRA|RECTANGLE,MALE,5990,,,SYS144887,,5990,FREE,SYS144887,RX6540I - Rayban - Male - 3195 - 53 - Supra - Rectangle - Metal,0,1,1,REPLENISH,1,1,0,99959,99907
Ajmer Ramganj,WEST,AVANTA,FRAME,SHEET|FULL|RECTANGLE,MALE,1690,,,SYS139948,,1690,FREE,SYS139948,AV 0048 - Avanta - Male - Red - 53 - Full Frame - Rectangle - Sheet,0,1,1,REPLENISH,1,2,0,99841,99728
Ajmer Ramganj,WEST,AVANTA,FRAME,SHEET|FULL|RECTANGLE,MALE,1690,,,SYS139947,,1690,FREE,SYS139947,AV 0048 - Avanta - Male - Black - 53 - Full Frame - Rectangle - Sheet,1,1,2,REPLENISH,1,2,0,99841,99728
Delhi Dwarka Vegas Mall Sec 14,NORTH,RAYBAN,FRAME,SHEET|FULL|SQUARE,UNISEX,5990,,,SYS144888,,5990,FREE,SYS144888,RX7249I - Rayban - Unisex - 2001 - 53 - Full Frame - Square - Sheet,0,1,1,REPLENISH,1,1,0,99977,99973
Noida Spectrum Mall,NORTH,ADMYRA,FRAME,TR|FULL|CAT EYE,FEMALE,2190,,,SYS163992,,2190,FREE,SYS163992,AM 9909 - Admyra - Female - C7 - 51 - Full Frame - Cat Eye - TR,0,2,2,REPLENISH,2,2,0,99740,99728
Noida Spectrum Mall,NORTH,ADMYRA,FRAME,TR|FULL|CAT EYE,FEMALE,2190,,,SYS163990,,2190,FREE,SYS163990,AM 9909 - Admyra - Female - C6 - 51 - Full Frame - Cat Eye - TR,0,1,1,REPLENISH,1,2,0,99740,99728
Agra Ashoka Plaza,NORTH,AVANTA,FRAME,SHEET|FULL|RECTANGLE,MALE,1690,,,SYS139951,,1690,FREE,SYS139951,AV 0048 - Avanta - Male - Green - 53 - Full Frame - Rectangle - Sheet,0,1,1,REPLENISH,1,2,0,99786,99605
Delhi Safdarjung Enclave,NORTH,ADMYRA,FRAME,SHEET|FULL|CAT EYE,FEMALE,2990,,,SYS115306,,2990,FREE,SYS115306,AM 101 - Admyra - Female - Purple - 53 - Full Frame - Cat Eye - Sheet,2,0,2,REPLENISH,1,26,0,99885,99597
Delhi Safdarjung Enclave,NORTH,ADMYRA,FRAME,SHEET|FULL|ROUND,UNISEX,2990,,,SYS115310,,2990,FREE,SYS115310,AM 102 - Admyra - Unisex - Transparent - 49 - Full Frame - Round - Sheet,1,1,2,REPLENISH,1,2,0,99885,99597
Delhi Safdarjung Enclave,NORTH,ADMYRA,FRAME,SHEET|FULL|CAT EYE,FEMALE,2990,,,SYS115308,,2990,FREE,SYS115308,AM 101 - Admyra - Female - Trans/Peach - 53 - Full Frame - Cat Eye - Sheet,1,1,2,REPLENISH,1,1,0,99885,99597
Panvel Laxmi Eye,WEST,AVANTA,FRAME,SHEET|FULL|SQUARE,MALE,1190,,,SYS162647,,1190,FREE,SYS162647,AV 0063 - Avanta - Male - Trans/Blue - 51 - Full Frame - Square - Sheet,0,1,1,REPLENISH,1,55,0,99454,96355
Noida Sec 50,NORTH,VOGUE,FRAME,SHEET|FULL|CAT EYE,FEMALE,3390,,,SYS78178,,3390,FREE,SYS78178,VO5533I - Vogue - Female - W44 - 53 - Full Frame - Cat Eye - Sheet,0,1,1,REPLENISH,1,1,0,99967,99966
Kolkata Madhyamgram,EAST,ADMYRA,FRAME,SHEET|FULL|SQUARE,MALE,2490,,,SYS68049,,2490,FREE,SYS68049,AM 010 - Admyra - Male - Black - 56 - Full Frame - Square - Sheet,0,1,1,REPLENISH,1,1,0,99822,99814
Hyderabad Kukatpally Nizampet X Roads,SOUTH,AVANTA,FRAME,TR|FULL|RECTANGLE,MALE,890,,,SYS166786,,890,FREE,SYS166786,AV 270811 - Avanta - Male - Trans/Blk - 51 - Full Frame - Rectangle - TR,0,1,1,REPLENISH,1,3,0,99611,99452
Palwal New Colony,NORTH,AVANTA,FRAME,SHEET|FULL|RECTANGLE,MALE,1190,,,SYS158379,,1190,FREE,SYS158379,AV 0061 - Avanta - Male - D/Brown - 53 - Full Frame - Rectangle - Sheet,0,1,1,REPLENISH,1,129,0,99635,99624
Palwal New Colony,NORTH,AVANTA,FRAME,SHEET|FULL|CAT EYE,FEMALE,1190,,,SYS158412,,1190,FREE,SYS158412,AV 0072HD - Avanta - Female - Trans/Brown - 51 - Full Frame - Cat Eye - Sheet,0,1,1,REPLENISH,1,56,0,99635,99624
Palwal New Colony,NORTH,AVANTA,FRAME,SHEET|FULL|CAT EYE,FEMALE,1190,,,SYS158411,,1190,FREE,SYS158411,AV 0072HD - Avanta - Female - Blue - 51 - Full Frame - Cat Eye - Sheet,0,1,1,REPLENISH,1,80,0,99635,99624
Palwal New Colony,NORTH,AVANTA,FRAME,SHEET|FULL|ROUND,UNISEX,1190,,,SYS158415,,1190,FREE,SYS158415,AV 0068HD - Avanta - Unisex - Transparent - 48 - Full Frame - Round - Sheet,0,1,1,REPLENISH,1,92,0,99635,99624
Palwal New Colony,NORTH,AVANTA,FRAME,SHEET|FULL|ROUND,UNISEX,1190,,,SYS158413,,1190,FREE,SYS158413,AV 0068HD - Avanta - Unisex - Black - 48 - Full Frame - Round - Sheet,0,1,1,REPLENISH,1,87,0,99635,99624
Patiala Randhawa Eye,NORTH,ADMYRA,FRAME,SHEET|FULL|SQUARE,MALE,2190,,,SYS142677,,2190,FREE,SYS142677,AM 109 - Admyra - Male - D/Brown - 53 - Full Frame - Square - Sheet,0,1,1,REPLENISH,1,23,0,99793,99789
LAJPAT NAGAR,NORTH,AVANTA,FRAME,TR|FULL|SQUARE,MALE,690,,,SYS164234,,690,FREE,SYS164234,AV 27024 - Avanta - Male - Trans/pur - 50 - Full Frame - Square - TR,0,1,1,REPLENISH,1,1,0,99853,99850
Panvel Laxmi Eye,WEST,AVANTA,FRAME,TR|FULL|ROUND,UNISEX,990,,,SYS162728,,990,FREE,SYS162728,AV MB07/10 - Avanta - Unisex - C01V - 45 - Full Frame - Round - TR,0,1,1,REPLENISH,1,1,0,99454,96355
Panvel Laxmi Eye,WEST,AVANTA,FRAME,METAL|SUPRA|RECTANGLE,MALE,790,,,SYS162894,,790,FREE,SYS162894,AV C38002 - Avanta - Male - Gun - 49 - Supra - Rectangle - Metal,0,1,1,REPLENISH,1,2,0,99454,96355
Varanasi Mahmoorganj,NORTH,AVANTA,FRAME,SHEET|FULL|SQUARE,MALE,1190,,,SYS162649,,1190,FREE,SYS162649,AV 0063 - Avanta - Male - Trans/Grey - 51 - Full Frame - Square - Sheet,0,1,1,REPLENISH,1,289,0,99579,99484
Noida GaurCity,NORTH,RAYBAN JUNIOR,SUNGLASS,SHEET|FULL|WAYFARER,KIDS,4090,,,SYS104308,,4090,FREE,SYS104308,RJ9052S - Rayban Junior - Kids - 100/71 - 48 - Sunglass - Wayfarer - Sheet,1,1,2,REPLENISH,1,1,0,99983,99981
Warangal Hanamkonda Kakathiya,SOUTH,AVANTA,FRAME,TR|FULL|RECTANGLE,MALE,890,,,SYS166811,,890,FREE,SYS166811,AV 270806 - Avanta - Male - Black - 49 - Full Frame - Rectangle - TR,0,1,1,REPLENISH,1,2,0,99226,96995
Agra Ashoka Plaza,NORTH,AVANTA,FRAME,TR|FULL|SQUARE,MALE,1090,,,SYS167078,,1090,FREE,SYS167078,AV 156005 - Avanta - Male - Trans/Blk - 52 - Full Frame - Square - TR,0,1,1,REPLENISH,1,1,0,99786,99605
Agra Ashoka Plaza,NORTH,AVANTA,FRAME,TR|FULL|RECTANGLE,MALE,990,,,SYS167094,,990,FREE,SYS167094,AV 250985 - Avanta - Male - C4 - 51 - Full Frame - Rectangle - TR,0,1,1,REPLENISH,1,5,0,99786,99605
Noida Spectrum Mall,NORTH,AVANTA,FRAME,METAL|HALF|RECTANGLE,MALE,1590,,,SYS165392,,1590,FREE,SYS165392,AV 56098 - Avanta - Male - C1 - 52 - Half Frame - Rectangle - Metal,0,1,1,REPLENISH,1,2,0,99715,99664
Mumbai Ghatkopar Dr Mehta Eye,WEST,ADMYRA,FRAME,SHEET|FULL|CAT EYE,FEMALE,2790,,,SYS162311,,2790,FREE,SYS162311,AM 0132 - Admyra - Female - Black - 52 - Full Frame - Cat Eye - Sheet,0,1,1,REPLENISH,1,51,0,99853,99849
Mumbai Ghatkopar Dr Mehta Eye,WEST,ADMYRA,FRAME,SHEET|FULL|CAT EYE,FEMALE,2790,,,SYS162316,,2790,FREE,SYS162316,AM 0133 - Admyra - Female - Black - 53 - Full Frame - Cat Eye - Sheet,0,1,1,REPLENISH,1,53,0,99853,99849
Mumbai Ghatkopar Dr Mehta Eye,WEST,ADMYRA,FRAME,SHEET|FULL|CAT EYE,FEMALE,2790,,,SYS162319,,2790,FREE,SYS162319,AM 0133 - Admyra - Female - Trans/Green - 53 - Full Frame - Cat Eye - Sheet,1,1,2,REPLENISH,1,47,0,99853,99849
Warangal Hanamkonda Kakathiya,SOUTH,AVANTA,FRAME,TR|FULL|RECTANGLE,MALE,990,,,SYS166953,,990,FREE,SYS166953,AV 50046 - Avanta - Male - C2 - 50 - Full Frame - Rectangle - TR,0,1,1,REPLENISH,1,5,0,99226,96995
Warangal Hanamkonda Kakathiya,SOUTH,AVANTA,FRAME,TR|FULL|CAT EYE,FEMALE,990,,,SYS166949,,990,FREE,SYS166949,AV 81009 - Avanta - Female - Trans/Grey - 49 - Full Frame - Cat Eye - TR,0,2,2,REPLENISH,2,2,0,99226,96995
Warangal Hanamkonda Kakathiya,SOUTH,AVANTA,FRAME,TR|FULL|ROUND,UNISEX,990,,,SYS166928,,990,FREE,SYS166928,AV 81010 - Avanta - Unisex - Trans/Grey - 48 - Full Frame - Round - TR,1,1,2,REPLENISH,1,2,0,99226,96995
Warangal Hanamkonda Kakathiya,SOUTH,AVANTA,FRAME,TR|FULL|CAT EYE,FEMALE,990,,,SYS166942,,990,FREE,SYS166942,AV 81009 - Avanta - Female - MT.Pink - 49 - Full Frame - Cat Eye - TR,1,1,2,REPLENISH,1,2,0,99226,96995
Hyderabad Neo Retina (Abids),SOUTH,AVANTA,FRAME,SHEET|FULL|RECTANGLE,MALE,1190,,,SYS158379,,1190,FREE,SYS158379,AV 0061 - Avanta - Male - D/Brown - 53 - Full Frame - Rectangle - Sheet,0,2,2,REPLENISH,2,129,0,99826,99816
Ranchi Kutchery Road,EAST,ADMYRA,FRAME,SHEET|FULL|RECTANGLE,MALE,2190,,,SYS67874,,2190,FREE,SYS67874,AM 090 - Admyra - Male - D/Brown - 54 - Full Frame - Rectangle - Sheet,1,1,2,REPLENISH,1,1,0,99717,99714
Navi Mumbai Nerul ( Shivam ),WEST,ADMYRA,FRAME,SHEET|FULL|CAT EYE,FEMALE,2790,,,SYS162317,,2790,FREE,SYS162317,AM 0133 - Admyra - Female - D/Purple - 53 - Full Frame - Cat Eye - Sheet,0,1,1,REPLENISH,1,48,0,99771,99768
Hyderabad Neo Retina (Abids),SOUTH,AVANTA,FRAME,SHEET|FULL|CAT EYE,FEMALE,1190,,,SYS158409,,1190,FREE,SYS158409,AV 0072HD - Avanta - Female - Trans/Pink - 51 - Full Frame - Cat Eye - Sheet,0,1,1,REPLENISH,1,101,0,99826,99816
Hyderabad Neo Retina (Abids),SOUTH,AVANTA,FRAME,SHEET|FULL|ROUND,UNISEX,1190,,,SYS158413,,1190,FREE,SYS158413,AV 0068HD - Avanta - Unisex - Black - 48 - Full Frame - Round - Sheet,0,1,1,REPLENISH,1,87,0,99826,99816
Agra Ashoka Plaza,NORTH,AVANTA,FRAME,METAL|SUPRA|RECTANGLE,MALE,790,,,SYS167324,,790,FREE,SYS167324,AV 86028 - Avanta - Male - Gun - 53 - Supra - Rectangle - Metal,0,1,1,REPLENISH,1,3,0,99786,99605
Kharghar Laxmi Eye,WEST,VOGUE,FRAME,SHEET|FULL|RECTANGLE,FEMALE,5190,,,SYS166319,,5190,FREE,SYS166319,VO5621 - Vogue - Female - 3065 - 51 - Full Frame - Rectangle - Sheet,0,1,1,REPLENISH,1,1,0,99984,99979
Karnal Model Town,NORTH,AVANTA KIDS,FRAME,TR|FULL|SQUARE,KIDS,790,,,SYS164572,,790,FREE,SYS164572,AV 55007 - Avanta Kids - Kids - Trans/Maroon - 45 - Full Frame - Square - TR,0,1,1,REPLENISH,1,1,0,99930,99929
Delhi Preet Vihar Vikas Marg,NORTH,ADMYRA,FRAME,SHEET|FULL|CAT EYE,FEMALE,2490,,,SYS67564,,2490,FREE,SYS67564,AM 015HD - Admyra - Female - Trans/Pink - 52 - Full Frame - Cat Eye - Sheet,0,1,1,REPLENISH,1,1,0,99756,99483
Delhi Preet Vihar Vikas Marg,NORTH,ADMYRA,FRAME,SHEET|FULL|SQUARE,MALE,2490,,,SYS67558,,2490,FREE,SYS67558,AM 001 - Admyra - Male - Transparent - 53 - Full Frame - Square - Sheet,0,1,1,REPLENISH,1,86,0,99756,99483
Agra Ashoka Plaza,NORTH,AVANTA,FRAME,TR|FULL|RECTANGLE,MALE,890,,,SYS167858,,890,FREE,SYS167858,AV 8021 - Avanta - Male - D.Grey - 50 - Full Frame - Rectangle - TR,0,1,1,REPLENISH,1,2,0,99786,99605
Gurgaon Sec 29,NORTH,VOGUE JUNIOR,FRAME,SHEET|FULL|ROUND,KIDS,3790,,,SYS111551,,3790,FREE,SYS111551,VY2025 - Vogue Junior - Kids - 2942 - 45 - Full Frame - Round - Sheet,1,1,2,REPLENISH,1,1,0,99989,99986
Moradabad Kanth Road,NORTH,AVANTA,FRAME,TR|FULL|CAT EYE,FEMALE,1090,,,SYS147637,,1090,FREE,SYS147637,AV 18923 - Avanta - Female - MT.Blk - 51 - Full Frame - Cat Eye - TR,0,1,1,REPLENISH,1,1,0,99743,99714
Hyderabad Kukatpally Nizampet X Roads,SOUTH,ADMYRA,FRAME,SHEET|FULL|RECTANGLE,MALE,2190,,,SYS139936,,2190,FREE,SYS139936,AM 113 - Admyra - Male - D/Grey - 52 - Full Frame - Rectangle - Sheet,1,1,2,REPLENISH,1,16,0,99829,99826
Karnal Model Town,NORTH,AVANTA,FRAME,METAL|FULL|SQUARE,MALE,990,,,SYS164811,,990,FREE,SYS164811,AV 7412205 - Avanta - Male - Gun/Grey - 51 - Full Frame - Square - Metal,0,1,1,REPLENISH,1,11,0,99593,99171
Hyderabad Kukatpally Nizampet X Roads,SOUTH,AVANTA,FRAME,TR|FULL|RECTANGLE,MALE,990,,,SYS166967,,990,FREE,SYS166967,AV 250907 - Avanta - Male - Grey - 52 - Full Frame - Rectangle - TR,0,1,1,REPLENISH,1,1,0,99611,99452
Noida MOI,NORTH,RAYBAN,SUNGLASS,SHEET|FULL|WAYFARER,UNISEX,12690,,,SYS78121,,12690,FREE,SYS78121,RBR0502S - Rayban - Unisex - 6677VR - 50 - Sunglass - Wayfarer - Sheet,0,1,1,REPLENISH,1,1,0,99878,99812
Noida MOI,NORTH,RAYBAN JUNIOR,FRAME,SHEET|FULL|RECTANGLE,KIDS,5390,,,SYS78172,,5390,FREE,SYS78172,RY1555 - Rayban Junior - Kids - 3945 - 46 - Full Frame - Rectangle - Sheet,0,1,1,REPLENISH,1,2,0,99989,99983
Mohali Sector 62,NORTH,VOGUE,FRAME,METAL|HALF|RECTANGLE,MALE,4090,,,SYS78185,,4090,FREE,SYS78185,VO4295I - Vogue - Male - 352S - 54 - Supra - Rectangle - Metal,0,1,1,REPLENISH,1,1,0,99964,99963
Patna Kankarbagh,NORTH,AVANTA,FRAME,METAL|SUPRA|RECTANGLE,MALE,890,,,SYS148043,,890,FREE,SYS148043,AV 31001 - Avanta - Male - Copper - 51 - Supra - Rectangle - Metal,0,1,1,REPLENISH,1,7,0,99685,99544
Karnal Model Town,NORTH,AVANTA,FRAME,METAL|HALF|RECTANGLE,MALE,1690,,,SYS116962,,1690,FREE,SYS116962,AV 56070 - Avanta - Male - C4 - 53 - Half Frame - Rectangle - Metal,0,1,1,REPLENISH,1,1,0,99593,99171
LAJPAT NAGAR,NORTH,ADMYRA,FRAME,SHEET|FULL|SQUARE,MALE,2790,,,SYS162293,,2790,FREE,SYS162293,AM 0130 - Admyra - Male - D/Green - 55 - Full Frame - Square - Sheet,0,1,1,REPLENISH,1,17,0,99861,99859
Warangal Hanamkonda Kakathiya,SOUTH,ADMYRA,FRAME,SHEET|FULL|CAT EYE,FEMALE,2190,,,SYS139957,,2190,FREE,SYS139957,AM 115 - Admyra - Female - Black - 51 - Full Frame - Cat Eye - Sheet,0,1,1,REPLENISH,1,8,0,99811,99753
Warangal Hanamkonda Kakathiya,SOUTH,ADMYRA,FRAME,SHEET|FULL|CAT EYE,FEMALE,2190,,,SYS139960,,2190,FREE,SYS139960,AM 115 - Admyra - Female - Trans/Pink - 51 - Full Frame - Cat Eye - Sheet,0,1,1,REPLENISH,1,13,0,99811,99753
Delhi Safdarjung Enclave,NORTH,ADMYRA,FRAME,SHEET|FULL|RECTANGLE,MALE,2190,,,SYS158585,,2190,FREE,SYS158585,AM 0125 - Admyra - Male - Trans/Blue - 52 - Full Frame - Rectangle - Sheet,0,1,1,REPLENISH,1,1,0,99885,99597
Delhi Safdarjung Enclave,NORTH,AVANTA KIDS,FRAME,PEDIATRIC|FULL|SQUARE,KIDS,1690,,,SYS116788,,1690,FREE,SYS116788,AV BY96010 - Avanta Kids - Kids - C3 - 46 - Full Frame - Square - Pediatric,0,1,1,REPLENISH,1,1,0,99928,99834
Bhubneshwar Nayapalli,EAST,AVANTA,FRAME,SHEET|FULL|RECTANGLE,MALE,1190,,,SYS158380,,1190,FREE,SYS158380,AV 0061 - Avanta - Male - Trans/Blue - 53 - Full Frame - Rectangle - Sheet,0,1,1,REPLENISH,1,121,0,99799,99782
Bhubneshwar Nayapalli,EAST,AVANTA,FRAME,SHEET|FULL|RECTANGLE,MALE,1190,,,SYS158379,,1190,FREE,SYS158379,AV 0061 - Avanta - Male - D/Brown - 53 - Full Frame - Rectangle - Sheet,0,1,1,REPLENISH,1,129,0,99799,99782
Bhubneshwar Nayapalli,EAST,AVANTA,FRAME,SHEET|FULL|CAT EYE,FEMALE,1190,,,SYS158409,,1190,FREE,SYS158409,AV 0072HD - Avanta - Female - Trans/Pink - 51 - Full Frame - Cat Eye - Sheet,1,1,2,REPLENISH,1,101,0,99799,99782
Bhubneshwar Nayapalli,EAST,AVANTA,FRAME,SHEET|FULL|CAT EYE,FEMALE,1190,,,SYS158408,,1190,FREE,SYS158408,AV 0072HD - Avanta - Female - Black - 51 - Full Frame - Cat Eye - Sheet,0,1,1,REPLENISH,1,83,0,99799,99782
Bhubneshwar Nayapalli,EAST,AVANTA,FRAME,SHEET|FULL|RECTANGLE,MALE,1190,,,SYS158404,,1190,FREE,SYS158404,AV 0070HD - Avanta - Male - D/Brown - 54 - Full Frame - Rectangle - Sheet,1,1,2,REPLENISH,1,18,0,99799,99782
Bhubneshwar Nayapalli,EAST,AVANTA,FRAME,SHEET|FULL|RECTANGLE,MALE,1190,,,SYS158390,,1190,FREE,SYS158390,AV 0065 - Avanta - Male - Transparent - 52 - Full Frame - Rectangle - Sheet,0,1,1,REPLENISH,1,79,0,99799,99782
Delhi Preet Vihar Vikas Marg,NORTH,AVANTA,FRAME,SHEET|FULL|CAT EYE,FEMALE,1190,,,SYS158409,,1190,FREE,SYS158409,AV 0072HD - Avanta - Female - Trans/Pink - 51 - Full Frame - Cat Eye - Sheet,0,2,2,REPLENISH,2,101,0,99641,99537
Delhi Preet Vihar Vikas Marg,NORTH,AVANTA,FRAME,SHEET|FULL|CAT EYE,FEMALE,1190,,,SYS158408,,1190,FREE,SYS158408,AV 0072HD - Avanta - Female - Black - 51 - Full Frame - Cat Eye - Sheet,0,1,1,REPLENISH,1,83,0,99641,99537
Bhubneshwar Nayapalli,EAST,AVANTA,FRAME,SHEET|FULL|ROUND,UNISEX,1190,,,SYS158416,,1190,FREE,SYS158416,AV 0068HD - Avanta - Unisex - D/Green - 48 - Full Frame - Round - Sheet,0,1,1,REPLENISH,1,27,0,99799,99782
Bhubneshwar Nayapalli,EAST,AVANTA,FRAME,SHEET|FULL|ROUND,UNISEX,1190,,,SYS158415,,1190,FREE,SYS158415,AV 0068HD - Avanta - Unisex - Transparent - 48 - Full Frame - Round - Sheet,0,1,1,REPLENISH,1,92,0,99799,99782
Bhubneshwar Nayapalli,EAST,AVANTA,FRAME,SHEET|FULL|ROUND,UNISEX,1190,,,SYS158414,,1190,FREE,SYS158414,AV 0068HD - Avanta - Unisex - D/Wine - 48 - Full Frame - Round - Sheet,0,2,2,REPLENISH,2,100,0,99799,99782
Bhubneshwar Nayapalli,EAST,AVANTA,FRAME,SHEET|FULL|CAT EYE,FEMALE,1190,,,SYS158412,,1190,FREE,SYS158412,AV 0072HD - Avanta - Female - Trans/Brown - 51 - Full Frame - Cat Eye - Sheet,0,1,1,REPLENISH,1,56,0,99799,99782
Bhubneshwar Nayapalli,EAST,AVANTA,FRAME,SHEET|FULL|CAT EYE,FEMALE,1190,,,SYS158411,,1190,FREE,SYS158411,AV 0072HD - Avanta - Female - Blue - 51 - Full Frame - Cat Eye - Sheet,0,1,1,REPLENISH,1,80,0,99799,99782
Delhi Preet Vihar Vikas Marg,NORTH,AVANTA,FRAME,SHEET|FULL|CAT EYE,FEMALE,1190,,,SYS158419,,1190,FREE,SYS158419,AV 0066 - Avanta - Female - D/Brown - 53 - Full Frame - Cat Eye - Sheet,1,1,2,REPLENISH,1,15,0,99641,99537
Delhi Preet Vihar Vikas Marg,NORTH,AVANTA,FRAME,SHEET|FULL|ROUND,UNISEX,1190,,,SYS158415,,1190,FREE,SYS158415,AV 0068HD - Avanta - Unisex - Transparent - 48 - Full Frame - Round - Sheet,0,1,1,REPLENISH,1,92,0,99641,99537
Delhi Preet Vihar Vikas Marg,NORTH,AVANTA,FRAME,SHEET|FULL|RECTANGLE,MALE,1190,,,SYS158404,,1190,FREE,SYS158404,AV 0070HD - Avanta - Male - D/Brown - 54 - Full Frame - Rectangle - Sheet,0,1,1,REPLENISH,1,18,0,99641,99537
Delhi Preet Vihar Vikas Marg,NORTH,AVANTA,FRAME,SHEET|FULL|RECTANGLE,MALE,1190,,,SYS158388,,1190,FREE,SYS158388,AV 0065 - Avanta - Male - Black - 52 - Full Frame - Rectangle - Sheet,0,1,1,REPLENISH,1,102,0,99641,99537
Delhi Preet Vihar Vikas Marg,NORTH,AVANTA KIDS,FRAME,PEDIATRIC|FULL|SQUARE,KIDS,1690,,,SYS116818,,1690,FREE,SYS116818,AV BY96003 - Avanta Kids - Kids - C2 - 47 - Full Frame - Square - Pediatric,0,1,1,REPLENISH,1,2,0,99896,99800
Delhi Preet Vihar Vikas Marg,NORTH,AVANTA KIDS,FRAME,PEDIATRIC|FULL|SQUARE,KIDS,1690,,,SYS116825,,1690,FREE,SYS116825,AV BY96003 - Avanta Kids - Kids - C1 - 47 - Full Frame - Square - Pediatric,0,1,1,REPLENISH,1,1,0,99896,99800
Delhi Preet Vihar Vikas Marg,NORTH,AVANTA KIDS,FRAME,PEDIATRIC|FULL|ROUND,KIDS,1690,,,SYS116817,,1690,FREE,SYS116817,AV BY96006 - Avanta Kids - Kids - C5 - 46 - Full Frame - Round - Pediatric,1,1,2,REPLENISH,1,4,0,99896,99800
Delhi Preet Vihar Vikas Marg,NORTH,AVANTA KIDS,FRAME,PEDIATRIC|FULL|ROUND,KIDS,1690,,,SYS116816,,1690,FREE,SYS116816,AV BY96006 - Avanta Kids - Kids - C8 - 46 - Full Frame - Round - Pediatric,0,1,1,REPLENISH,1,1,0,99896,99800
Delhi Preet Vihar Vikas Marg,NORTH,AVANTA KIDS,FRAME,PEDIATRIC|FULL|ROUND,KIDS,1690,,,SYS116804,,1690,FREE,SYS116804,AV BY96000 - Avanta Kids - Kids - C2 - 44 - Full Frame - Round - Pediatric,0,1,1,REPLENISH,1,1,0,99896,99800
Delhi Preet Vihar Vikas Marg,NORTH,AVANTA,FRAME,SHEET|FULL|CAT EYE,FEMALE,1190,,,SYS158495,,1190,FREE,SYS158495,AV 0074 - Avanta - Female - Teal - 51 - Full Frame - Cat Eye - Sheet,0,1,1,REPLENISH,1,10,0,99641,99537
Delhi Safdarjung Enclave,NORTH,AVANTA KIDS,FRAME,PEDIATRIC|FULL|ROUND,KIDS,1690,,,SYS116815,,1690,FREE,SYS116815,AV BY96006 - Avanta Kids - Kids - C6 - 46 - Full Frame - Round - Pediatric,0,1,1,REPLENISH,1,2,0,99928,99834
Delhi Safdarjung Enclave,NORTH,AVANTA,FRAME,SHEET|FULL|ROUND,UNISEX,1190,,,SYS158414,,1190,FREE,SYS158414,AV 0068HD - Avanta - Unisex - D/Wine - 48 - Full Frame - Round - Sheet,0,1,1,REPLENISH,1,100,0,99883,99861
Delhi Safdarjung Enclave,NORTH,AVANTA,FRAME,SHEET|FULL|CAT EYE,FEMALE,1190,,,SYS158412,,1190,FREE,SYS158412,AV 0072HD - Avanta - Female - Trans/Brown - 51 - Full Frame - Cat Eye - Sheet,0,1,1,REPLENISH,1,56,0,99883,99861
Bhubneshwar Nayapalli,EAST,AVANTA,FRAME,SHEET|FULL|CAT EYE,FEMALE,1190,,,SYS158495,,1190,FREE,SYS158495,AV 0074 - Avanta - Female - Teal - 51 - Full Frame - Cat Eye - Sheet,0,1,1,REPLENISH,1,10,0,99799,99782
Delhi Safdarjung Enclave,NORTH,AVANTA,FRAME,SHEET|FULL|RECTANGLE,MALE,1190,,,SYS158379,,1190,FREE,SYS158379,AV 0061 - Avanta - Male - D/Brown - 53 - Full Frame - Rectangle - Sheet,0,2,2,REPLENISH,2,129,0,99883,99861
Bhubneshwar Nayapalli,EAST,ADMYRA,FRAME,SHEET|FULL|ROUND,UNISEX,2190,,,SYS158545,,2190,FREE,SYS158545,AM 0123 - Admyra - Unisex - D/Brown - 48 - Full Frame - Round - Sheet,0,1,1,REPLENISH,1,3,0,99853,99851
Surat Rander Road,WEST,AVANTA,FRAME,METAL|SUPRA|RECTANGLE,MALE,790,,,SYS165058,,790,FREE,SYS165058,AV 31004 - Avanta - Male - Copper - 51 - Supra - Rectangle - Metal,0,1,1,REPLENISH,1,5,0,99755,99749
Guwahati Rukminigaon TRC,EAST,AVANTA,FRAME,METAL|FULL|ROUND,FEMALE,1390,,,SYS165309,,1390,FREE,SYS165309,AV NSV6122 - Avanta - Female - C4 - 52 - Full Frame - Round - Metal,0,1,1,REPLENISH,1,2,0,99645,99640
Kolkata Madhyamgram,EAST,AVANTA KIDS,FRAME,PEDIATRIC|FULL|SQUARE,KIDS,1690,,,SYS116822,,1690,FREE,SYS116822,AV BY96003 - Avanta Kids - Kids - C5 - 47 - Full Frame - Square - Pediatric,0,1,1,REPLENISH,1,1,0,99956,99953
Kolkata Madhyamgram,EAST,AVANTA KIDS,FRAME,PEDIATRIC|FULL|ROUND,KIDS,1690,,,SYS116803,,1690,FREE,SYS116803,AV BY96000 - Avanta Kids - Kids - C3 - 44 - Full Frame - Round - Pediatric,0,1,1,REPLENISH,1,1,0,99956,99953
Kolkata Madhyamgram,EAST,AVANTA,FRAME,METAL|RIMLESS|CAT EYE,FEMALE,1290,,,SYS117111,,1290,FREE,SYS117111,AV S8003 - Avanta - Female - C4 - 53 - Rimless - Cat Eye - Metal,0,1,1,REPLENISH,1,1,0,99684,99659
Kolkata Madhyamgram,EAST,ADMYRA,FRAME,SHEET|FULL|ROUND,UNISEX,2190,,,SYS158545,,2190,FREE,SYS158545,AM 0123 - Admyra - Unisex - D/Brown - 48 - Full Frame - Round - Sheet,0,1,1,REPLENISH,1,3,0,99822,99814
Kolkata Madhyamgram,EAST,AVANTA,FRAME,SHEET|FULL|CAT EYE,FEMALE,1190,,,SYS158492,,1190,FREE,SYS158492,AV 0074 - Avanta - Female - Pink - 51 - Full Frame - Cat Eye - Sheet,1,1,2,REPLENISH,2,6,0,99684,99659
Ghaziabad RDC,NORTH,ADMYRA,FRAME,SHEET|FULL|SQUARE,MALE,2190,,,SYS142574,,2190,FREE,SYS142574,AM 122 - Admyra - Male - D/Brown - 51 - Full Frame - Square - Sheet,0,1,1,REPLENISH,1,1,0,99726,99635
Bhopal Hoshangabad Road,WEST,AVANTA,FRAME,TR|FULL|CAT EYE,FEMALE,990,,,SYS166992,,990,FREE,SYS166992,AV 250902 - Avanta - Female - Trans/Pink - 47 - Full Frame - Cat Eye - TR,0,1,1,REPLENISH,1,2,0,99729,99695
Bhopal Hoshangabad Road,WEST,AVANTA,FRAME,TR|FULL|ROUND,UNISEX,990,,,SYS167003,,990,FREE,SYS167003,AV 250903 - Avanta - Unisex - Black - 46 - Full Frame - Round - TR,1,1,2,REPLENISH,1,4,0,99729,99695
Delhi Ashok Vihar Phase II,NORTH,AVANTA,FRAME,SHEET|FULL|RECTANGLE,MALE,1190,,,SYS158382,,1190,FREE,SYS158382,AV 0061 - Avanta - Male - D/Green - 53 - Full Frame - Rectangle - Sheet,0,1,1,REPLENISH,1,121,0,99791,99786
Delhi Ashok Vihar Phase II,NORTH,AVANTA,FRAME,SHEET|FULL|CAT EYE,FEMALE,1190,,,SYS158411,,1190,FREE,SYS158411,AV 0072HD - Avanta - Female - Blue - 51 - Full Frame - Cat Eye - Sheet,0,1,1,REPLENISH,1,80,0,99791,99786
Delhi Ashok Vihar Phase II,NORTH,AVANTA,FRAME,SHEET|FULL|ROUND,UNISEX,1190,,,SYS158415,,1190,FREE,SYS158415,AV 0068HD - Avanta - Unisex - Transparent - 48 - Full Frame - Round - Sheet,0,1,1,REPLENISH,1,92,0,99791,99786
Delhi Ashok Vihar Phase II,NORTH,AVANTA,FRAME,SHEET|FULL|CAT EYE,FEMALE,1190,,,SYS158409,,1190,FREE,SYS158409,AV 0072HD - Avanta - Female - Trans/Pink - 51 - Full Frame - Cat Eye - Sheet,0,1,1,REPLENISH,1,101,0,99791,99786
Jhunjhunu Indra Nagar,WEST,ADMYRA,FRAME,SHEET|FULL|ROUND,UNISEX,2990,,,SYS115312,,2990,FREE,SYS115312,AM 102 - Admyra - Unisex - Grey - 49 - Full Frame - Round - Sheet,1,1,2,REPLENISH,1,31,0,99869,99570
Gurgaon Sector 51 M2K,NORTH,RAYBAN,FRAME,SHEET|FULL|SQUARE,UNISEX,7990,,,SYS79680,,7990,FREE,SYS79680,RX7228 - Rayban - Unisex - 2000 - 53 - Full Frame - Square - Sheet,0,1,1,REPLENISH,1,2,0,99948,99947
Noida Spectrum Mall,NORTH,AVANTA KIDS,FRAME,TR|FULL|SQUARE,KIDS,790,,,SYS164640,,790,FREE,SYS164640,AV 2204 - Avanta Kids - Kids - Pink - 45 - Full Frame - Square - TR,0,1,1,REPLENISH,1,1,0,99923,99921
Navi Mumbai Nerul ( Shivam ),WEST,AVANTA,FRAME,SHEET|FULL|SQUARE,MALE,1190,,,SYS162646,,1190,FREE,SYS162646,AV 0063 - Avanta - Male - D/Brown - 51 - Full Frame - Square - Sheet,1,1,2,REPLENISH,1,79,0,99694,99690
Noida Spectrum Mall,NORTH,AVANTA,FRAME,TR|FULL|RECTANGLE,MALE,990,,,SYS165195,,990,FREE,SYS165195,AV TD356303 - Avanta - Male - Transparent - 51 - Full Frame - Rectangle - TR,0,1,1,REPLENISH,1,1,0,99715,99664
Ajmer Ramganj,WEST,AVANTA,FRAME,METAL|FULL|HEXAGON,MALE,1190,,,SYS165323,,1190,FREE,SYS165323,AV V112 - Avanta - Male - C2 - 50 - Full Frame - Hexagon - Metal,0,1,1,REPLENISH,1,2,0,99841,99728
Delhi Vikaspuri Najafgarh Road,NORTH,VOGUE,FRAME,SHEET|FULL|CAT EYE,FEMALE,5590,,,SYS162050,,5590,FREE,SYS162050,VO5676 - Vogue - Female - W44 - 51 - Full Frame - Cat Eye - Sheet,0,1,1,REPLENISH,1,1,0,99980,99978
Varanasi Mahmoorganj,NORTH,RAYBAN,FRAME,SHEET|FULL|RECTANGLE,MALE,4890,,,SYS61110,,4890,FREE,SYS61110,RX7127II - Rayban - Male - 8239 - 53 - Full Frame - Rectangle - Sheet,0,1,1,REPLENISH,1,2,0,99986,99985
Kolkata Madhyamgram,EAST,TOMMY HILFIGER,FRAME,SHEET|FULL|CAT EYE,FEMALE,7490,,,SYS116886,,7490,FREE,SYS116886,TH 6319 - Tommy Hilfiger - Female - C5 - 53 - Full Frame - Cat Eye - Sheet,0,1,1,REPLENISH,1,1,0,99984,99979
Delhi Vikaspuri Najafgarh Road,NORTH,ADMYRA,FRAME,SHEET|FULL|SQUARE,MALE,2790,,,SYS162292,,2790,FREE,SYS162292,AM 0130 - Admyra - Male - D/Brown - 55 - Full Frame - Square - Sheet,0,1,1,REPLENISH,1,21,0,99890,99846
Delhi Vikaspuri Najafgarh Road,NORTH,ADMYRA,FRAME,SHEET|FULL|SQUARE,MALE,2790,,,SYS162295,,2790,FREE,SYS162295,AM 0130 - Admyra - Male - Grey - 55 - Full Frame - Square - Sheet,0,1,1,REPLENISH,1,8,0,99890,99846
Delhi Vikaspuri Najafgarh Road,NORTH,ADMYRA,FRAME,SHEET|FULL|SQUARE,MALE,2790,,,SYS162294,,2790,FREE,SYS162294,AM 0130 - Admyra - Male - Blue - 55 - Full Frame - Square - Sheet,0,1,1,REPLENISH,1,6,0,99890,99846
Delhi Vikaspuri Najafgarh Road,NORTH,ADMYRA,FRAME,SHEET|FULL|CAT EYE,FEMALE,2790,,,SYS162311,,2790,FREE,SYS162311,AM 0132 - Admyra - Female - Black - 52 - Full Frame - Cat Eye - Sheet,0,1,1,REPLENISH,1,51,0,99890,99846
Vijayawada Mogalrajpuram,SOUTH,AVANTA,FRAME,METAL|SUPRA|RECTANGLE,MALE,790,,,SYS110928,,790,FREE,SYS110928,AV 31008 - Avanta - Male - Black - 49 - Supra - Rectangle - Metal,1,1,2,REPLENISH,2,5,0,99730,99588
Kolkata Madhyamgram,EAST,AVANTA,FRAME,TR|FULL|ROUND,UNISEX,990,,,SYS163219,,990,FREE,SYS163219,AV 303039 - Avanta - Unisex - Black - 47 - Full Frame - Round - TR,0,1,1,REPLENISH,1,3,0,99684,99659
Srinagar Rainawari Fazili,NORTH,AVANTA,FRAME,SHEET|FULL|ROUND,UNISEX,1190,,,SYS158416,,1190,FREE,SYS158416,AV 0068HD - Avanta - Unisex - D/Green - 48 - Full Frame - Round - Sheet,0,1,1,REPLENISH,1,27,0,99772,99767
Srinagar Rainawari Fazili,NORTH,AVANTA,FRAME,SHEET|FULL|RECTANGLE,MALE,1190,,,SYS158378,,1190,FREE,SYS158378,AV 0061 - Avanta - Male - Black - 53 - Full Frame - Rectangle - Sheet,0,1,1,REPLENISH,1,157,0,99772,99767
Vijayawada Mogalrajpuram,SOUTH,AVANTA,FRAME,METAL|SUPRA|RECTANGLE,MALE,790,,,SYS110934,,790,FREE,SYS110934,AV 31008 - Avanta - Male - Gun - 49 - Supra - Rectangle - Metal,1,1,2,REPLENISH,2,11,0,99730,99588
Kolkata AJC Bose Road,EAST,STEPPER,FRAME,TITANIUM|HALF|RECTANGLE,MALE,9570,,,SYS161996,,9570,FREE,SYS161996,SI/60030 - Stepper - Male - F013 - 54 - Half Frame - Rectangle -Titanium,0,1,1,REPLENISH,1,1,0,99985,99984
Kolkata AJC Bose Road,EAST,ADMYRA,FRAME,SHEET|FULL|CAT EYE,FEMALE,2790,,,SYS162308,,2790,FREE,SYS162308,AM 0131 - Admyra - Female - Purple - 51 - Full Frame - Cat Eye - Sheet,1,1,2,REPLENISH,1,46,0,99821,99816
Kolkata AJC Bose Road,EAST,ADMYRA,FRAME,SHEET|FULL|CAT EYE,FEMALE,2790,,,SYS162311,,2790,FREE,SYS162311,AM 0132 - Admyra - Female - Black - 52 - Full Frame - Cat Eye - Sheet,1,1,2,REPLENISH,1,51,0,99821,99816
Kolkata AJC Bose Road,EAST,ADMYRA,FRAME,SHEET|FULL|CAT EYE,FEMALE,2790,,,SYS162316,,2790,FREE,SYS162316,AM 0133 - Admyra - Female - Black - 53 - Full Frame - Cat Eye - Sheet,1,1,2,REPLENISH,1,53,0,99821,99816
Palwal New Colony,NORTH,AVANTA,FRAME,TR|FULL|SQUARE,MALE,890,,,SYS162921,,890,FREE,SYS162921,AV 66602 - Avanta - Male - Transparent - 51 - Full Frame - Square - TR,0,1,1,REPLENISH,1,1,0,99635,99624
Delhi Pitampura,NORTH,RAYBAN,FRAME,METAL|HALF|RECTANGLE,UNISEX,5790,,,SYS49489,,5790,FREE,SYS49489,RX6460I - Rayban - Unisex - 3090 - 53 - Half Frame - Rectangle - Metal,1,1,2,REPLENISH,1,1,0,99972,99970
Delhi Rajouri Garden,NORTH,AVANTA,FRAME,SHEET|FULL|SQUARE,MALE,1290,,,SYS144876,,1290,FREE,SYS144876,AV 0051 - Avanta - Male - Blue/DA - 52 - Full Frame - Square - Sheet,0,1,1,REPLENISH,1,1,0,99860,99846
Rewari Sector 5,NORTH,AVANTA,FRAME,TR|FULL|RECTANGLE,MALE,890,,,SYS166788,,890,FREE,SYS166788,AV 270811 - Avanta - Male - Black - 51 - Full Frame - Rectangle - TR,0,1,1,REPLENISH,1,11,0,99531,99518
Indirapuram Shakti Khand Eros Market,NORTH,AVANTA KIDS,FRAME,PEDIATRIC|FULL|RECTANGLE,KIDS,1690,,,SYS165250,,1690,FREE,SYS165250,AV ZC1605 - Avanta Kids - Kids - C6 - 47 - Full Frame - Rectangle - Pediatric,0,1,1,REPLENISH,1,1,0,99960,99959
Indirapuram Shakti Khand Eros Market,NORTH,AVANTA,FRAME,METAL|FULL|HEXAGON,MALE,890,,,SYS164936,,890,FREE,SYS164936,AV 85005 - Avanta - Male - Copper - 50 - Full Frame - Hexagon - Metal,0,1,1,REPLENISH,1,1,0,99791,99778
Delhi Preet Vihar Vikas Marg,NORTH,ADMYRA,FRAME,SHEET|FULL|CAT EYE,FEMALE,2790,,,SYS162313,,2790,FREE,SYS162313,AM 0132 - Admyra - Female - Pink - 52 - Full Frame - Cat Eye - Sheet,0,1,1,REPLENISH,1,39,0,99756,99483
Delhi Preet Vihar Vikas Marg,NORTH,ADMYRA,FRAME,SHEET|FULL|CAT EYE,FEMALE,2790,,,SYS162315,,2790,FREE,SYS162315,AM 0132 - Admyra - Female - Green - 52 - Full Frame - Cat Eye - Sheet,0,1,1,REPLENISH,1,47,0,99756,99483
Delhi Preet Vihar Vikas Marg,NORTH,ADMYRA,FRAME,SHEET|FULL|CAT EYE,FEMALE,2790,,,SYS162318,,2790,FREE,SYS162318,AM 0133 - Admyra - Female - D/Brown - 53 - Full Frame - Cat Eye - Sheet,1,1,2,REPLENISH,1,51,0,99756,99483
Delhi Preet Vihar Vikas Marg,NORTH,ADMYRA,FRAME,SHEET|FULL|CAT EYE,FEMALE,2790,,,SYS162317,,2790,FREE,SYS162317,AM 0133 - Admyra - Female - D/Purple - 53 - Full Frame - Cat Eye - Sheet,1,1,2,REPLENISH,1,48,0,99756,99483
Delhi Preet Vihar Vikas Marg,NORTH,ADMYRA,FRAME,SHEET|FULL|SQUARE,MALE,2790,,,SYS162292,,2790,FREE,SYS162292,AM 0130 - Admyra - Male - D/Brown - 55 - Full Frame - Square - Sheet,2,0,2,REPLENISH,1,21,0,99756,99483
Delhi Preet Vihar Vikas Marg,NORTH,ADMYRA,FRAME,SHEET|FULL|SQUARE,MALE,2490,,,SYS162302,,2490,FREE,SYS162302,AM 0129 - Admyra - Male - D/Brown - 54 - Full Frame - Square - Sheet,0,1,1,REPLENISH,1,1,0,99756,99483
Delhi Preet Vihar Vikas Marg,NORTH,VOGUE,FRAME,METAL|FULL|CAT EYE,FEMALE,5090,,,SYS162281,,5090,FREE,SYS162281,VO4334 - Vogue - Female - 848 - 52 - Full Frame - Cat Eye - Metal,0,1,1,REPLENISH,1,1,0,99960,99957
Noida GaurCity,NORTH,VOGUE,SUNGLASS,SHEET|FULL|CAT EYE,FEMALE,7890,,,SYS111486,,7890,FREE,SYS111486,VO2943SB - Vogue - Female - 299013 - 55 - Sunglass - Cat Eye - Sheet,0,1,1,REPLENISH,1,1,0,99968,99932
Noida GaurCity,NORTH,VOGUE,SUNGLASS,SHEET|FULL|CAT EYE,FEMALE,2990,,,SYS111735,,2990,FREE,SYS111735,VO5496SI - Vogue - Female - 304014 - 54 - Sunglass - Cat Eye - Sheet,0,1,1,REPLENISH,1,1,0,99968,99932
Delhi Safdarjung Enclave,NORTH,AVANTA KIDS,FRAME,PLASTIC|FULL|OVAL,KIDS,1690,,,SYS68514,,1690,FREE,SYS68514,AV TC328 - Avanta Kids - Kids - C60 - 44 - Full Frame - Oval - Pediatric,0,1,1,REPLENISH,1,1,0,99928,99834
Delhi Safdarjung Enclave,NORTH,RAYBAN JUNIOR,FRAME,SHEET|FULL|SQUARE,KIDS,3790,,,SYS68533,,3790,FREE,SYS68533,RY9095V - Rayban Junior - kids - 3898 - 45 - Full Frame - Square - Sheet,0,1,1,REPLENISH,1,2,0,99984,99971
Kolkata Madhyamgram,EAST,RAYBAN,FRAME,METAL|RIMLESS|RECTANGLE,MALE,4590,,,SYS49209,,4590,FREE,SYS49209,RX6303I - Rayban - Male - 2502 - 53 - Rimless - Rectangle - Metal,0,1,1,REPLENISH,1,1,0,99983,99982
Panvel Laxmi Eye,WEST,AVANTA KIDS,FRAME,TR|FULL|SQUARE,KIDS,790,,,SYS164574,,790,FREE,SYS164574,AV 55007 - Avanta Kids - Kids - Pink - 45 - Full Frame - Square - TR,0,1,1,REPLENISH,1,1,0,99853,99519
Panvel Laxmi Eye,WEST,AVANTA KIDS,FRAME,TR|FULL|SQUARE,KIDS,790,,,SYS164571,,790,FREE,SYS164571,AV 55007 - Avanta Kids - Kids - Black - 45 - Full Frame - Square - TR,0,1,1,REPLENISH,1,1,0,99853,99519
Bhopal Hoshangabad Road,WEST,RAYBAN,FRAME,SHEET|FULL|SQUARE,UNISEX,5990,,,SYS144948,,5990,FREE,SYS144948,RX7249I - Rayban - Unisex - 8198 - 53 - Full Frame - Square - Sheet,1,1,2,REPLENISH,1,2,0,99986,99985
Delhi Ashok Vihar Phase II,NORTH,AVANTA,FRAME,SHEET|FULL|SQUARE,MALE,1190,,,SYS162647,,1190,FREE,SYS162647,AV 0063 - Avanta - Male - Trans/Blue - 51 - Full Frame - Square - Sheet,0,1,1,REPLENISH,1,55,0,99791,99786
Delhi Safdarjung Enclave,NORTH,ADMYRA,FRAME,SHEET|FULL|CAT EYE,FEMALE,2490,,,SYS67563,,2490,FREE,SYS67563,AM 015HD - Admyra - Female - Purple - 52 - Full Frame - Cat Eye - Sheet,0,1,1,REPLENISH,1,1,0,99885,99597
Panchkula Sector 2,NORTH,ADMYRA,FRAME,METAL|FULL|RECTANGLE,FEMALE,2190,,,SYS165424,,2190,FREE,SYS165424,AM 25060 - Admyra - Female - C1 - 52 - Full Frame - Rectangle - Metal,1,1,2,REPLENISH,3,2,0,99722,99720
Jhunjhunu Indra Nagar,WEST,AVANTA,FRAME,SHEET|FULL|CAT EYE,FEMALE,1190,,,SYS158493,,1190,FREE,SYS158493,AV 0074 - Avanta - Female - D/Brown - 51 - Full Frame - Cat Eye - Sheet,0,1,1,REPLENISH,1,5,0,99712,98997
Jhunjhunu Indra Nagar,WEST,AVANTA,FRAME,SHEET|FULL|RECTANGLE,MALE,1190,,,SYS158404,,1190,FREE,SYS158404,AV 0070HD - Avanta - Male - D/Brown - 54 - Full Frame - Rectangle - Sheet,0,1,1,REPLENISH,1,18,0,99712,98997
Jhunjhunu Indra Nagar,WEST,AVANTA,FRAME,SHEET|FULL|RECTANGLE,MALE,1190,,,SYS158381,,1190,FREE,SYS158381,AV 0061 - Avanta - Male - Trans/Grey - 53 - Full Frame - Rectangle - Sheet,0,1,1,REPLENISH,1,138,0,99712,98997
Jhunjhunu Indra Nagar,WEST,AVANTA,FRAME,SHEET|FULL|RECTANGLE,MALE,1190,,,SYS158378,,1190,FREE,SYS158378,AV 0061 - Avanta - Male - Black - 53 - Full Frame - Rectangle - Sheet,0,1,1,REPLENISH,1,157,0,99712,98997
Jhunjhunu Indra Nagar,WEST,AVANTA,FRAME,SHEET|FULL|RECTANGLE,MALE,1190,,,SYS158380,,1190,FREE,SYS158380,AV 0061 - Avanta - Male - Trans/Blue - 53 - Full Frame - Rectangle - Sheet,0,1,1,REPLENISH,1,121,0,99712,98997
Jhunjhunu Indra Nagar,WEST,AVANTA,FRAME,SHEET|FULL|ROUND,UNISEX,1190,,,SYS158413,,1190,FREE,SYS158413,AV 0068HD - Avanta - Unisex - Black - 48 - Full Frame - Round - Sheet,0,2,2,REPLENISH,2,87,0,99712,98997
Jhunjhunu Indra Nagar,WEST,AVANTA,FRAME,SHEET|FULL|ROUND,UNISEX,1190,,,SYS158414,,1190,FREE,SYS158414,AV 0068HD - Avanta - Unisex - D/Wine - 48 - Full Frame - Round - Sheet,0,2,2,REPLENISH,2,100,0,99712,98997
Jhunjhunu Indra Nagar,WEST,AVANTA,FRAME,SHEET|FULL|ROUND,UNISEX,1190,,,SYS158415,,1190,FREE,SYS158415,AV 0068HD - Avanta - Unisex - Transparent - 48 - Full Frame - Round - Sheet,0,1,1,REPLENISH,1,92,0,99712,98997
Jhunjhunu Indra Nagar,WEST,AVANTA,FRAME,SHEET|FULL|CAT EYE,FEMALE,1190,,,SYS158411,,1190,FREE,SYS158411,AV 0072HD - Avanta - Female - Blue - 51 - Full Frame - Cat Eye - Sheet,0,1,1,REPLENISH,1,80,0,99712,98997
Jhunjhunu Indra Nagar,WEST,AVANTA,FRAME,SHEET|FULL|CAT EYE,FEMALE,1190,,,SYS158412,,1190,FREE,SYS158412,AV 0072HD - Avanta - Female - Trans/Brown - 51 - Full Frame - Cat Eye - Sheet,0,1,1,REPLENISH,1,56,0,99712,98997
Jhunjhunu Indra Nagar,WEST,AVANTA,FRAME,SHEET|FULL|CAT EYE,FEMALE,1190,,,SYS158419,,1190,FREE,SYS158419,AV 0066 - Avanta - Female - D/Brown - 53 - Full Frame - Cat Eye - Sheet,0,2,2,REPLENISH,2,15,0,99712,98997
Jhunjhunu Indra Nagar,WEST,AVANTA,FRAME,SHEET|FULL|CAT EYE,FEMALE,1190,,,SYS158408,,1190,FREE,SYS158408,AV 0072HD - Avanta - Female - Black - 51 - Full Frame - Cat Eye - Sheet,0,2,2,REPLENISH,2,83,0,99712,98997
Jhunjhunu Indra Nagar,WEST,AVANTA,FRAME,SHEET|FULL|CAT EYE,FEMALE,1190,,,SYS158410,,1190,FREE,SYS158410,AV 0072HD - Avanta - Female - Purple - 51 - Full Frame - Cat Eye - Sheet,1,1,2,REPLENISH,1,77,0,99712,98997
Jhunjhunu Indra Nagar,WEST,AVANTA,FRAME,SHEET|FULL|ROUND,UNISEX,1190,,,SYS158426,,1190,FREE,SYS158426,AV 0071HD - Avanta - Unisex - Transparent - 47 - Full Frame - Round - Sheet,0,1,1,REPLENISH,2,2,0,99712,98997
Jhunjhunu Indra Nagar,WEST,AVANTA,FRAME,SHEET|FULL|ROUND,UNISEX,1190,,,SYS158424,,1190,FREE,SYS158424,AV 0071HD - Avanta - Unisex - D/Wine - 47 - Full Frame - Round - Sheet,0,1,1,REPLENISH,1,4,0,99712,98997
Indirapuram Shakti Khand Eros Market,NORTH,STEPPER,FRAME,SHEET|FULL|SQUARE,MALE,7150,,,SYS166208,,7150,FREE,SYS166208,STS/10143 - Stepper - Male - F990 - 54 - Full Frame - Square - Sheet,0,1,1,REPLENISH,1,1,0,99986,99985
Gurgaon Sec 29,NORTH,AVANTA,FRAME,SHEET|FULL|CAT EYE,FEMALE,1190,,,SYS158411,,1190,FREE,SYS158411,AV 0072HD - Avanta - Female - Blue - 51 - Full Frame - Cat Eye - Sheet,0,1,1,REPLENISH,1,80,0,99941,99939
Jaipur Malviya Nagar,WEST,AVANTA KIDS,FRAME,PEDIATRIC|FULL|ROUND,KIDS,1690,,,SYS116806,,1690,FREE,SYS116806,AV BY96000 - Avanta Kids - Kids - C1 - 44 - Full Frame - Round - Pediatric,0,1,1,REPLENISH,1,7,0,99938,99937
Gurgaon Sec 29,NORTH,AVANTA,FRAME,SHEET|FULL|RECTANGLE,MALE,1190,,,SYS158379,,1190,FREE,SYS158379,AV 0061 - Avanta - Male - D/Brown - 53 - Full Frame - Rectangle - Sheet,0,1,1,REPLENISH,1,129,0,99941,99939
Jaipur Malviya Nagar,WEST,AVANTA,FRAME,SHEET|FULL|RECTANGLE,MALE,1190,,,SYS158404,,1190,FREE,SYS158404,AV 0070HD - Avanta - Male - D/Brown - 54 - Full Frame - Rectangle - Sheet,0,1,1,REPLENISH,1,18,0,99658,99611
Jaipur Malviya Nagar,WEST,AVANTA,FRAME,SHEET|FULL|RECTANGLE,MALE,1190,,,SYS158378,,1190,FREE,SYS158378,AV 0061 - Avanta - Male - Black - 53 - Full Frame - Rectangle - Sheet,0,1,1,REPLENISH,1,157,0,99658,99611
Jaipur Malviya Nagar,WEST,AVANTA,FRAME,SHEET|FULL|RECTANGLE,MALE,1190,,,SYS158379,,1190,FREE,SYS158379,AV 0061 - Avanta - Male - D/Brown - 53 - Full Frame - Rectangle - Sheet,0,2,2,REPLENISH,2,129,0,99658,99611
Jaipur Malviya Nagar,WEST,AVANTA,FRAME,SHEET|FULL|CAT EYE,FEMALE,1190,,,SYS158411,,1190,FREE,SYS158411,AV 0072HD - Avanta - Female - Blue - 51 - Full Frame - Cat Eye - Sheet,0,1,1,REPLENISH,1,80,0,99658,99611
Jaipur Malviya Nagar,WEST,AVANTA,FRAME,SHEET|FULL|CAT EYE,FEMALE,1190,,,SYS158412,,1190,FREE,SYS158412,AV 0072HD - Avanta - Female - Trans/Brown - 51 - Full Frame - Cat Eye - Sheet,0,1,1,REPLENISH,1,56,0,99658,99611
Jaipur Malviya Nagar,WEST,AVANTA,FRAME,SHEET|FULL|ROUND,UNISEX,1190,,,SYS158413,,1190,FREE,SYS158413,AV 0068HD - Avanta - Unisex - Black - 48 - Full Frame - Round - Sheet,0,1,1,REPLENISH,1,87,0,99658,99611
Jaipur Malviya Nagar,WEST,AVANTA,FRAME,SHEET|FULL|ROUND,UNISEX,1190,,,SYS158415,,1190,FREE,SYS158415,AV 0068HD - Avanta - Unisex - Transparent - 48 - Full Frame - Round - Sheet,0,1,1,REPLENISH,1,92,0,99658,99611
Gurgaon Sec 29,NORTH,ADMYRA,FRAME,SHEET|FULL|ROUND,UNISEX,2190,,,SYS158544,,2190,FREE,SYS158544,AM 0123 - Admyra - Unisex - Black - 48 - Full Frame - Round - Sheet,0,1,1,REPLENISH,1,1,0,99897,99862
Delhi Dwarka Sec 09,NORTH,MIRAFLEX,FRAME,SHEET|FULL|CAT EYE,KIDS,2990,,,SYS105775,,2990,FREE,SYS105775,MF4014 - MiraFlex - Kids - L376 - 47 - Full Frame - Cat Eye - Sheet,0,1,1,REPLENISH,1,1,0,99985,99957
Delhi Preet Vihar Vikas Marg,NORTH,ADMYRA,FRAME,SHEET|FULL|RECTANGLE,MALE,2490,,,SYS67859,,2490,FREE,SYS67859,AM 039 - Admyra - Male - MT.Black - 51 - Full Frame - Rectangle - Sheet,0,1,1,REPLENISH,1,71,0,99756,99483
Panvel Laxmi Eye,WEST,AVANTA KIDS,FRAME,PEDIATRIC|FULL|ROUND,KIDS,1690,,,SYS165268,,1690,FREE,SYS165268,AV ZC1611 - Avanta Kids - Kids - C3 - 48 - Full Frame - Round - Pediatric,0,1,1,REPLENISH,1,1,0,99853,99519
Panvel Laxmi Eye,WEST,AVANTA KIDS,FRAME,TR|FULL|SQUARE,KIDS,790,,,SYS164544,,790,FREE,SYS164544,AV 55006 - Avanta Kids - Kids - Trans/Purple - 46 - Full Frame - Square - TR,0,1,1,REPLENISH,1,1,0,99853,99519
Navi Mumbai Nerul ( Shivam ),WEST,AVANTA,FRAME,METAL|SUPRA|RECTANGLE,MALE,790,,,SYS165676,,790,FREE,SYS165676,AV 56809 - Avanta - Male - Copper - 53 - Supra - Rectangle - Metal,0,1,1,REPLENISH,1,1,0,99694,99690
Delhi Preet Vihar Vikas Marg,NORTH,ADMYRA,FRAME,SHEET|FULL|SQUARE,MALE,2490,,,SYS68050,,2490,FREE,SYS68050,AM 010 - Admyra - Male - D/Brown - 56 - Full Frame - Square - Sheet,0,1,1,REPLENISH,1,1,0,99756,99483
Noida Spectrum Mall,NORTH,OMBRA,SUNGLASS,SHEET|FULL|SQUARE,UNISEX,1190,,,SYS166391,,1190,FREE,SYS166391,OB RE3389 - OMBRA - Unisex - C5 - 55 - Sunglass - Square - Sheet,0,1,1,REPLENISH,1,5,0,99933,99932
Delhi Shahdara,NORTH,AVANTA,FRAME,SHEET|FULL|ROUND,UNISEX,1190,,,SYS158414,,1190,FREE,SYS158414,AV 0068HD - Avanta - Unisex - D/Wine - 48 - Full Frame - Round - Sheet,0,1,1,REPLENISH,1,100,0,99754,99746
Delhi Shahdara,NORTH,AVANTA,FRAME,SHEET|FULL|ROUND,UNISEX,1190,,,SYS158415,,1190,FREE,SYS158415,AV 0068HD - Avanta - Unisex - Transparent - 48 - Full Frame - Round - Sheet,0,1,1,REPLENISH,1,92,0,99754,99746
Prayagraj Tashkent Marg,NORTH,AVANTA,FRAME,SHEET|FULL|CAT EYE,FEMALE,1190,,,SYS158409,,1190,FREE,SYS158409,AV 0072HD - Avanta - Female - Trans/Pink - 51 - Full Frame - Cat Eye - Sheet,0,1,1,REPLENISH,1,101,0,99551,99379
Prayagraj Tashkent Marg,NORTH,AVANTA,FRAME,SHEET|FULL|CAT EYE,FEMALE,1190,,,SYS158410,,1190,FREE,SYS158410,AV 0072HD - Avanta - Female - Purple - 51 - Full Frame - Cat Eye - Sheet,0,1,1,REPLENISH,1,77,0,99551,99379
Prayagraj Tashkent Marg,NORTH,AVANTA,FRAME,SHEET|FULL|CAT EYE,FEMALE,1190,,,SYS158412,,1190,FREE,SYS158412,AV 0072HD - Avanta - Female - Trans/Brown - 51 - Full Frame - Cat Eye - Sheet,0,1,1,REPLENISH,1,56,0,99551,99379
Prayagraj Tashkent Marg,NORTH,AVANTA,FRAME,SHEET|FULL|ROUND,UNISEX,1190,,,SYS158413,,1190,FREE,SYS158413,AV 0068HD - Avanta - Unisex - Black - 48 - Full Frame - Round - Sheet,0,1,1,REPLENISH,1,87,0,99551,99379
Prayagraj Tashkent Marg,NORTH,AVANTA,FRAME,SHEET|FULL|RECTANGLE,MALE,1190,,,SYS158380,,1190,FREE,SYS158380,AV 0061 - Avanta - Male - Trans/Blue - 53 - Full Frame - Rectangle - Sheet,0,1,1,REPLENISH,1,121,0,99551,99379
Panvel Laxmi Eye,WEST,AVANTA,FRAME,METAL|HALF|RECTANGLE,MALE,1790,,,SYS165483,,1790,FREE,SYS165483,AV 7233 - Avanta - Male - C1 - 52 - Half Frame - Rectangle - Metal,0,1,1,REPLENISH,1,2,0,99454,96355
Panvel Laxmi Eye,WEST,AVANTA,FRAME,METAL|FULL|RECTANGLE,MALE,1790,,,SYS165479,,1790,FREE,SYS165479,AV 7238 - Avanta - Male - C1 - 52 - Full Frame - Rectangle - Metal,0,1,1,REPLENISH,1,2,0,99454,96355
Hyderabad Banjara Hills,SOUTH,MIRAFLEX,FRAME,SHEET|FULL|CAT EYE,KIDS,2990,,,SYS105781,,2990,FREE,SYS105781,MF4010 - MiraFlex - Kids - L358 - 51 - Full Frame - Cat Eye - Sheet,0,1,1,REPLENISH,1,1,0,99986,99973
Gurgaon Sec 29,NORTH,FRENCH CONNECTION,FRAME,SHEET|FULL|CAT EYE,FEMALE,3590,,,SYS116781,,3590,FREE,SYS116781,FC 9973 - French Connection - Female - C5 - 53 - Full Frame - Cat Eye - Sheet,0,1,1,REPLENISH,1,1,0,99991,99990
Kharghar Laxmi Eye,WEST,AVANTA,FRAME,SHEET|FULL|RECTANGLE,MALE,1490,,,SYS142406,,1490,FREE,SYS142406,AV 0044 - Avanta - Male - Black - 53 - Full Frame - Rectangle - Sheet,0,1,1,REPLENISH,1,1,0,99714,99712
Ranchi Kutchery Road,EAST,AVANTA,FRAME,METAL|HALF|RECTANGLE,MALE,1190,,,SYS160628,,1190,FREE,SYS160628,AV 222561 - Avanta - Male - C3 - 52 - Half Frame - Rectangle - Metal,0,1,1,REPLENISH,1,1,0,99599,99572
Hyderabad Banjara Hills Dr Challa,SOUTH,AVANTA,FRAME,SHEET|FULL|RECTANGLE,MALE,1190,,,SYS158379,,1190,FREE,SYS158379,AV 0061 - Avanta - Male - D/Brown - 53 - Full Frame - Rectangle - Sheet,0,1,1,REPLENISH,1,129,0,99663,99660
Patiala Randhawa Eye,NORTH,AVANTA,FRAME,METAL|FULL|RECTANGLE,MALE,890,,,SYS148068,,890,FREE,SYS148068,AV 31001 - Avanta - Male - Copper - 48 - Full Frame - Rectangle - Metal,0,1,1,REPLENISH,1,4,0,99609,99267
Kanpur Mall Road,NORTH,AVANTA,FRAME,SHEET|FULL|RECTANGLE,MALE,1190,,,SYS158379,,1190,FREE,SYS158379,AV 0061 - Avanta - Male - D/Brown - 53 - Full Frame - Rectangle - Sheet,1,1,2,REPLENISH,1,129,0,99671,99632
Kanpur Mall Road,NORTH,AVANTA,FRAME,SHEET|FULL|RECTANGLE,MALE,1190,,,SYS158382,,1190,FREE,SYS158382,AV 0061 - Avanta - Male - D/Green - 53 - Full Frame - Rectangle - Sheet,0,2,2,REPLENISH,2,121,0,99671,99632
Kanpur Mall Road,NORTH,AVANTA,FRAME,SHEET|FULL|RECTANGLE,MALE,1190,,,SYS158378,,1190,FREE,SYS158378,AV 0061 - Avanta - Male - Black - 53 - Full Frame - Rectangle - Sheet,0,1,1,REPLENISH,1,157,0,99671,99632
Kanpur Mall Road,NORTH,AVANTA,FRAME,SHEET|FULL|RECTANGLE,MALE,1190,,,SYS158404,,1190,FREE,SYS158404,AV 0070HD - Avanta - Male - D/Brown - 54 - Full Frame - Rectangle - Sheet,1,1,2,REPLENISH,1,18,0,99671,99632
Kanpur Mall Road,NORTH,AVANTA,FRAME,SHEET|FULL|SQUARE,MALE,1190,,,SYS158370,,1190,FREE,SYS158370,AV 0064 - Avanta - Male - D/Green - 54 - Full Frame - Square - Sheet,0,1,1,REPLENISH,1,68,0,99671,99632
Kanpur Mall Road,NORTH,AVANTA,FRAME,SHEET|FULL|ROUND,UNISEX,1190,,,SYS158417,,1190,FREE,SYS158417,AV 0068HD - Avanta - Unisex - Trans/Purple - 48 - Full Frame - Round - Sheet,0,1,1,REPLENISH,1,63,0,99671,99632
Kanpur Mall Road,NORTH,AVANTA,FRAME,SHEET|FULL|CAT EYE,FEMALE,1190,,,SYS158410,,1190,FREE,SYS158410,AV 0072HD - Avanta - Female - Purple - 51 - Full Frame - Cat Eye - Sheet,0,1,1,REPLENISH,1,77,0,99671,99632
Kanpur Mall Road,NORTH,AVANTA,FRAME,SHEET|FULL|CAT EYE,FEMALE,1190,,,SYS158408,,1190,FREE,SYS158408,AV 0072HD - Avanta - Female - Black - 51 - Full Frame - Cat Eye - Sheet,0,1,1,REPLENISH,1,83,0,99671,99632
Kanpur Mall Road,NORTH,AVANTA,FRAME,SHEET|FULL|CAT EYE,FEMALE,1190,,,SYS158409,,1190,FREE,SYS158409,AV 0072HD - Avanta - Female - Trans/Pink - 51 - Full Frame - Cat Eye - Sheet,1,1,2,REPLENISH,1,101,0,99671,99632
Kanpur Mall Road,NORTH,AVANTA,FRAME,SHEET|FULL|CAT EYE,FEMALE,1190,,,SYS158411,,1190,FREE,SYS158411,AV 0072HD - Avanta - Female - Blue - 51 - Full Frame - Cat Eye - Sheet,0,1,1,REPLENISH,1,80,0,99671,99632
Kanpur Mall Road,NORTH,AVANTA,FRAME,SHEET|FULL|ROUND,UNISEX,1190,,,SYS158413,,1190,FREE,SYS158413,AV 0068HD - Avanta - Unisex - Black - 48 - Full Frame - Round - Sheet,0,1,1,REPLENISH,1,87,0,99671,99632
Delhi Preet Vihar Vikas Marg,NORTH,AVANTA,FRAME,SHEET|FULL|SQUARE,MALE,1190,,,SYS162649,,1190,FREE,SYS162649,AV 0063 - Avanta - Male - Trans/Grey - 51 - Full Frame - Square - Sheet,0,1,1,REPLENISH,1,289,0,99641,99537
Palwal New Colony,NORTH,ADMYRA,FRAME,SHEET|FULL|CAT EYE,FEMALE,2490,,,SYS162296,,2490,FREE,SYS162296,AM 0127 - Admyra - Female - Black - 53 - Full Frame - Cat Eye - Sheet,0,1,1,REPLENISH,1,27,0,99853,99850
Palwal New Colony,NORTH,ADMYRA,FRAME,SHEET|FULL|CAT EYE,FEMALE,2490,,,SYS162297,,2490,FREE,SYS162297,AM 0127 - Admyra - Female - D/Brown - 53 - Full Frame - Cat Eye - Sheet,0,1,1,REPLENISH,1,22,0,99853,99850
Agra Ashoka Plaza,NORTH,AVANTA,FRAME,METAL|SUPRA|RECTANGLE,MALE,690,,,SYS143384,,690,FREE,SYS143384,AV 31004 - Avanta - Male - Black - 51 - Supra - Rectangle - Metal,0,1,1,REPLENISH,1,8,0,99786,99605
Delhi Dwarka Vegas Mall Sec 14,NORTH,CARRERA,SUNGLASS,SHEET|FULL|SQUARE,FEMALE,8300,,,SYS92357,,8300,FREE,SYS92357,CA 3026/S - Carrera - Female - HAM - 56 - Sunglass - Square - Sheet,1,1,2,REPLENISH,1,3,2,99990,99989
Faridabad Sec 16A,NORTH,AVANTA,FRAME,METAL|FULL|SQUARE,MALE,990,,,SYS118944,,990,FREE,SYS118944,AV B38007 - Avanta - Male - Gun - 52 - Full Frame - Square - Metal,0,1,1,REPLENISH,1,1,0,99726,99673
Faridabad Sec 16A,NORTH,AVANTA,FRAME,METAL|FULL|SQUARE,MALE,990,,,SYS164810,,990,FREE,SYS164810,AV 7412205 - Avanta - Male - Gold/Blk - 51 - Full Frame - Square - Metal,0,1,1,REPLENISH,1,11,0,99726,99673
Palwal New Colony,NORTH,AVANTA,FRAME,METAL|FULL|RECTANGLE,MALE,890,,,SYS68165,,890,FREE,SYS68165,AV 31005 - Avanta - Male - Gun - 49 - Full Frame - Rectangle - Metal,0,1,1,REPLENISH,1,2,0,99635,99624
Dombivli (East) Laxmi Eye,WEST,AVANTA,FRAME,SHEET|FULL|CAT EYE,FEMALE,1190,,,SYS158409,,1190,FREE,SYS158409,AV 0072HD - Avanta - Female - Trans/Pink - 51 - Full Frame - Cat Eye - Sheet,0,1,1,REPLENISH,1,101,0,99837,99832
Hyderabad Neo Retina (Abids),SOUTH,ADMYRA,FRAME,SHEET|FULL|CAT EYE,FEMALE,2790,,,SYS162313,,2790,FREE,SYS162313,AM 0132 - Admyra - Female - Pink - 52 - Full Frame - Cat Eye - Sheet,0,1,1,REPLENISH,1,39,0,99926,99922
Dombivli (East) Laxmi Eye,WEST,AVANTA,FRAME,SHEET|FULL|RECTANGLE,MALE,1190,,,SYS158379,,1190,FREE,SYS158379,AV 0061 - Avanta - Male - D/Brown - 53 - Full Frame - Rectangle - Sheet,0,1,1,REPLENISH,1,129,0,99837,99832
Delhi Preet Vihar Vikas Marg,NORTH,RAYBAN,FRAME,SHEET|FULL|SQUARE,MALE,5490,,,SYS12274,,5490,FREE,SYS12274,RX7027I - Rayban - Male - 5419 - 54 - Full Frame - Square - Sheet,0,1,1,REPLENISH,1,2,0,99971,99965
Hyderabad Neo Retina (Abids),SOUTH,ADMYRA,FRAME,SHEET|FULL|CAT EYE,FEMALE,2790,,,SYS162317,,2790,FREE,SYS162317,AM 0133 - Admyra - Female - D/Purple - 53 - Full Frame - Cat Eye - Sheet,0,1,1,REPLENISH,1,48,0,99926,99922
Karnal Model Town,NORTH,AVANTA,FRAME,TR|FULL|CAT EYE,FEMALE,990,,,SYS121567,,990,FREE,SYS121567,AV 18890 - Avanta - Female - MT.Grey - 53 - Full Frame - Cat Eye - TR,0,1,1,REPLENISH,1,1,0,99593,99171
Karnal Model Town,NORTH,AVANTA,FRAME,METAL|FULL|SQUARE,MALE,1390,,,SYS167355,,1390,FREE,SYS167355,AV 99304 - Avanta - Male - C1/1 - 53 - Full Frame - Square - Metal,0,1,1,REPLENISH,1,2,0,99593,99171
Delhi Vikaspuri Najafgarh Road,NORTH,AVANTA,FRAME,SHEET|FULL|SQUARE,MALE,1190,,,SYS162649,,1190,FREE,SYS162649,AV 0063 - Avanta - Male - Trans/Grey - 51 - Full Frame - Square - Sheet,0,1,1,REPLENISH,1,289,0,99822,99813
Delhi Vikaspuri Najafgarh Road,NORTH,AVANTA,FRAME,SHEET|FULL|SQUARE,MALE,1190,,,SYS162647,,1190,FREE,SYS162647,AV 0063 - Avanta - Male - Trans/Blue - 51 - Full Frame - Square - Sheet,0,1,1,REPLENISH,1,55,0,99822,99813
Delhi Vikaspuri Najafgarh Road,NORTH,AVANTA,FRAME,SHEET|FULL|SQUARE,MALE,1190,,,SYS162646,,1190,FREE,SYS162646,AV 0063 - Avanta - Male - D/Brown - 51 - Full Frame - Square - Sheet,0,1,1,REPLENISH,1,79,0,99822,99813
Delhi Safdarjung Enclave,NORTH,AVANTA,FRAME,SHEET|FULL|SQUARE,MALE,1190,,,SYS162645,,1190,FREE,SYS162645,AV 0063 - Avanta - Male - Black - 51 - Full Frame - Square - Sheet,0,1,1,REPLENISH,1,121,0,99883,99861
Delhi Safdarjung Enclave,NORTH,AVANTA,FRAME,SHEET|FULL|SQUARE,MALE,1190,,,SYS162649,,1190,FREE,SYS162649,AV 0063 - Avanta - Male - Trans/Grey - 51 - Full Frame - Square - Sheet,0,1,1,REPLENISH,1,289,0,99883,99861
Noida Spectrum Mall,NORTH,AVANTA,FRAME,TR|FULL|ROUND,UNISEX,990,,,SYS166934,,990,FREE,SYS166934,AV 81010 - Avanta - Unisex - MT.Grey - 48 - Full Frame - Round - TR,0,1,1,REPLENISH,1,1,0,99715,99664
Indirapuram Shakti Khand Eros Market,NORTH,OMBRA,SUNGLASS,SHEET|FULL|ROUND,UNISEX,1590,,,SYS166465,,1590,FREE,SYS166465,OB 66518 - OMBRA - Unisex - C3 - 46 - Sunglass - Round - Sheet,0,1,1,REPLENISH,1,1,0,99956,99881
Ghaziabad RDC,NORTH,PIERRE CARDIN,FRAME,METAL|FULL|CAT EYE,FEMALE,6900,,,SYS92441,,6900,FREE,SYS92441,P.C. 8883 - Pierre Cardin - Female - DDB - 54 - Full Frame - Cat Eye - Metal,0,1,1,REPLENISH,1,1,0,99988,99987
Delhi Dwarka Krishna Mall,NORTH,EMPORIO ARMANI,FRAME,METAL|HALF|RECTANGLE,UNISEX,12890,,,SYS49455,,12890,FREE,SYS49455,EA1041 - Emporio Armani - Unisex - 3094 - 55 - Supra - Rectangle - Metal,0,1,1,REPLENISH,1,3,0,99985,99982
Gurgaon Sec 29,NORTH,ADMYRA,FRAME,SHEET|FULL|CAT EYE,FEMALE,2990,,,SYS115307,,2990,FREE,SYS115307,AM 101 - Admyra - Female - Trans/Green - 53 - Full Frame - Cat Eye - Sheet,2,0,2,REPLENISH,1,18,0,99897,99862
Delhi Safdarjung Enclave,NORTH,STEPPER,FRAME,TITANIUM|FULL|SQUARE,UNISEX,10780,,,SYS162009,,10780,FREE,SYS162009,SI/60290 - Stepper - Unisex - F099 - 55 - Full Frame - Square -Titanium,0,1,1,REPLENISH,1,1,0,99980,99965
Ranchi Kutchery Road,EAST,AVANTA,FRAME,SHEET|FULL|SQUARE,MALE,1190,,,SYS162649,,1190,FREE,SYS162649,AV 0063 - Avanta - Male - Trans/Grey - 51 - Full Frame - Square - Sheet,0,1,1,REPLENISH,1,289,0,99599,99572
Ranchi Kutchery Road,EAST,AVANTA,FRAME,SHEET|FULL|SQUARE,MALE,1190,,,SYS162645,,1190,FREE,SYS162645,AV 0063 - Avanta - Male - Black - 51 - Full Frame - Square - Sheet,0,1,1,REPLENISH,1,121,0,99599,99572
Gorakhpur Mughlaha,NORTH,TOMMY HILFIGER,FRAME,TITANIUM|RIMLESS|SQUARE,MALE,9990,,,SYS111589,,9990,FREE,SYS111589,TH 6340T - Tommy Hilfiger - Male - C1 - 56 - Rimless - Square - Titanium,0,1,1,REPLENISH,1,1,0,99988,99986
Jhunjhunu Indra Nagar,WEST,RAYBAN,FRAME,SHEET|FULL|SQUARE,MALE,5490,,,SYS12270,,5490,FREE,SYS12270,RX7027I - Rayban - Male - 2000 - 54 - Full Frame - Square - Sheet,0,1,1,REPLENISH,1,5,0,99986,99985
Delhi Preet Vihar Vikas Marg,NORTH,VOGUE JUNIOR,FRAME,SHEET|FULL|OVAL,KIDS,2990,,,SYS75158,,2990,FREE,SYS75158,VY2013 - Vogue Junior - Kids - 2866 - 45 - Full Frame - Oval - Sheet,0,1,1,REPLENISH,1,2,0,99990,99985
Panvel Laxmi Eye,WEST,ADMYRA,FRAME,TR|FULL|CAT EYE,FEMALE,2190,,,SYS163989,,2190,FREE,SYS163989,AM 9909 - Admyra - Female - C1 - 51 - Full Frame - Cat Eye - TR,0,1,1,REPLENISH,1,1,0,99743,99427
Panvel Laxmi Eye,WEST,ADMYRA,FRAME,TR|FULL|CAT EYE,FEMALE,2190,,,SYS163973,,2190,FREE,SYS163973,AM 9906 - Admyra - Female - C1 - 52 - Full Frame - Cat Eye - TR,1,1,2,REPLENISH,2,2,0,99743,99427
Noida MOI,NORTH,RAYBAN,SUNGLASS,METAL|FULL|RECTANGLE,MALE,14990,,,SYS166562,,14990,FREE,SYS166562,RB3746 - Rayban - Male - 927158 - 56 - Sunglass - Rectangle - Metal,0,1,1,REPLENISH,1,1,0,99878,99812
Delhi Safdarjung Enclave,NORTH,ADMYRA,FRAME,SHEET|FULL|CAT EYE,FEMALE,2790,,,SYS162312,,2790,FREE,SYS162312,AM 0132 - Admyra - Female - D/Brown - 52 - Full Frame - Cat Eye - Sheet,1,1,2,REPLENISH,1,53,0,99885,99597
Delhi Safdarjung Enclave,NORTH,ADMYRA,FRAME,SHEET|FULL|CAT EYE,FEMALE,2790,,,SYS162307,,2790,FREE,SYS162307,AM 0131 - Admyra - Female - D/Brown - 51 - Full Frame - Cat Eye - Sheet,1,1,2,REPLENISH,1,47,0,99885,99597
Delhi Safdarjung Enclave,NORTH,RAYBAN,FRAME,METAL|RIMLESS|RECTANGLE,MALE,6490,,,SYS75111,,6490,FREE,SYS75111,RX6506I - Rayban - Male - 2509 - 55 - Rimless - Rectangle - Metal,0,1,1,REPLENISH,1,1,0,99969,99958
Delhi Safdarjung Enclave,NORTH,BURBERRY,FRAME,SHEET|FULL|SQUARE,MALE,21090,,,SYS162327,,21090,FREE,SYS162327,BE2445 - Burberry - Male - 4205 - 52 - Full Frame - Square - Sheet,0,1,1,REPLENISH,1,1,0,99984,99983
Gurgaon Sec 29,NORTH,STEPPER,FRAME,TITANIUM|HALF|RECTANGLE,MALE,9900,,,SYS113815,,9900,FREE,SYS113815,SI/60172 - Stepper - Male - F010 - 54 - Half Frame - Rectangle - Titanium,0,1,1,REPLENISH,1,1,0,99985,99975
Delhi Dwarka Sec 09,NORTH,MIRAFLEX,FRAME,SHEET|FULL|CAT EYE,KIDS,2990,,,SYS106885,,2990,FREE,SYS106885,MF4019 - MiraFlex - Kids - L910 - 52 - Full Frame - Cat Eye - Sheet,0,1,1,REPLENISH,1,3,0,99985,99957
Mumbai Chembur Rushab Eye,WEST,AVANTA,FRAME,SHEET|FULL|ROUND,UNISEX,1190,,,SYS158413,,1190,FREE,SYS158413,AV 0068HD - Avanta - Unisex - Black - 48 - Full Frame - Round - Sheet,0,1,1,REPLENISH,1,87,0,99755,99750
Mumbai Chembur Rushab Eye,WEST,AVANTA,FRAME,SHEET|FULL|CAT EYE,FEMALE,1190,,,SYS158409,,1190,FREE,SYS158409,AV 0072HD - Avanta - Female - Trans/Pink - 51 - Full Frame - Cat Eye - Sheet,0,2,2,REPLENISH,2,101,0,99755,99750
Mumbai Chembur Rushab Eye,WEST,AVANTA,FRAME,SHEET|FULL|RECTANGLE,MALE,1190,,,SYS158379,,1190,FREE,SYS158379,AV 0061 - Avanta - Male - D/Brown - 53 - Full Frame - Rectangle - Sheet,0,1,1,REPLENISH,1,129,0,99755,99750
Panvel Laxmi Eye,WEST,AVANTA,FRAME,METAL|HALF|RECTANGLE,FEMALE,990,,,SYS163535,,990,FREE,SYS163535,AV 202433 - Avanta - Female - Purple - 50 - Half Frame - Rectangle - Metal,0,1,1,REPLENISH,1,2,0,99454,96355
Surat Rander Road,WEST,AVANTA,FRAME,TR|FULL|CAT EYE,FEMALE,990,,,SYS167115,,990,FREE,SYS167115,AV 250981 - Avanta - Female - C1 - 47 - Full Frame - Cat Eye - TR,0,1,1,REPLENISH,1,2,0,99755,99749
Panvel Laxmi Eye,WEST,RAYBAN,FRAME,SHEET|FULL|SQUARE,MALE,6290,,,SYS78171,,6290,FREE,SYS78171,RX7027I - Rayban - Male - 6751 - 54 - Full Frame - Square - Sheet,0,2,2,REPLENISH,2,2,0,99982,99970
Noida Sec 50,NORTH,AVANTA,FRAME,METAL|FULL|SQUARE,MALE,990,,,SYS164810,,990,FREE,SYS164810,AV 7412205 - Avanta - Male - Gold/Blk - 51 - Full Frame - Square - Metal,0,1,1,REPLENISH,1,11,0,99898,99894
Panvel Laxmi Eye,WEST,AVANTA,FRAME,METAL|HALF|SQUARE,MALE,1190,,,SYS163747,,1190,FREE,SYS163747,AV 222570 - Avanta - Male - C1 - 51 - Half Frame - Square - Metal,0,1,1,REPLENISH,1,2,0,99454,96355
Panvel Laxmi Eye,WEST,AVANTA,FRAME,METAL|SUPRA|RECTANGLE,MALE,690,,,SYS163743,,690,FREE,SYS163743,AV 202432 - Avanta - Male - Gold - 51 - Supra - Rectangle - Metal,0,1,1,REPLENISH,1,1,0,99454,96355
Hyderabad Banjara Hills,SOUTH,MIRAFLEX,FRAME,SHEET|FULL|CAT EYE,KIDS,2990,,,SYS106883,,2990,FREE,SYS106883,MF4010 - MiraFlex - Kids - L357 - 51 - Full Frame - Cat Eye - Sheet,0,1,1,REPLENISH,1,1,0,99986,99973
Noida GaurCity,NORTH,BURBERRY,SUNGLASS,SHEET|FULL|SQUARE,MALE,20290,,,SYS56650,,20290,FREE,SYS56650,BE4358 - Burberry - Male - 346481 - 57 - Sunglass - Square - Sheet,0,1,1,REPLENISH,1,1,0,99980,99976
Delhi Pitampura,NORTH,AVANTA,FRAME,SHEET|FULL|RECTANGLE,MALE,1190,,,SYS158378,,1190,FREE,SYS158378,AV 0061 - Avanta - Male - Black - 53 - Full Frame - Rectangle - Sheet,0,1,1,REPLENISH,1,157,0,99804,99801
Palwal New Colony,NORTH,ADMYRA,FRAME,SHEET|FULL|RECTANGLE,MALE,2190,,,SYS67877,,2190,FREE,SYS67877,AM 090 - Admyra - Male - MT.Black - 54 - Full Frame - Rectangle - Sheet,0,1,1,REPLENISH,1,1,0,99853,99850
Bhiwani Circular Road,NORTH,AVANTA,FRAME,SHEET|FULL|SQUARE,MALE,1190,,,SYS162646,,1190,FREE,SYS162646,AV 0063 - Avanta - Male - D/Brown - 51 - Full Frame - Square - Sheet,0,1,1,REPLENISH,1,79,0,99504,99454
Bhiwani Circular Road,NORTH,AVANTA,FRAME,SHEET|FULL|SQUARE,MALE,1190,,,SYS162645,,1190,FREE,SYS162645,AV 0063 - Avanta - Male - Black - 51 - Full Frame - Square - Sheet,0,1,1,REPLENISH,1,121,0,99504,99454
Bhiwani Circular Road,NORTH,ADMYRA,FRAME,SHEET|FULL|RECTANGLE,MALE,2190,,,SYS139936,,2190,FREE,SYS139936,AM 113 - Admyra - Male - D/Grey - 52 - Full Frame - Rectangle - Sheet,1,1,2,REPLENISH,1,16,0,99774,99770
Noida MOI,NORTH,RAYBAN,FRAME,SHEET|FULL|SQUARE,UNISEX,9290,,,SYS144842,,9290,FREE,SYS144842,RX7256 - Rayban - Unisex - 8260 - 53 - Full Frame - Square - Sheet,0,2,2,REPLENISH,2,4,0,99950,99907
Noida MOI,NORTH,VOGUE,SUNGLASS,SHEET|FULL|CAT EYE,FEMALE,3390,,,SYS144736,,3390,FREE,SYS144736,VO5649SI - Vogue - Female - W65648 - 54 - Sunglass - Cat Eye - Sheet,0,1,1,REPLENISH,1,1,0,99961,99949
Vadodara Genda Circle,NORTH,AVANTA,FRAME,SHEET|FULL|SQUARE,MALE,1190,,,SYS158368,,1190,FREE,SYS158368,AV 0064 - Avanta - Male - Black - 54 - Full Frame - Square - Sheet,0,1,1,REPLENISH,1,172,0,99800,99796
Vadodara Genda Circle,NORTH,AVANTA,FRAME,SHEET|FULL|RECTANGLE,MALE,1190,,,SYS158380,,1190,FREE,SYS158380,AV 0061 - Avanta - Male - Trans/Blue - 53 - Full Frame - Rectangle - Sheet,0,1,1,REPLENISH,1,121,0,99800,99796
Patna Kankarbagh,NORTH,AVANTA,FRAME,SHEET|FULL|CAT EYE,FEMALE,1190,,,SYS158419,,1190,FREE,SYS158419,AV 0066 - Avanta - Female - D/Brown - 53 - Full Frame - Cat Eye - Sheet,1,1,2,REPLENISH,1,15,0,99685,99544
Patna Kankarbagh,NORTH,AVANTA,FRAME,SHEET|FULL|CAT EYE,FEMALE,1190,,,SYS158412,,1190,FREE,SYS158412,AV 0072HD - Avanta - Female - Trans/Brown - 51 - Full Frame - Cat Eye - Sheet,0,1,1,REPLENISH,1,56,0,99685,99544
Patna Kankarbagh,NORTH,AVANTA,FRAME,SHEET|FULL|CAT EYE,FEMALE,1190,,,SYS158411,,1190,FREE,SYS158411,AV 0072HD - Avanta - Female - Blue - 51 - Full Frame - Cat Eye - Sheet,0,2,2,REPLENISH,2,80,0,99685,99544
Patna Kankarbagh,NORTH,AVANTA,FRAME,SHEET|FULL|ROUND,UNISEX,1190,,,SYS158414,,1190,FREE,SYS158414,AV 0068HD - Avanta - Unisex - D/Wine - 48 - Full Frame - Round - Sheet,0,2,2,REPLENISH,2,100,0,99685,99544
Patna Kankarbagh,NORTH,AVANTA,FRAME,SHEET|FULL|ROUND,UNISEX,1190,,,SYS158417,,1190,FREE,SYS158417,AV 0068HD - Avanta - Unisex - Trans/Purple - 48 - Full Frame - Round - Sheet,0,1,1,REPLENISH,1,63,0,99685,99544
Patna Kankarbagh,NORTH,AVANTA,FRAME,SHEET|FULL|RECTANGLE,MALE,1190,,,SYS158379,,1190,FREE,SYS158379,AV 0061 - Avanta - Male - D/Brown - 53 - Full Frame - Rectangle - Sheet,1,1,2,REPLENISH,2,129,0,99685,99544
Patna Kankarbagh,NORTH,AVANTA,FRAME,SHEET|FULL|RECTANGLE,MALE,1190,,,SYS158390,,1190,FREE,SYS158390,AV 0065 - Avanta - Male - Transparent - 52 - Full Frame - Rectangle - Sheet,0,1,1,REPLENISH,1,79,0,99685,99544
Patna Kankarbagh,NORTH,AVANTA,FRAME,SHEET|FULL|RECTANGLE,MALE,1190,,,SYS158378,,1190,FREE,SYS158378,AV 0061 - Avanta - Male - Black - 53 - Full Frame - Rectangle - Sheet,0,1,1,REPLENISH,1,157,0,99685,99544
Patna Kankarbagh,NORTH,AVANTA,FRAME,SHEET|FULL|RECTANGLE,MALE,1190,,,SYS158404,,1190,FREE,SYS158404,AV 0070HD - Avanta - Male - D/Brown - 54 - Full Frame - Rectangle - Sheet,0,1,1,REPLENISH,1,18,0,99685,99544
Patna Kankarbagh,NORTH,AVANTA,FRAME,SHEET|FULL|CAT EYE,FEMALE,1190,,,SYS158409,,1190,FREE,SYS158409,AV 0072HD - Avanta - Female - Trans/Pink - 51 - Full Frame - Cat Eye - Sheet,0,2,2,REPLENISH,2,101,0,99685,99544
Patna Kankarbagh,NORTH,AVANTA,FRAME,SHEET|FULL|CAT EYE,FEMALE,1190,,,SYS158408,,1190,FREE,SYS158408,AV 0072HD - Avanta - Female - Black - 51 - Full Frame - Cat Eye - Sheet,0,1,1,REPLENISH,1,83,0,99685,99544
Patna Kankarbagh,NORTH,AVANTA,FRAME,SHEET|FULL|CAT EYE,FEMALE,1190,,,SYS158410,,1190,FREE,SYS158410,AV 0072HD - Avanta - Female - Purple - 51 - Full Frame - Cat Eye - Sheet,1,1,2,REPLENISH,1,77,0,99685,99544
Bhiwani Circular Road,NORTH,AVANTA,FRAME,METAL|SUPRA|RECTANGLE,MALE,790,,,SYS167317,,790,FREE,SYS167317,AV 86030 - Avanta - Male - Black - 52 - Supra - Rectangle - Metal,0,1,1,REPLENISH,1,5,0,99504,99454
Patna Kankarbagh,NORTH,AVANTA,FRAME,SHEET|FULL|CAT EYE,FEMALE,1190,,,SYS158492,,1190,FREE,SYS158492,AV 0074 - Avanta - Female - Pink - 51 - Full Frame - Cat Eye - Sheet,0,1,1,REPLENISH,1,6,0,99685,99544
Patna Kankarbagh,NORTH,AVANTA,FRAME,SHEET|FULL|CAT EYE,FEMALE,1190,,,SYS158491,,1190,FREE,SYS158491,AV 0074 - Avanta - Female - Black - 51 - Full Frame - Cat Eye - Sheet,1,1,2,REPLENISH,2,4,0,99685,99544
Patna Kankarbagh,NORTH,AVANTA,FRAME,SHEET|FULL|CAT EYE,FEMALE,1190,,,SYS158495,,1190,FREE,SYS158495,AV 0074 - Avanta - Female - Teal - 51 - Full Frame - Cat Eye - Sheet,0,1,1,REPLENISH,1,10,0,99685,99544
Panvel Laxmi Eye,WEST,AVANTA,FRAME,TR|FULL|RECTANGLE,MALE,890,,,SYS166788,,890,FREE,SYS166788,AV 270811 - Avanta - Male - Black - 51 - Full Frame - Rectangle - TR,0,1,1,REPLENISH,1,11,0,99454,96355
Panvel Laxmi Eye,WEST,AVANTA,FRAME,TR|FULL|ROUND,UNISEX,890,,,SYS166785,,890,FREE,SYS166785,AV 270814 - Avanta - Unisex - Black - 48 - Full Frame - Round - TR,0,1,1,REPLENISH,1,6,0,99454,96355
Mumbai Chembur Rushab Eye,WEST,AVANTA,FRAME,SHEET|FULL|SQUARE,MALE,1190,,,SYS162649,,1190,FREE,SYS162649,AV 0063 - Avanta - Male - Trans/Grey - 51 - Full Frame - Square - Sheet,0,1,1,REPLENISH,1,289,0,99755,99750
Jhunjhunu Indra Nagar,WEST,AVANTA,FRAME,SHEET|FULL|SQUARE,MALE,1190,,,SYS162646,,1190,FREE,SYS162646,AV 0063 - Avanta - Male - D/Brown - 51 - Full Frame - Square - Sheet,0,1,1,REPLENISH,1,79,0,99712,98997
Jhunjhunu Indra Nagar,WEST,AVANTA,FRAME,SHEET|FULL|SQUARE,MALE,1190,,,SYS162649,,1190,FREE,SYS162649,AV 0063 - Avanta - Male - Trans/Grey - 51 - Full Frame - Square - Sheet,0,1,1,REPLENISH,1,289,0,99712,98997
Panvel Laxmi Eye,WEST,AVANTA,FRAME,TR|FULL|RECTANGLE,MALE,990,,,SYS166953,,990,FREE,SYS166953,AV 50046 - Avanta - Male - C2 - 50 - Full Frame - Rectangle - TR,0,1,1,REPLENISH,1,5,0,99454,96355
Delhi Safdarjung Enclave,NORTH,AVANTA,FRAME,METAL|HALF|SQUARE,MALE,1190,,,SYS163756,,1190,FREE,SYS163756,AV 222569 - Avanta - Male - C1 - 52 - Half Frame - Square - Metal,0,1,1,REPLENISH,1,2,0,99883,99861
Kolkata Madhyamgram,EAST,OMBRA,SUNGLASS,SHEET|FULL|WAYFARER,UNISEX,1590,,,SYS166468,,1590,FREE,SYS166468,OB 66802 - OMBRA - Unisex - C2 - 49 - Sunglass - Wayfarer - Sheet,0,1,1,REPLENISH,1,1,0,99966,99960
Delhi Vikaspuri Najafgarh Road,NORTH,AVANTA,FRAME,METAL|HALF|RECTANGLE,MALE,1690,,,SYS116999,,1690,FREE,SYS116999,AV 56076 - Avanta - Male - C5 - 53 - Half Frame - Rectangle - Metal,0,1,1,REPLENISH,1,1,0,99822,99813
Noida GaurCity,NORTH,ADMYRA,FRAME,SHEET|FULL|ROUND,UNISEX,2990,,,SYS115309,,2990,FREE,SYS115309,AM 102 - Admyra - Unisex - Black - 49 - Full Frame - Round - Sheet,1,1,2,REPLENISH,1,27,0,99651,99639
Guwahati Bhangagarh,NORTH,AVANTA,FRAME,SHEET|FULL|CAT EYE,FEMALE,1190,,,SYS158411,,1190,FREE,SYS158411,AV 0072HD - Avanta - Female - Blue - 51 - Full Frame - Cat Eye - Sheet,0,1,1,REPLENISH,1,80,0,99785,99780
Hyderabad Neo Retina (Abids),SOUTH,AVANTA,FRAME,SHEET|FULL|SQUARE,MALE,1190,,,SYS162646,,1190,FREE,SYS162646,AV 0063 - Avanta - Male - D/Brown - 51 - Full Frame - Square - Sheet,0,1,1,REPLENISH,1,79,0,99826,99816
Hyderabad Neo Retina (Abids),SOUTH,AVANTA,FRAME,SHEET|FULL|SQUARE,MALE,1190,,,SYS162649,,1190,FREE,SYS162649,AV 0063 - Avanta - Male - Trans/Grey - 51 - Full Frame - Square - Sheet,0,1,1,REPLENISH,1,289,0,99826,99816
Kolkata Madhyamgram,EAST,OMBRA,SUNGLASS,SHEET|FULL|SQUARE,MALE,1190,,,SYS166366,,1190,FREE,SYS166366,OB 62106P - OMBRA - Male - C2 - 52 - Sunglass - Square - Sheet,0,1,1,REPLENISH,1,10,0,99966,99960
Ghaziabad Nehru Nagar,NORTH,ADMYRA,FRAME,SHEET|FULL|CAT EYE,FEMALE,2790,,,SYS162306,,2790,FREE,SYS162306,AM 0131 - Admyra - Female - Black - 51 - Full Frame - Cat Eye - Sheet,0,1,1,REPLENISH,1,51,0,99753,99752
Delhi Safdarjung Enclave,NORTH,RAYBAN,FRAME,SHEET|FULL|CAT EYE,FEMALE,6290,,,SYS78379,,6290,FREE,SYS78379,RX5423I - Rayban - Female - 2012 - 50 - Full Frame - Cat Eye - Sheet,0,1,1,REPLENISH,1,1,0,99969,99958
Jaipur Malviya Nagar,WEST,RAYBAN,FRAME,SHEET|FULL|WAYFARER,UNISEX,8890,,,SYS56500,,8890,FREE,SYS56500,RX4340V - Rayban - Unisex - 2012 - 50 - Full Frame - Wayfarer - Sheet,0,1,1,REPLENISH,1,1,0,99981,99979
Panvel Laxmi Eye,WEST,AVANTA,FRAME,METAL|SUPRA|RECTANGLE,MALE,790,,,SYS167328,,790,FREE,SYS167328,AV 12900 - Avanta - Male - Gold - 50 - Supra - Rectangle - Metal,0,1,1,REPLENISH,1,1,0,99454,96355
Ghaziabad RDC,NORTH,TOMMY HILFIGER,SUNGLASS,SHEET|FULL|SQUARE,MALE,8490,,,SYS157155,,8490,FREE,SYS157155,TH 1089 - Tommy Hilfiger - Male - C3 - 53 - Clip on - Square - Sheet,0,1,1,REPLENISH,1,1,0,99970,99965
Ghaziabad RDC,NORTH,TOMMY HILFIGER,SUNGLASS,SHEET|FULL|SQUARE,MALE,8490,,,SYS157154,,8490,FREE,SYS157154,TH 1089 - Tommy Hilfiger - Male - C2 - 53 - Clip on - Square - Sheet,0,1,1,REPLENISH,1,1,0,99970,99965
Badlapur Kulgaon Drishti Eye,WEST,ADMYRA,FRAME,SHEET|FULL|RECTANGLE,MALE,2190,,,SYS142569,,2190,FREE,SYS142569,AM 116 - Admyra - Male - Blue - 54 - Full Frame - Rectangle - Sheet,1,1,2,REPLENISH,1,1,0,99877,99834
Nashik Navkar Eye,WEST,AVANTA,FRAME,SHEET|FULL|CAT EYE,FEMALE,1190,,,SYS158409,,1190,FREE,SYS158409,AV 0072HD - Avanta - Female - Trans/Pink - 51 - Full Frame - Cat Eye - Sheet,0,1,1,REPLENISH,1,101,0,99713,99709
Nashik Navkar Eye,WEST,AVANTA,FRAME,SHEET|FULL|RECTANGLE,MALE,1190,,,SYS158380,,1190,FREE,SYS158380,AV 0061 - Avanta - Male - Trans/Blue - 53 - Full Frame - Rectangle - Sheet,0,1,1,REPLENISH,1,121,0,99713,99709
Nashik Navkar Eye,WEST,AVANTA,FRAME,SHEET|FULL|RECTANGLE,MALE,1190,,,SYS158379,,1190,FREE,SYS158379,AV 0061 - Avanta - Male - D/Brown - 53 - Full Frame - Rectangle - Sheet,1,1,2,REPLENISH,2,129,0,99713,99709
Jaipur Malviya Nagar,WEST,ADMYRA,FRAME,SHEET|FULL|SQUARE,MALE,2790,,,SYS162291,,2790,FREE,SYS162291,AM 0130 - Admyra - Male - Black - 55 - Full Frame - Square - Sheet,0,1,1,REPLENISH,1,24,0,99823,99819
Jodhpur Sardarpura,WEST,AVANTA,FRAME,SHEET|FULL|ROUND,UNISEX,1190,,,SYS158414,,1190,FREE,SYS158414,AV 0068HD - Avanta - Unisex - D/Wine - 48 - Full Frame - Round - Sheet,0,1,1,REPLENISH,1,100,0,99879,99867
Jodhpur Sardarpura,WEST,AVANTA,FRAME,SHEET|FULL|ROUND,UNISEX,1190,,,SYS158415,,1190,FREE,SYS158415,AV 0068HD - Avanta - Unisex - Transparent - 48 - Full Frame - Round - Sheet,0,1,1,REPLENISH,1,92,0,99879,99867
Jodhpur Sardarpura,WEST,AVANTA,FRAME,SHEET|FULL|CAT EYE,FEMALE,1190,,,SYS158409,,1190,FREE,SYS158409,AV 0072HD - Avanta - Female - Trans/Pink - 51 - Full Frame - Cat Eye - Sheet,0,1,1,REPLENISH,1,101,0,99879,99867
Gurgaon Sec 29,NORTH,VOGUE JUNIOR,FRAME,SHEET|FULL|OVAL,KIDS,2990,,,SYS75158,,2990,FREE,SYS75158,VY2013 - Vogue Junior - Kids - 2866 - 45 - Full Frame - Oval - Sheet,1,1,2,REPLENISH,1,2,0,99989,99986
Noida MOI,NORTH,RAYBAN,FRAME,SHEET|FULL|WAYFARER,UNISEX,8890,,,SYS56553,,8890,FREE,SYS56553,RX4340V - Rayban - Unisex - 2000 - 50 - Full Frame - Wayfarer - Sheet,1,1,2,REPLENISH,1,1,0,99950,99907
Jodhpur Sardarpura,WEST,AVANTA,FRAME,SHEET|FULL|RECTANGLE,MALE,1190,,,SYS158379,,1190,FREE,SYS158379,AV 0061 - Avanta - Male - D/Brown - 53 - Full Frame - Rectangle - Sheet,0,1,1,REPLENISH,1,129,0,99879,99867
Jodhpur Sardarpura,WEST,AVANTA,FRAME,SHEET|FULL|RECTANGLE,MALE,1190,,,SYS158390,,1190,FREE,SYS158390,AV 0065 - Avanta - Male - Transparent - 52 - Full Frame - Rectangle - Sheet,0,1,1,REPLENISH,1,79,0,99879,99867
Guwahati Bhangagarh,NORTH,ADMYRA,FRAME,SHEET|FULL|SQUARE,MALE,2490,,,SYS67555,,2490,FREE,SYS67555,AM 001 - Admyra - Male - Black - 53 - Full Frame - Square - Sheet,1,1,2,REPLENISH,1,134,0,99746,99741
Noida MOI,NORTH,RAYBAN,SUNGLASS,SHEET|FULL|WAYFARER,MALE,13290,,,SYS51126,,13290,FREE,SYS51126,RB2140 - Rayban - Male - 901/58 - 50 - Sunglass - Wayfarer - Sheet,1,1,2,REPLENISH,3,1,0,99878,99812
Delhi Dwarka Krishna Mall,NORTH,AVANTA,FRAME,SHEET|FULL|RECTANGLE,MALE,1190,,,SYS158379,,1190,FREE,SYS158379,AV 0061 - Avanta - Male - D/Brown - 53 - Full Frame - Rectangle - Sheet,0,1,1,REPLENISH,1,129,0,99876,99875
Panvel Laxmi Eye,WEST,AVANTA,FRAME,TR|FULL|RECTANGLE,MALE,1090,,,SYS167030,,1090,FREE,SYS167030,AV 156006 - Avanta - Male - Trans/Brown - 50 - Full Frame - Rectangle - TR,0,1,1,REPLENISH,1,3,0,99454,96355
Noida MOI,NORTH,GUCCI,SUNGLASS,SHEET|FULL|CAT EYE,FEMALE,23000,,,SYS144527,,23000,FREE,SYS144527,GG1861S - Gucci - Female - 003 - 53 - Sunglass - Cat Eye - Sheet,0,1,1,REPLENISH,1,1,0,99951,99940
Noida MOI,NORTH,RAYBAN,FRAME,SHEET|FULL|SQUARE,UNISEX,5990,,,SYS144514,,5990,FREE,SYS144514,RX7237I - Rayban - Unisex - 6819 - 53 - Full Frame - Square - Sheet,0,1,1,REPLENISH,1,1,0,99950,99907
Noida MOI,NORTH,GUCCI,SUNGLASS,SHEET|FULL|RECTANGLE,MALE,14900,,,SYS144533,,14900,FREE,SYS144533,GG1857S - Gucci - Male - 001 - 55 - Sunglass - Rectangle - Sheet,1,1,2,REPLENISH,1,3,0,99951,99940
Noida MOI,NORTH,VERSACE,SUNGLASS,METAL|FULL|SQUARE,MALE,24490,,,SYS88740,,24490,FREE,SYS88740,VE2199 - Versace - Male - 100281 - 56 - Sunglass - Square - Metal,0,1,1,REPLENISH,1,1,0,99979,99971
Badlapur Kulgaon Drishti Eye,WEST,ADMYRA,FRAME,SHEET|FULL|CAT EYE,FEMALE,2190,,,SYS139960,,2190,FREE,SYS139960,AM 115 - Admyra - Female - Trans/Pink - 51 - Full Frame - Cat Eye - Sheet,1,1,2,REPLENISH,2,13,0,99877,99834
Badlapur Kulgaon Drishti Eye,WEST,ADMYRA,FRAME,SHEET|FULL|RECTANGLE,MALE,2190,,,SYS139936,,2190,FREE,SYS139936,AM 113 - Admyra - Male - D/Grey - 52 - Full Frame - Rectangle - Sheet,1,1,2,REPLENISH,2,16,0,99877,99834
Panvel Laxmi Eye,WEST,AVANTA,FRAME,TR|FULL|SQUARE,MALE,1090,,,SYS167066,,1090,FREE,SYS167066,AV 156004 - Avanta - Male - Trans/Blue - 50 - Full Frame - Square - TR,0,1,1,REPLENISH,1,2,0,99454,96355
Delhi Safdarjung Enclave,NORTH,EMPORIO ARMANI,FRAME,SHEET|FULL|WAYFARER,MALE,14590,,,SYS56632,,14590,FREE,SYS56632,EA4115 - Emporio Armani - Male - 58531W - 54 - Full Frame - Wayfarer - Sheet,0,1,1,REPLENISH,1,2,0,99977,99974
Hyderabad Neo Retina (Abids),SOUTH,EMPORIO ARMANI,FRAME,METAL|HALF|RECTANGLE,UNISEX,12890,,,SYS49455,,12890,FREE,SYS49455,EA1041 - Emporio Armani - Unisex - 3094 - 55 - Supra - Rectangle - Metal,1,1,2,REPLENISH,1,3,0,99994,99990
Delhi Dwarka Vegas Mall Sec 14,NORTH,VOGUE,SUNGLASS,METAL|FULL|SQUARE,FEMALE,6690,,,SYS111516,,6690,FREE,SYS111516,VO4284S - Vogue - Female - 51524L - 56 - Sunglass - Square - Metal,0,1,1,REPLENISH,1,3,0,99973,99959
Sikar Police Line Road I Max,WEST,AVANTA,FRAME,METAL|FULL|ROUND,UNISEX,790,,,SYS159201,,790,FREE,SYS159201,AV 941010 - Avanta - Unisex - Silver/Blue - 49 - Full Frame - Round - Metal,0,1,1,REPLENISH,1,1,0,99174,98617
Dombivli (East) Laxmi Eye,WEST,ADMYRA,FRAME,SHEET|FULL|CAT EYE,FEMALE,2490,,,SYS162297,,2490,FREE,SYS162297,AM 0127 - Admyra - Female - D/Brown - 53 - Full Frame - Cat Eye - Sheet,0,1,1,REPLENISH,1,22,0,99899,99898
Delhi Safdarjung Enclave,NORTH,RAYBAN,FRAME,METAL|FULL|HEXAGON,MALE,8890,,,SYS61368,,8890,FREE,SYS61368,RX3694V - Rayban - Male - 2501 - 51 - Full Frame - Hexagon - Metal,0,1,1,REPLENISH,1,2,0,99969,99958
Delhi Safdarjung Enclave,NORTH,RAYBAN,FRAME,METAL|FULL|HEXAGON,MALE,8890,,,SYS61405,,8890,FREE,SYS61405,RX3694V - Rayban - Male - 2500 - 51 - Full Frame - Hexagon - Metal,1,1,2,REPLENISH,1,1,0,99969,99958
Delhi Shahdara,NORTH,ADMYRA,FRAME,SHEET|FULL|CAT EYE,FEMALE,2790,,,SYS162315,,2790,FREE,SYS162315,AM 0132 - Admyra - Female - Green - 52 - Full Frame - Cat Eye - Sheet,0,1,1,REPLENISH,1,47,0,99853,99850
Kanpur Mall Road,NORTH,AVANTA,FRAME,TR|FULL|ROUND,UNISEX,990,,,SYS163217,,990,FREE,SYS163217,AV 303039 - Avanta - Unisex - MT.Grey - 47 - Full Frame - Round - TR,0,1,1,REPLENISH,1,6,0,99671,99632
Delhi Shahdara,NORTH,ADMYRA,FRAME,SHEET|FULL|CAT EYE,FEMALE,2490,,,SYS162297,,2490,FREE,SYS162297,AM 0127 - Admyra - Female - D/Brown - 53 - Full Frame - Cat Eye - Sheet,1,1,2,REPLENISH,1,22,0,99853,99850
Prayagraj Tashkent Marg,NORTH,ADMYRA,FRAME,SHEET|FULL|CAT EYE,FEMALE,2490,,,SYS162299,,2490,FREE,SYS162299,AM 0127 - Admyra - Female - Green - 53 - Full Frame - Cat Eye - Sheet,1,1,2,REPLENISH,1,12,0,99688,99686
Kolkata AJC Bose Road,EAST,ADMYRA,FRAME,TR|FULL|CAT EYE,FEMALE,2190,,,SYS163963,,2190,FREE,SYS163963,AM 9905 - Admyra - Female - C5 - 54 - Full Frame - Cat Eye - TR,0,1,1,REPLENISH,1,2,0,99821,99816
Gorakhpur Mughlaha,NORTH,AVANTA,FRAME,SHEET|FULL|RECTANGLE,MALE,1190,,,SYS158379,,1190,FREE,SYS158379,AV 0061 - Avanta - Male - D/Brown - 53 - Full Frame - Rectangle - Sheet,0,1,1,REPLENISH,1,129,0,99667,99643
Gorakhpur Mughlaha,NORTH,AVANTA,FRAME,SHEET|FULL|CAT EYE,FEMALE,1190,,,SYS158408,,1190,FREE,SYS158408,AV 0072HD - Avanta - Female - Black - 51 - Full Frame - Cat Eye - Sheet,0,1,1,REPLENISH,1,83,0,99667,99643
Gorakhpur Mughlaha,NORTH,AVANTA,FRAME,SHEET|FULL|CAT EYE,FEMALE,1190,,,SYS158409,,1190,FREE,SYS158409,AV 0072HD - Avanta - Female - Trans/Pink - 51 - Full Frame - Cat Eye - Sheet,0,2,2,REPLENISH,2,101,0,99667,99643
Gorakhpur Mughlaha,NORTH,AVANTA,FRAME,SHEET|FULL|ROUND,UNISEX,1190,,,SYS158413,,1190,FREE,SYS158413,AV 0068HD - Avanta - Unisex - Black - 48 - Full Frame - Round - Sheet,0,1,1,REPLENISH,1,87,0,99667,99643
Gorakhpur Mughlaha,NORTH,AVANTA,FRAME,SHEET|FULL|ROUND,UNISEX,1190,,,SYS158415,,1190,FREE,SYS158415,AV 0068HD - Avanta - Unisex - Transparent - 48 - Full Frame - Round - Sheet,0,1,1,REPLENISH,1,92,0,99667,99643
Gorakhpur Mughlaha,NORTH,AVANTA,FRAME,SHEET|FULL|ROUND,UNISEX,1190,,,SYS158414,,1190,FREE,SYS158414,AV 0068HD - Avanta - Unisex - D/Wine - 48 - Full Frame - Round - Sheet,0,1,1,REPLENISH,1,100,0,99667,99643
Gorakhpur Mughlaha,NORTH,AVANTA,FRAME,SHEET|FULL|CAT EYE,FEMALE,1190,,,SYS158411,,1190,FREE,SYS158411,AV 0072HD - Avanta - Female - Blue - 51 - Full Frame - Cat Eye - Sheet,0,1,1,REPLENISH,1,80,0,99667,99643
Gorakhpur Mughlaha,NORTH,AVANTA,FRAME,SHEET|FULL|ROUND,UNISEX,1190,,,SYS158416,,1190,FREE,SYS158416,AV 0068HD - Avanta - Unisex - D/Green - 48 - Full Frame - Round - Sheet,0,1,1,REPLENISH,1,27,0,99667,99643
Gorakhpur Mughlaha,NORTH,AVANTA,FRAME,SHEET|FULL|RECTANGLE,MALE,1190,,,SYS158382,,1190,FREE,SYS158382,AV 0061 - Avanta - Male - D/Green - 53 - Full Frame - Rectangle - Sheet,0,1,1,REPLENISH,1,121,0,99667,99643
Gorakhpur Mughlaha,NORTH,AVANTA,FRAME,SHEET|FULL|SQUARE,MALE,1190,,,SYS158372,,1190,FREE,SYS158372,AV 0064 - Avanta - Male - Trans/Grey - 54 - Full Frame - Square - Sheet,0,1,1,REPLENISH,1,123,0,99667,99643
Faridabad Sec 16A,NORTH,AVANTA,FRAME,TR|FULL|RECTANGLE,MALE,590,,,SYS143111,,590,FREE,SYS143111,AV TR 1006 - Avanta - Male - White - 50 - Full Frame - Rectangle - TR,0,1,1,REPLENISH,1,2,0,99726,99673
Faridabad Sec 16A,NORTH,ADMYRA,FRAME,SHEET|FULL|SQUARE,MALE,2190,,,SYS142674,,2190,FREE,SYS142674,AM 109 - Admyra - Male - Grey - 53 - Full Frame - Square - Sheet,1,1,2,REPLENISH,1,5,0,99777,99774
Sikar Police Line Road I Max,WEST,AVANTA,FRAME,SHEET|FULL|ROUND,UNISEX,1190,,,SYS158413,,1190,FREE,SYS158413,AV 0068HD - Avanta - Unisex - Black - 48 - Full Frame - Round - Sheet,0,2,2,REPLENISH,2,87,0,99174,98617
Sikar Police Line Road I Max,WEST,AVANTA,FRAME,SHEET|FULL|CAT EYE,FEMALE,1190,,,SYS158412,,1190,FREE,SYS158412,AV 0072HD - Avanta - Female - Trans/Brown - 51 - Full Frame - Cat Eye - Sheet,0,1,1,REPLENISH,1,56,0,99174,98617
Sikar Police Line Road I Max,WEST,AVANTA,FRAME,SHEET|FULL|ROUND,UNISEX,1190,,,SYS158415,,1190,FREE,SYS158415,AV 0068HD - Avanta - Unisex - Transparent - 48 - Full Frame - Round - Sheet,0,2,2,REPLENISH,2,92,0,99174,98617
Sikar Police Line Road I Max,WEST,AVANTA,FRAME,SHEET|FULL|ROUND,UNISEX,1190,,,SYS158414,,1190,FREE,SYS158414,AV 0068HD - Avanta - Unisex - D/Wine - 48 - Full Frame - Round - Sheet,0,2,2,REPLENISH,2,100,0,99174,98617
Sikar Police Line Road I Max,WEST,AVANTA,FRAME,SHEET|FULL|ROUND,UNISEX,1190,,,SYS158424,,1190,FREE,SYS158424,AV 0071HD - Avanta - Unisex - D/Wine - 47 - Full Frame - Round - Sheet,0,1,1,REPLENISH,2,4,0,99174,98617
Sikar Police Line Road I Max,WEST,AVANTA,FRAME,SHEET|FULL|RECTANGLE,MALE,1190,,,SYS158381,,1190,FREE,SYS158381,AV 0061 - Avanta - Male - Trans/Grey - 53 - Full Frame - Rectangle - Sheet,0,1,1,REPLENISH,1,138,0,99174,98617
Sikar Police Line Road I Max,WEST,AVANTA,FRAME,SHEET|FULL|RECTANGLE,MALE,1190,,,SYS158382,,1190,FREE,SYS158382,AV 0061 - Avanta - Male - D/Green - 53 - Full Frame - Rectangle - Sheet,0,1,1,REPLENISH,1,121,0,99174,98617
Sikar Police Line Road I Max,WEST,AVANTA,FRAME,SHEET|FULL|RECTANGLE,MALE,1190,,,SYS158379,,1190,FREE,SYS158379,AV 0061 - Avanta - Male - D/Brown - 53 - Full Frame - Rectangle - Sheet,0,2,2,REPLENISH,2,129,0,99174,98617
Sikar Police Line Road I Max,WEST,AVANTA,FRAME,SHEET|FULL|CAT EYE,FEMALE,1190,,,SYS158408,,1190,FREE,SYS158408,AV 0072HD - Avanta - Female - Black - 51 - Full Frame - Cat Eye - Sheet,0,2,2,REPLENISH,2,83,0,99174,98617
Sikar Police Line Road I Max,WEST,AVANTA,FRAME,SHEET|FULL|CAT EYE,FEMALE,1190,,,SYS158409,,1190,FREE,SYS158409,AV 0072HD - Avanta - Female - Trans/Pink - 51 - Full Frame - Cat Eye - Sheet,0,2,2,REPLENISH,2,101,0,99174,98617
Badlapur Kulgaon Drishti Eye,WEST,AVANTA,FRAME,METAL|FULL|RECTANGLE,MALE,790,,,SYS167416,,790,FREE,SYS167416,AV 31006 - Avanta - Male - Gun - 50 - Full Frame - Rectangle - Metal,0,1,1,REPLENISH,1,5,0,99828,99816
Sikar Police Line Road I Max,WEST,AVANTA,FRAME,SHEET|FULL|CAT EYE,FEMALE,1190,,,SYS158495,,1190,FREE,SYS158495,AV 0074 - Avanta - Female - Teal - 51 - Full Frame - Cat Eye - Sheet,0,1,1,REPLENISH,1,10,0,99174,98617
Jabalpur Napier Town,SOUTH,AVANTA,FRAME,SHEET|FULL|CAT EYE,FEMALE,1190,,,SYS158409,,1190,FREE,SYS158409,AV 0072HD - Avanta - Female - Trans/Pink - 51 - Full Frame - Cat Eye - Sheet,0,1,1,REPLENISH,1,101,0,99735,99714
Jabalpur Napier Town,SOUTH,AVANTA,FRAME,SHEET|FULL|CAT EYE,FEMALE,1190,,,SYS158408,,1190,FREE,SYS158408,AV 0072HD - Avanta - Female - Black - 51 - Full Frame - Cat Eye - Sheet,0,1,1,REPLENISH,1,83,0,99735,99714
Jabalpur Napier Town,SOUTH,AVANTA,FRAME,SHEET|FULL|RECTANGLE,MALE,1190,,,SYS158388,,1190,FREE,SYS158388,AV 0065 - Avanta - Male - Black - 52 - Full Frame - Rectangle - Sheet,0,1,1,REPLENISH,1,102,0,99735,99714
Jabalpur Napier Town,SOUTH,AVANTA,FRAME,SHEET|FULL|RECTANGLE,MALE,1190,,,SYS158382,,1190,FREE,SYS158382,AV 0061 - Avanta - Male - D/Green - 53 - Full Frame - Rectangle - Sheet,0,1,1,REPLENISH,1,121,0,99735,99714
Jabalpur Napier Town,SOUTH,AVANTA,FRAME,SHEET|FULL|SQUARE,MALE,1190,,,SYS158369,,1190,FREE,SYS158369,AV 0064 - Avanta - Male - D/Brown - 54 - Full Frame - Square - Sheet,0,1,1,REPLENISH,1,160,0,99735,99714
Jabalpur Napier Town,SOUTH,AVANTA,FRAME,SHEET|FULL|RECTANGLE,MALE,1190,,,SYS158379,,1190,FREE,SYS158379,AV 0061 - Avanta - Male - D/Brown - 53 - Full Frame - Rectangle - Sheet,0,1,1,REPLENISH,1,129,0,99735,99714
Bhiwani Circular Road,NORTH,OMBRA,SUNGLASS,SHEET|FULL|SQUARE,MALE,1590,,,SYS166474,,1590,FREE,SYS166474,OB 66804 - OMBRA - Male - C7 - 52 - Sunglass - Square - Sheet,0,1,1,REPLENISH,1,8,0,99971,99970
Varanasi Mahmoorganj,NORTH,AVANTA,FRAME,SHEET|FULL|CAT EYE,FEMALE,1490,,,SYS142336,,1490,FREE,SYS142336,AV 0046 - Avanta - Female - Demi - 51 - Full Frame - Cat Eye - Sheet,0,1,1,REPLENISH,1,1,0,99579,99484
Varanasi Mahmoorganj,NORTH,ADMYRA,FRAME,SHEET|FULL|RECTANGLE,MALE,2190,,,SYS139936,,2190,FREE,SYS139936,AM 113 - Admyra - Male - D/Grey - 52 - Full Frame - Rectangle - Sheet,1,1,2,REPLENISH,1,16,0,99749,99745
Karnal Model Town,NORTH,ADMYRA,FRAME,SHEET|FULL|SQUARE,MALE,2190,,,SYS142677,,2190,FREE,SYS142677,AM 109 - Admyra - Male - D/Brown - 53 - Full Frame - Square - Sheet,0,1,1,REPLENISH,1,23,0,99837,99833
Karnal Model Town,NORTH,AVANTA,FRAME,METAL|SUPRA|RECTANGLE,MALE,690,,,SYS143390,,690,FREE,SYS143390,AV 31004 - Avanta - Male - Gun - 51 - Supra - Rectangle - Metal,0,1,1,REPLENISH,1,11,0,99593,99171
Panchkula Sector 2,NORTH,TOMMY HILFIGER,FRAME,SHEET|FULL|RECTANGLE,MALE,5990,,,SYS165721,,5990,FREE,SYS165721,TH 1097K - Tommy Hilfiger - Male - C1 - 52 - Full Frame - Rectangle - Sheet,0,1,1,REPLENISH,1,1,0,99986,99985
Faridabad Sec 16A,NORTH,AVANTA,FRAME,SHEET|FULL|CAT EYE,FEMALE,1490,,,SYS142334,,1490,FREE,SYS142334,AV 0046 - Avanta - Female - L/Green - 51 - Full Frame - Cat Eye - Sheet,0,1,1,REPLENISH,1,2,0,99726,99673
Vadodara Genda Circle,NORTH,ADMYRA,FRAME,SHEET|FULL|CAT EYE,FEMALE,2990,,,SYS115304,,2990,FREE,SYS115304,AM 101 - Admyra - Female - Black - 53 - Full Frame - Cat Eye - Sheet,0,1,1,REPLENISH,1,32,0,99859,99855
Vadodara Genda Circle,NORTH,ADMYRA,FRAME,SHEET|FULL|CAT EYE,FEMALE,2990,,,SYS115305,,2990,FREE,SYS115305,AM 101 - Admyra - Female - D/Brown - 53 - Full Frame - Cat Eye - Sheet,0,1,1,REPLENISH,1,39,0,99859,99855
Hyderabad Neo Retina (Abids),SOUTH,AVANTA,FRAME,METAL|SUPRA|RECTANGLE,MALE,890,,,SYS164154,,890,FREE,SYS164154,AV 202536 - Avanta - Male - Gold - 50 - Supra - Rectangle - Metal,0,1,1,REPLENISH,1,4,0,99826,99816
Delhi Preet Vihar Vikas Marg,NORTH,AVANTA,FRAME,SHEET|FULL|RECTANGLE,MALE,1190,,,SYS118321,,1190,FREE,SYS118321,AV 3591 - Avanta - Male - Grey - 53 - Full Frame - Rectangle - Sheet,0,1,1,REPLENISH,1,1,0,99641,99537
Delhi Vikaspuri Najafgarh Road,NORTH,AVANTA,FRAME,METAL|FULL|SQUARE,MALE,1190,,,SYS164722,,1190,FREE,SYS164722,AV PB005 - Avanta - Male - Silver - 52 - Full Frame - Square - Metal,0,1,1,REPLENISH,1,12,0,99822,99813
Jhunjhunu Indra Nagar,WEST,AVANTA,FRAME,METAL|HALF|SQUARE,MALE,1190,,,SYS163756,,1190,FREE,SYS163756,AV 222569 - Avanta - Male - C1 - 52 - Half Frame - Square - Metal,0,1,1,REPLENISH,1,2,0,99712,98997
Srinagar Rainawari Fazili,NORTH,AVANTA,FRAME,TR|FULL|RECTANGLE,MALE,890,,,SYS162926,,890,FREE,SYS162926,AV 66609 - Avanta - Male - Transparent - 53 - Full Frame - Rectangle - TR,0,1,1,REPLENISH,1,1,0,99772,99767
Jhunjhunu Indra Nagar,WEST,AVANTA,FRAME,METAL|HALF|RECTANGLE,FEMALE,990,,,SYS163555,,990,FREE,SYS163555,AV 202438 - Avanta - Female - Blue/Gun - 48 - Half Frame - Rectangle - Metal,0,1,1,REPLENISH,1,6,0,99712,98997
Ranchi Kutchery Road,EAST,AVANTA,FRAME,METAL|FULL|HEXAGON,MALE,1190,,,SYS165323,,1190,FREE,SYS165323,AV V112 - Avanta - Male - C2 - 50 - Full Frame - Hexagon - Metal,0,1,1,REPLENISH,1,2,0,99599,99572
Jhunjhunu Indra Nagar,WEST,AVANTA,FRAME,METAL|HALF|RECTANGLE,MALE,1790,,,SYS117018,,1790,FREE,SYS117018,AV 56115 - Avanta - Male - C2 - 53 - Half Frame - Rectangle - Metal,0,1,1,REPLENISH,1,2,0,99712,98997
Srinagar Baghat Fazili,NORTH,AVANTA,FRAME,SHEET|FULL|ROUND,UNISEX,1190,,,SYS158415,,1190,FREE,SYS158415,AV 0068HD - Avanta - Unisex - Transparent - 48 - Full Frame - Round - Sheet,0,1,1,REPLENISH,1,92,0,99795,99781
Srinagar Baghat Fazili,NORTH,AVANTA,FRAME,SHEET|FULL|ROUND,UNISEX,1190,,,SYS158416,,1190,FREE,SYS158416,AV 0068HD - Avanta - Unisex - D/Green - 48 - Full Frame - Round - Sheet,0,1,1,REPLENISH,1,27,0,99795,99781
Srinagar Baghat Fazili,NORTH,AVANTA,FRAME,SHEET|FULL|ROUND,UNISEX,1190,,,SYS158413,,1190,FREE,SYS158413,AV 0068HD - Avanta - Unisex - Black - 48 - Full Frame - Round - Sheet,0,1,1,REPLENISH,1,87,0,99795,99781
Srinagar Baghat Fazili,NORTH,AVANTA,FRAME,SHEET|FULL|RECTANGLE,MALE,1190,,,SYS158379,,1190,FREE,SYS158379,AV 0061 - Avanta - Male - D/Brown - 53 - Full Frame - Rectangle - Sheet,0,1,1,REPLENISH,1,129,0,99795,99781
Vijayawada Mogalrajpuram,SOUTH,AVANTA,FRAME,METAL|SUPRA|RECTANGLE,MALE,790,,,SYS110916,,790,FREE,SYS110916,AV 31008 - Avanta - Male - Copper - 49 - Supra - Rectangle - Metal,1,1,2,REPLENISH,1,4,0,99730,99588
Delhi Shahdara,NORTH,AVANTA,FRAME,METAL|HALF|RECTANGLE,FEMALE,790,,,SYS162954,,790,FREE,SYS162954,AV 202534 - Avanta - Female - Gun - 48 - Half Frame - Rectangle - Metal,0,1,1,REPLENISH,1,1,0,99754,99746
Ranchi Kutchery Road,EAST,AVANTA,FRAME,METAL|FULL|AVIATOR,MALE,1190,,,SYS164712,,1190,FREE,SYS164712,AV PB002 - Avanta - Male - Black - 53 - Full Frame - Aviator - Metal,0,1,1,REPLENISH,1,9,0,99599,99572
Guwahati Bhangagarh,NORTH,AVANTA,FRAME,METAL|HALF|RECTANGLE,MALE,690,,,SYS68156,,690,FREE,SYS68156,AV 31003 - Avanta - Male - Black - 50 - Supra - Rectangle - Metal,0,1,1,REPLENISH,1,6,0,99785,99780
Guwahati Bhangagarh,NORTH,AVANTA,FRAME,METAL|HALF|RECTANGLE,MALE,690,,,SYS68152,,690,FREE,SYS68152,AV 31003 - Avanta - Male - Gun - 50 - Supra - Rectangle - Metal,0,1,1,REPLENISH,1,10,0,99785,99780
Ranchi Kutchery Road,EAST,AVANTA,FRAME,METAL|SUPRA|RECTANGLE,MALE,590,,,SYS164849,,590,FREE,SYS164849,AV 25035524 - Avanta - Male - Purple - 48 - Supra - Rectangle - Metal,0,1,1,REPLENISH,1,1,0,99599,99572
Ghaziabad Nehru Nagar,NORTH,AVANTA,FRAME,SHEET|FULL|RECTANGLE,MALE,1190,,,SYS158380,,1190,FREE,SYS158380,AV 0061 - Avanta - Male - Trans/Blue - 53 - Full Frame - Rectangle - Sheet,0,1,1,REPLENISH,1,121,0,99771,99754
Ghaziabad Nehru Nagar,NORTH,AVANTA,FRAME,SHEET|FULL|CAT EYE,FEMALE,1190,,,SYS158409,,1190,FREE,SYS158409,AV 0072HD - Avanta - Female - Trans/Pink - 51 - Full Frame - Cat Eye - Sheet,0,1,1,REPLENISH,1,101,0,99771,99754
Ghaziabad Nehru Nagar,NORTH,AVANTA,FRAME,SHEET|FULL|CAT EYE,FEMALE,1190,,,SYS158411,,1190,FREE,SYS158411,AV 0072HD - Avanta - Female - Blue - 51 - Full Frame - Cat Eye - Sheet,0,1,1,REPLENISH,1,80,0,99771,99754
Ghaziabad Nehru Nagar,NORTH,AVANTA,FRAME,SHEET|FULL|ROUND,UNISEX,1190,,,SYS158413,,1190,FREE,SYS158413,AV 0068HD - Avanta - Unisex - Black - 48 - Full Frame - Round - Sheet,0,1,1,REPLENISH,1,87,0,99771,99754
Ghaziabad Nehru Nagar,NORTH,AVANTA,FRAME,SHEET|FULL|ROUND,UNISEX,1190,,,SYS158416,,1190,FREE,SYS158416,AV 0068HD - Avanta - Unisex - D/Green - 48 - Full Frame - Round - Sheet,0,1,1,REPLENISH,1,27,0,99771,99754
Panvel Laxmi Eye,WEST,OMBRA,SUNGLASS,SHEET|FULL|SQUARE,MALE,1190,,,SYS166439,,1190,FREE,SYS166439,OB 6247P - OMBRA - Male - C6 - 50 - Sunglass - Square - Sheet,0,1,1,REPLENISH,1,1,0,99812,99809
Noida MOI,NORTH,STEPPER,FRAME,TITANIUM|RIMLESS|CAT EYE,FEMALE,7150,,,SYS78812,,7150,FREE,SYS78812,SI/3219B - Stepper - Female - F022 - 52 - Rimless - Cat Eye - Titanium,0,1,1,REPLENISH,1,3,0,99984,99981
Delhi Vikaspuri Najafgarh Road,NORTH,OMBRA,SUNGLASS,METAL|FULL|SQUARE,MALE,1390,,,SYS166407,,1390,FREE,SYS166407,OB 1305 - OMBRA - Male - C2 - 53 - Sunglass - Square - Metal,0,1,1,REPLENISH,1,1,0,99962,99961
Ghaziabad Nehru Nagar,NORTH,AVANTA,FRAME,METAL|SUPRA|RECTANGLE,MALE,790,,,SYS159254,,790,FREE,SYS159254,AV 802508 - Avanta - Male - Copper - 49 - Supra - Rectangle - Metal,0,1,1,REPLENISH,1,4,0,99771,99754
Kanpur Mall Road,NORTH,AVANTA,FRAME,METAL|FULL|RECTANGLE,MALE,790,,,SYS162901,,790,FREE,SYS162901,AV C38001 - Avanta - Male - Gun - 48 - Full Frame - Rectangle - Metal,0,1,1,REPLENISH,1,1,0,99671,99632
Ahemdabad CG Road,WEST,AVANTA,FRAME,TR|FULL|CAT EYE,FEMALE,890,,,SYS159454,,890,FREE,SYS159454,AV 162301 - Avanta - Female - Black - 50 - Full Frame - Cat Eye - TR,0,1,1,REPLENISH,1,1,0,99771,99766
Delhi Dwarka Vegas Mall Sec 14,NORTH,EMPORIO ARMANI,FRAME,METAL|FULL|SQUARE,FEMALE,13690,,,SYS107194,,13690,FREE,SYS107194,EA1156 - Emporio Armani - Female - 3013 - 52 - Full Frame - Square - Metal,1,1,2,REPLENISH,1,1,0,99978,99966
Jaipur Malviya Nagar,WEST,AVANTA,FRAME,SHEET|FULL|SQUARE,MALE,1190,,,SYS162649,,1190,FREE,SYS162649,AV 0063 - Avanta - Male - Trans/Grey - 51 - Full Frame - Square - Sheet,0,1,1,REPLENISH,1,289,0,99658,99611
Jaipur Malviya Nagar,WEST,AVANTA,FRAME,SHEET|FULL|SQUARE,MALE,1190,,,SYS162646,,1190,FREE,SYS162646,AV 0063 - Avanta - Male - D/Brown - 51 - Full Frame - Square - Sheet,0,1,1,REPLENISH,1,79,0,99658,99611
Kolkata AJC Bose Road,EAST,AVANTA,FRAME,SHEET|FULL|SQUARE,MALE,1190,,,SYS162646,,1190,FREE,SYS162646,AV 0063 - Avanta - Male - D/Brown - 51 - Full Frame - Square - Sheet,0,1,1,REPLENISH,1,79,0,99786,99777
Kolkata AJC Bose Road,EAST,AVANTA,FRAME,SHEET|FULL|SQUARE,MALE,1190,,,SYS162647,,1190,FREE,SYS162647,AV 0063 - Avanta - Male - Trans/Blue - 51 - Full Frame - Square - Sheet,0,1,1,REPLENISH,1,55,0,99786,99777
Navi Mumbai Nerul ( Shivam ),WEST,ADMYRA,FRAME,SHEET|FULL|CAT EYE,FEMALE,2190,,,SYS139960,,2190,FREE,SYS139960,AM 115 - Admyra - Female - Trans/Pink - 51 - Full Frame - Cat Eye - Sheet,0,1,1,REPLENISH,1,13,0,99771,99768
Navi Mumbai Nerul ( Shivam ),WEST,ADMYRA,FRAME,SHEET|FULL|CAT EYE,FEMALE,2190,,,SYS139957,,2190,FREE,SYS139957,AM 115 - Admyra - Female - Black - 51 - Full Frame - Cat Eye - Sheet,0,1,1,REPLENISH,1,8,0,99771,99768
Pune Satara Road Jhamwar Eye,WEST,AVANTA,FRAME,SHEET|FULL|CAT EYE,FEMALE,1190,,,SYS158410,,1190,FREE,SYS158410,AV 0072HD - Avanta - Female - Purple - 51 - Full Frame - Cat Eye - Sheet,0,1,1,REPLENISH,1,77,0,99706,99701
Pune Satara Road Jhamwar Eye,WEST,AVANTA,FRAME,SHEET|FULL|CAT EYE,FEMALE,1190,,,SYS158412,,1190,FREE,SYS158412,AV 0072HD - Avanta - Female - Trans/Brown - 51 - Full Frame - Cat Eye - Sheet,0,1,1,REPLENISH,1,56,0,99706,99701
Pune Satara Road Jhamwar Eye,WEST,AVANTA,FRAME,SHEET|FULL|RECTANGLE,MALE,1190,,,SYS158380,,1190,FREE,SYS158380,AV 0061 - Avanta - Male - Trans/Blue - 53 - Full Frame - Rectangle - Sheet,0,1,1,REPLENISH,1,121,0,99706,99701
Warangal Hanamkonda Kakathiya,SOUTH,AVANTA,FRAME,METAL|SUPRA|RECTANGLE,MALE,890,,,SYS148040,,890,FREE,SYS148040,AV 31001 - Avanta - Male - Gun - 51 - Supra - Rectangle - Metal,0,1,1,REPLENISH,1,13,0,99226,96995
Gorakhpur Mughlaha,NORTH,AVANTA,FRAME,SHEET|FULL|SQUARE,MALE,1190,,,SYS162649,,1190,FREE,SYS162649,AV 0063 - Avanta - Male - Trans/Grey - 51 - Full Frame - Square - Sheet,0,1,1,REPLENISH,1,289,0,99667,99643
Gorakhpur Mughlaha,NORTH,AVANTA,FRAME,SHEET|FULL|SQUARE,MALE,1190,,,SYS162645,,1190,FREE,SYS162645,AV 0063 - Avanta - Male - Black - 51 - Full Frame - Square - Sheet,0,1,1,REPLENISH,1,121,0,99667,99643
Badlapur Kulgaon Drishti Eye,WEST,ADMYRA,FRAME,SHEET|FULL|SQUARE,MALE,2190,,,SYS142673,,2190,FREE,SYS142673,AM 109 - Admyra - Male - Black - 53 - Full Frame - Square - Sheet,0,1,1,REPLENISH,1,26,0,99877,99834
Bhubneshwar Nayapalli,EAST,AVANTA,FRAME,TR|FULL|RECTANGLE,MALE,990,,,SYS165110,,990,FREE,SYS165110,AV 202532 - Avanta - Male - Black - 51 - Full Frame - Rectangle - TR,0,1,1,REPLENISH,1,1,0,99799,99782
Patna Kankarbagh,NORTH,AVANTA,FRAME,METAL|HALF|RECTANGLE,MALE,1190,,,SYS160626,,1190,FREE,SYS160626,AV 222561 - Avanta - Male - C1 - 52 - Half Frame - Rectangle - Metal,0,1,1,REPLENISH,1,3,0,99685,99544
Delhi Safdarjung Enclave,NORTH,VOGUE,FRAME,SHEET|FULL|RECTANGLE,MALE,3790,,,SYS41864,,3790,FREE,SYS41864,VO5013I - Vogue - Male - W44 - 52 - Full Frame - Rectangle - Sheet,0,1,1,REPLENISH,1,1,0,99954,99932
Mohali Sector 62,NORTH,CALVIN KLEIN,FRAME,SHEET|FULL|AVIATOR,MALE,9990,,,SYS148409,,9990,FREE,SYS148409,CK 24548 - Calvin Klein - Male - 001 - 56 - Full Frame - Aviator - Sheet,0,1,1,REPLENISH,1,1,0,99982,99981
Delhi Rohini Ring Road Mall,NORTH,ADMYRA,FRAME,SHEET|FULL|SQUARE,MALE,2490,,,SYS67558,,2490,FREE,SYS67558,AM 001 - Admyra - Male - Transparent - 53 - Full Frame - Square - Sheet,1,1,2,REPLENISH,1,86,0,99844,99839
Bhubneshwar Nayapalli,EAST,AVANTA,FRAME,METAL|FULL|SQUARE,MALE,990,,,SYS164811,,990,FREE,SYS164811,AV 7412205 - Avanta - Male - Gun/Grey - 51 - Full Frame - Square - Metal,0,1,1,REPLENISH,1,11,0,99799,99782
Delhi Dwarka Sec 09,NORTH,MIRAFLEX,FRAME,SHEET|FULL|SQUARE,KIDS,2990,,,SYS116763,,2990,FREE,SYS116763,MF4016 - MiraFlex - Kids - L897 - 52 - Full Frame - Square - Sheet,0,1,1,REPLENISH,2,1,0,99985,99957
Ghaziabad Nehru Nagar,NORTH,AVANTA,FRAME,METAL|SUPRA|RECTANGLE,MALE,790,,,SYS163633,,790,FREE,SYS163633,AV 56806 - Avanta - Male - Black - 50 - Supra - Rectangle - Metal,0,1,1,REPLENISH,1,1,0,99771,99754
Patna Kankarbagh,NORTH,ADMYRA,FRAME,SHEET|FULL|SQUARE,MALE,2790,,,SYS162293,,2790,FREE,SYS162293,AM 0130 - Admyra - Male - D/Green - 55 - Full Frame - Square - Sheet,1,1,2,REPLENISH,1,17,0,99823,99822
Delhi Safdarjung Enclave,NORTH,STEPPER,FRAME,SHEET|FULL|ROUND,FEMALE,5610,,,SYS166212,,5610,FREE,SYS166212,ES/10006 - Stepper - Female - F880 - 50 - Full Frame - Round - Sheet,1,1,2,REPLENISH,1,1,0,99980,99965
Varanasi Mahmoorganj,NORTH,AVANTA,FRAME,METAL|SUPRA|RECTANGLE,MALE,790,,,SYS79474,,790,FREE,SYS79474,AV 31003 - Avanta - Male - Black - 53 - Supra - Rectangle - Metal,0,1,1,REPLENISH,1,1,0,99579,99484
Indore Vijay Nagar,NORTH,ADMYRA,FRAME,SHEET|FULL|ROUND,UNISEX,2990,,,SYS115313,,2990,FREE,SYS115313,AM 102 - Admyra - Unisex - D/Brown - 49 - Full Frame - Round - Sheet,1,1,2,REPLENISH,1,35,0,99716,99712
Jhunjhunu Indra Nagar,WEST,AVANTA,FRAME,METAL|FULL|SQUARE,MALE,1790,,,SYS165490,,1790,FREE,SYS165490,AV 7241 - Avanta - Male - C4 - 53 - Full Frame - Square - Metal,0,1,1,REPLENISH,1,2,0,99712,98997
Delhi Shahdara,NORTH,AVANTA KIDS,FRAME,TR|FULL|SQUARE,KIDS,790,,,SYS164575,,790,FREE,SYS164575,AV 55007 - Avanta Kids - Kids - Purple/Red - 45 - Full Frame - Square - TR,0,1,1,REPLENISH,1,1,0,99955,99954
Jammu BC Road Rehari Chungi,NORTH,ADMYRA,FRAME,SHEET|FULL|CAT EYE,FEMALE,2490,,,SYS67560,,2490,FREE,SYS67560,AM 015HD - Admyra - Female - Black - 52 - Full Frame - Cat Eye - Sheet,0,1,1,REPLENISH,1,1,0,99821,99778
Panvel Laxmi Eye,WEST,RAYBAN,FRAME,SHEET|FULL|SQUARE,UNISEX,9290,,,SYS144842,,9290,FREE,SYS144842,RX7256 - Rayban - Unisex - 8260 - 53 - Full Frame - Square - Sheet,0,1,1,REPLENISH,1,4,0,99982,99970
Indirapuram Shakti Khand Eros Market,NORTH,RAYBAN,FRAME,METAL|FULL|SQUARE,MALE,5690,,,SYS144506,,5690,FREE,SYS144506,RX6539I - Rayban - Male - 2509 - 54 - Full Frame - Square - Metal,0,1,1,REPLENISH,1,1,0,99988,99987
Guwahati Bhangagarh,NORTH,ADMYRA,FRAME,SHEET|FULL|SQUARE,MALE,2790,,,SYS162295,,2790,FREE,SYS162295,AM 0130 - Admyra - Male - Grey - 55 - Full Frame - Square - Sheet,0,1,1,REPLENISH,1,8,0,99746,99741
Guwahati Bhangagarh,NORTH,ADMYRA,FRAME,SHEET|FULL|CAT EYE,FEMALE,2490,,,SYS162299,,2490,FREE,SYS162299,AM 0127 - Admyra - Female - Green - 53 - Full Frame - Cat Eye - Sheet,1,1,2,REPLENISH,1,12,0,99746,99741
Bhiwani Circular Road,NORTH,AVANTA,FRAME,METAL|FULL|SQUARE,UNISEX,690,,,SYS143211,,690,FREE,SYS143211,AV MH2008 - Avanta - Unisex - Gun - 50 - Full Frame - Square - Metal,0,1,1,REPLENISH,1,1,0,99504,99454
Guwahati Bhangagarh,NORTH,ADMYRA,FRAME,SHEET|FULL|CAT EYE,FEMALE,2790,,,SYS162307,,2790,FREE,SYS162307,AM 0131 - Admyra - Female - D/Brown - 51 - Full Frame - Cat Eye - Sheet,0,1,1,REPLENISH,1,47,0,99746,99741
Sikar Police Line Road I Max,WEST,AVANTA,FRAME,SHEET|FULL|SQUARE,MALE,1190,,,SYS162647,,1190,FREE,SYS162647,AV 0063 - Avanta - Male - Trans/Blue - 51 - Full Frame - Square - Sheet,0,1,1,REPLENISH,1,55,0,99174,98617
Delhi Safdarjung Enclave,NORTH,PRADA,FRAME,SHEET|FULL|CAT EYE,FEMALE,21190,,,SYS166317,,21190,FREE,SYS166317,PR 19WV - Prada - Female - 23A1O1 - 53 - Full Frame - Cat Eye - Sheet,0,1,1,REPLENISH,1,1,0,99977,99969
Jhunjhunu Indra Nagar,WEST,AVANTA,FRAME,METAL|FULL|CAT EYE,FEMALE,1590,,,SYS165410,,1590,FREE,SYS165410,AV SY1898 - Avanta - Female - C4 - 51 - Full Frame - Cat Eye - Metal,0,1,1,REPLENISH,1,2,0,99712,98997
Jhunjhunu Indra Nagar,WEST,AVANTA,FRAME,METAL|FULL|HEXAGON,FEMALE,1590,,,SYS165416,,1590,FREE,SYS165416,AV 69018 - Avanta - Female - C6 - 50 - Full Frame - Hexagon - Metal,0,1,1,REPLENISH,1,4,0,99712,98997
Jhunjhunu Indra Nagar,WEST,AVANTA,FRAME,METAL|FULL|SQUARE,FEMALE,1190,,,SYS165359,,1190,FREE,SYS165359,AV 82002 - Avanta - Female - C2 - 51 - Full Frame - Square - Metal,0,1,1,REPLENISH,1,2,0,99712,98997
Jhunjhunu Indra Nagar,WEST,AVANTA,FRAME,METAL|FULL|SQUARE,FEMALE,1190,,,SYS165361,,1190,FREE,SYS165361,AV 82002 - Avanta - Female - C4 - 51 - Full Frame - Square - Metal,0,1,1,REPLENISH,1,1,0,99712,98997
Jhunjhunu Indra Nagar,WEST,AVANTA,FRAME,METAL|FULL|SQUARE,FEMALE,1190,,,SYS165362,,1190,FREE,SYS165362,AV 82002 - Avanta - Female - C7 - 51 - Full Frame - Square - Metal,0,1,1,REPLENISH,1,3,0,99712,98997
Jhunjhunu Indra Nagar,WEST,AVANTA,FRAME,METAL|FULL|RECTANGLE,MALE,590,,,SYS164963,,590,FREE,SYS164963,AV 12903 - Avanta - Male - Gun - 51 - Full Frame - Rectangle - Metal,0,1,1,REPLENISH,1,5,0,99712,98997
Jhunjhunu Indra Nagar,WEST,AVANTA,FRAME,METAL|FULL|RECTANGLE,MALE,590,,,SYS164966,,590,FREE,SYS164966,AV 12903 - Avanta - Male - Copper - 51 - Full Frame - Rectangle - Metal,0,1,1,REPLENISH,1,1,0,99712,98997
Delhi Shahdara,NORTH,AVANTA,FRAME,METAL|FULL|RECTANGLE,MALE,590,,,SYS164884,,590,FREE,SYS164884,AV 25035522 - Avanta - Male - Copper - 48 - Full Frame - Rectangle - Metal,0,1,1,REPLENISH,1,2,0,99754,99746
Jhunjhunu Indra Nagar,WEST,AVANTA,FRAME,METAL|SUPRA|RECTANGLE,MALE,590,,,SYS164960,,590,FREE,SYS164960,AV 12902 - Avanta - Male - Gun - 50 - Supra - Rectangle - Metal,0,2,2,REPLENISH,2,3,0,99712,98997
Bhubneshwar Nayapalli,EAST,AVANTA,FRAME,METAL|FULL|CAT EYE,FEMALE,1590,,,SYS165408,,1590,FREE,SYS165408,AV SY1898 - Avanta - Female - C2 - 51 - Full Frame - Cat Eye - Metal,0,1,1,REPLENISH,1,1,0,99799,99782
Hyderabad Neo Retina (Abids),SOUTH,AVANTA,FRAME,METAL|SUPRA|RECTANGLE,MALE,590,,,SYS164845,,590,FREE,SYS164845,AV 25035524 - Avanta - Male - Black - 48 - Supra - Rectangle - Metal,0,1,1,REPLENISH,1,4,0,99826,99816
Jhunjhunu Indra Nagar,WEST,AVANTA,FRAME,TR|FULL|ROUND,FEMALE,990,,,SYS165065,,990,FREE,SYS165065,AV TR85606 - Avanta - Female - Black - 50 - Full Frame - Round - TR,0,1,1,REPLENISH,1,2,0,99712,98997
Jhunjhunu Indra Nagar,WEST,AVANTA,FRAME,TR|FULL|ROUND,FEMALE,990,,,SYS165069,,990,FREE,SYS165069,AV TR85606 - Avanta - Female - Trans/Blue - 50 - Full Frame - Round - TR,0,1,1,REPLENISH,2,1,0,99712,98997
Jhunjhunu Indra Nagar,WEST,AVANTA,FRAME,TR|FULL|SQUARE,MALE,990,,,SYS165105,,990,FREE,SYS165105,AV 202533 - Avanta - Male - Trans/Green - 52 - Full Frame - Square - TR,0,1,1,REPLENISH,1,4,0,99712,98997
Mumbai Ghatkopar Dr Mehta Eye,WEST,AVANTA,FRAME,TR|FULL|ROUND,UNISEX,890,,,SYS166784,,890,FREE,SYS166784,AV 270814 - Avanta - Unisex - Transparent - 48 - Full Frame - Round - TR,0,1,1,REPLENISH,1,3,0,99740,99670
Jabalpur Napier Town,SOUTH,AVANTA,FRAME,SHEET|FULL|SQUARE,MALE,1190,,,SYS162645,,1190,FREE,SYS162645,AV 0063 - Avanta - Male - Black - 51 - Full Frame - Square - Sheet,0,1,1,REPLENISH,1,121,0,99735,99714
Bhubneshwar Nayapalli,EAST,AVANTA,FRAME,TR|FULL|ROUND,UNISEX,990,,,SYS118538,,990,FREE,SYS118538,AV HK99008 - Avanta - Unisex - C2 - 49 - Full Frame - Round - TR,0,1,1,REPLENISH,1,1,0,99799,99782
Jhunjhunu Indra Nagar,WEST,AVANTA,FRAME,METAL|FULL|RECTANGLE,MALE,590,,,SYS164860,,590,FREE,SYS164860,AV 25035526 - Avanta - Male - Blue - 48 - Full Frame - Rectangle - Metal,1,1,2,REPLENISH,1,3,0,99712,98997
Jhunjhunu Indra Nagar,WEST,AVANTA,FRAME,METAL|FULL|RECTANGLE,MALE,590,,,SYS164887,,590,FREE,SYS164887,AV 25035522 - Avanta - Male - Purple - 48 - Full Frame - Rectangle - Metal,0,1,1,REPLENISH,1,1,0,99712,98997
Nashik Navkar Eye,WEST,ADMYRA,FRAME,SHEET|FULL|SQUARE,MALE,2490,,,SYS162287,,2490,FREE,SYS162287,AM 0128 - Admyra - Male - D/Brown - 55 - Full Frame - Square - Sheet,1,1,2,REPLENISH,1,25,0,99887,99884
Nashik Navkar Eye,WEST,ADMYRA,FRAME,SHEET|FULL|SQUARE,MALE,2490,,,SYS162286,,2490,FREE,SYS162286,AM 0128 - Admyra - Male - Black - 55 - Full Frame - Square - Sheet,1,1,2,REPLENISH,1,31,0,99887,99884
Panvel Laxmi Eye,WEST,FRENCH CONNECTION,FRAME,SHEET|FULL|SQUARE,MALE,3490,,,SYS88652,,3490,FREE,SYS88652,FC 9761 - French Connection - Male - C2 - 53 - Full Frame - Square - Sheet,1,1,2,REPLENISH,1,1,0,99988,99982
Varanasi Mahmoorganj,NORTH,AVANTA,FRAME,METAL|SUPRA|RECTANGLE,MALE,690,,,SYS143384,,690,FREE,SYS143384,AV 31004 - Avanta - Male - Black - 51 - Supra - Rectangle - Metal,0,1,1,REPLENISH,1,8,0,99579,99484
Varanasi Mahmoorganj,NORTH,ADMYRA,FRAME,SHEET|FULL|SQUARE,MALE,2190,,,SYS142677,,2190,FREE,SYS142677,AM 109 - Admyra - Male - D/Brown - 53 - Full Frame - Square - Sheet,1,1,2,REPLENISH,1,23,0,99749,99745
Srinagar Baghat Fazili,NORTH,AVANTA KIDS,FRAME,PLASTIC|FULL|RECTANGLE,KIDS,1690,,,SYS68463,,1690,FREE,SYS68463,AV TC309 - Avanta Kids - Kids - C33 - 45 - Full Frame - Rectangle - Pediatric,0,1,1,REPLENISH,1,2,0,99949,99941
Hisar Sec 14,NORTH,AVANTA,FRAME,SHEET|FULL|RECTANGLE,MALE,1190,,,SYS158382,,1190,FREE,SYS158382,AV 0061 - Avanta - Male - D/Green - 53 - Full Frame - Rectangle - Sheet,0,1,1,REPLENISH,1,121,0,99684,99678
Hisar Sec 14,NORTH,AVANTA,FRAME,SHEET|FULL|RECTANGLE,MALE,1190,,,SYS158378,,1190,FREE,SYS158378,AV 0061 - Avanta - Male - Black - 53 - Full Frame - Rectangle - Sheet,0,1,1,REPLENISH,1,157,0,99684,99678
Hisar Sec 14,NORTH,AVANTA,FRAME,SHEET|FULL|CAT EYE,FEMALE,1190,,,SYS158409,,1190,FREE,SYS158409,AV 0072HD - Avanta - Female - Trans/Pink - 51 - Full Frame - Cat Eye - Sheet,1,1,2,REPLENISH,1,101,0,99684,99678
Hisar Sec 14,NORTH,AVANTA,FRAME,SHEET|FULL|CAT EYE,FEMALE,1190,,,SYS158411,,1190,FREE,SYS158411,AV 0072HD - Avanta - Female - Blue - 51 - Full Frame - Cat Eye - Sheet,0,1,1,REPLENISH,1,80,0,99684,99678
Noida GaurCity,NORTH,GUCCI,SUNGLASS,SHEET|FULL|SQUARE,MALE,14900,,,SYS67903,,14900,FREE,SYS67903,GG0748S - Gucci - Male - 002 - 59 - Sunglass - Square - Sheet,0,1,1,REPLENISH,1,1,0,99984,99982
Prayagraj Tashkent Marg,NORTH,AVANTA,FRAME,TR|FULL|RECTANGLE,MALE,990,,,SYS163225,,990,FREE,SYS163225,AV 303036 - Avanta - Male - Grey/Pink - 52 - Full Frame - Rectangle - TR,0,1,1,REPLENISH,1,6,0,99551,99379
Prayagraj Tashkent Marg,NORTH,AVANTA,FRAME,TR|FULL|RECTANGLE,MALE,990,,,SYS163227,,990,FREE,SYS163227,AV 303036 - Avanta - Male - MT.Blk - 52 - Full Frame - Rectangle - TR,0,1,1,REPLENISH,1,6,0,99551,99379
Delhi Pitampura,NORTH,EMPORIO ARMANI,FRAME,METAL|HALF|RECTANGLE,MALE,12890,,,SYS75461,,12890,FREE,SYS75461,EA1143 - Emporio Armani - Male - 3001 - 55 - Supra - Rectangle - Metal,0,1,1,REPLENISH,1,1,0,99987,99986
Delhi Dwarka Krishna Mall,NORTH,ADMYRA,FRAME,SHEET|FULL|CAT EYE,FEMALE,2790,,,SYS162311,,2790,FREE,SYS162311,AM 0132 - Admyra - Female - Black - 52 - Full Frame - Cat Eye - Sheet,1,1,2,REPLENISH,1,51,0,99830,99829
Delhi Shahdara,NORTH,TOMMY HILFIGER,FRAME,METAL|RIMLESS|CAT EYE,FEMALE,7490,,,SYS116889,,7490,FREE,SYS116889,TH 6325 - Tommy Hilfiger - Female - C3 - 52 - Rimless - Cat Eye - Metal,0,1,1,REPLENISH,1,2,0,99985,99984
Delhi Pitampura,NORTH,AVANTA,FRAME,SHEET|FULL|SQUARE,MALE,1190,,,SYS162649,,1190,FREE,SYS162649,AV 0063 - Avanta - Male - Trans/Grey - 51 - Full Frame - Square - Sheet,0,1,1,REPLENISH,1,289,0,99804,99801
Delhi Preet Vihar Vikas Marg,NORTH,AVANTA,FRAME,METAL|FULL|CAT EYE,FEMALE,1190,,,SYS165326,,1190,FREE,SYS165326,AV V115 - Avanta - Female - C2 - 51 - Full Frame - Cat Eye - Metal,0,1,1,REPLENISH,1,2,0,99641,99537
Gorakhpur Mughlaha,NORTH,ADMYRA,FRAME,SHEET|FULL|CAT EYE,FEMALE,2790,,,SYS162313,,2790,FREE,SYS162313,AM 0132 - Admyra - Female - Pink - 52 - Full Frame - Cat Eye - Sheet,0,1,1,REPLENISH,1,39,0,99755,99750
Karnal Model Town,NORTH,RAYBAN,FRAME,METAL|HALF|SQUARE,UNISEX,5490,,,SYS56529,,5490,FREE,SYS56529,RX6463I - Rayban - Unisex - 2500 - 53 - Half Frame - Square - Metal,2,0,2,REPLENISH,1,3,0,99983,99982
Delhi Dwarka Sec 09,NORTH,VOGUE JUNIOR,FRAME,SHEET|FULL|ROUND,KIDS,3890,,,SYS115977,,3890,FREE,SYS115977,VY2029 - Vogue Junior - Kids - 2582 - 47 - Full Frame - Round - Sheet,0,1,1,REPLENISH,1,2,0,99990,99981
Kolkata AJC Bose Road,EAST,OMBRA,SUNGLASS,SHEET|FULL|SQUARE,MALE,1190,,,SYS166381,,1190,FREE,SYS166381,OB 6253P - OMBRA - Male - C1 - 56 - Sunglass - Square - Sheet,0,1,1,REPLENISH,1,1,0,99949,99948
Noida MOI,NORTH,RAYBAN,SUNGLASS,METAL|FULL|AVIATOR,MALE,7790,,,SYS45948,,7790,FREE,SYS45948,RB3025I - Rayban - Male - L9797 - 58 - Sunglass - Aviator - Metal,0,1,1,REPLENISH,1,1,0,99878,99812
Delhi Dwarka Sec 09,NORTH,ADMYRA,FRAME,SHEET|FULL|CAT EYE,FEMALE,2490,,,SYS67562,,2490,FREE,SYS67562,AM 015HD - Admyra - Female - D/Purple - 52 - Full Frame - Cat Eye - Sheet,0,1,1,REPLENISH,1,1,0,99784,99640
Delhi Preet Vihar Vikas Marg,NORTH,ADMYRA,FRAME,SHEET|FULL|RECTANGLE,MALE,2190,,,SYS139933,,2190,FREE,SYS139933,AM 113 - Admyra - Male - Black - 52 - Full Frame - Rectangle - Sheet,0,1,1,REPLENISH,1,2,0,99756,99483
Delhi Preet Vihar Vikas Marg,NORTH,ADMYRA,FRAME,SHEET|FULL|CAT EYE,FEMALE,2190,,,SYS139960,,2190,FREE,SYS139960,AM 115 - Admyra - Female - Trans/Pink - 51 - Full Frame - Cat Eye - Sheet,0,1,1,REPLENISH,1,13,0,99756,99483
Delhi Preet Vihar Vikas Marg,NORTH,AVANTA,FRAME,SHEET|FULL|RECTANGLE,MALE,1490,,,SYS140235,,1490,FREE,SYS140235,AV 0045 - Avanta - Male - Black - 54 - Full Frame - Rectangle - Sheet,0,1,1,REPLENISH,1,1,0,99641,99537
Delhi Safdarjung Enclave,NORTH,AVANTA KIDS,FRAME,TR|FULL|RECTANGLE,KIDS,790,,,SYS167639,,790,FREE,SYS167639,AV TR11523 - Avanta Kids - Kids - MT.Green - 46 - Full Frame - Rectangle - TR,0,1,1,REPLENISH,1,3,0,99928,99834
Ghaziabad Nehru Nagar,NORTH,AVANTA,FRAME,SHEET|FULL|SQUARE,MALE,1190,,,SYS162647,,1190,FREE,SYS162647,AV 0063 - Avanta - Male - Trans/Blue - 51 - Full Frame - Square - Sheet,0,1,1,REPLENISH,1,55,0,99771,99754
Delhi Safdarjung Enclave,NORTH,AVANTA,FRAME,TR|FULL|SQUARE,MALE,1090,,,SYS167066,,1090,FREE,SYS167066,AV 156004 - Avanta - Male - Trans/Blue - 50 - Full Frame - Square - TR,0,1,1,REPLENISH,1,2,0,99883,99861
Badlapur Kulgaon Drishti Eye,WEST,AVANTA,FRAME,TR|FULL|RECTANGLE,UNISEX,990,,,SYS166903,,990,FREE,SYS166903,AV 81001 - Avanta - Unisex - MT.Grey - 50 - Full Frame - Rectangle - TR,0,1,1,REPLENISH,1,2,0,99828,99816
Delhi Shahdara,NORTH,AVANTA,FRAME,METAL|FULL|CAT EYE,FEMALE,1390,,,SYS165315,,1390,FREE,SYS165315,AV V1274 - Avanta - Female - C4 - 53 - Full Frame - Cat Eye - Metal,0,1,1,REPLENISH,1,3,0,99754,99746
Gorakhpur Mughlaha,NORTH,AVANTA,FRAME,METAL|HALF|RECTANGLE,MALE,690,,,SYS68152,,690,FREE,SYS68152,AV 31003 - Avanta - Male - Gun - 50 - Supra - Rectangle - Metal,0,1,1,REPLENISH,1,10,0,99667,99643
Badlapur Kulgaon Drishti Eye,WEST,AVANTA,FRAME,TR|FULL|RECTANGLE,MALE,990,,,SYS166952,,990,FREE,SYS166952,AV 50046 - Avanta - Male - C3 - 50 - Full Frame - Rectangle - TR,0,1,1,REPLENISH,1,11,0,99828,99816
Noida Sec 50,NORTH,RAYBAN,SUNGLASS,SHEET|FULL|WAYFARER,MALE,11190,,,SYS51127,,11190,FREE,SYS51127,RB2140 - Rayban - Male - 902 - 50 - Sunglass - Wayfarer - Sheet,0,1,1,REPLENISH,1,1,0,99968,99960
Ghaziabad Nehru Nagar,NORTH,AVANTA,FRAME,SHEET|FULL|SQUARE,MALE,1190,,,SYS162645,,1190,FREE,SYS162645,AV 0063 - Avanta - Male - Black - 51 - Full Frame - Square - Sheet,0,1,1,REPLENISH,1,121,0,99771,99754
Jabalpur Napier Town,SOUTH,AVANTA,FRAME,TR|FULL|CAT EYE,FEMALE,990,,,SYS162223,,990,FREE,SYS162223,AV 132008 - Avanta - Female - Beige - 51 - Full Frame - Cat Eye - TR,0,1,1,REPLENISH,1,1,0,99735,99714
Delhi Safdarjung Enclave,NORTH,AVANTA,FRAME,TR|FULL|RECTANGLE,MALE,990,,,SYS167002,,990,FREE,SYS167002,AV 250904 - Avanta - Male - Brown - 53 - Full Frame - Rectangle - TR,0,1,1,REPLENISH,1,3,0,99883,99861
Delhi Preet Vihar Vikas Marg,NORTH,AVANTA,FRAME,TR|FULL|RECTANGLE,MALE,990,,,SYS167138,,990,FREE,SYS167138,AV 250988 - Avanta - Male - C5 - 52 - Full Frame - Rectangle - TR,0,1,1,REPLENISH,1,2,0,99641,99537
Delhi Preet Vihar Vikas Marg,NORTH,AVANTA,FRAME,TR|FULL|SQUARE,MALE,1090,,,SYS167073,,1090,FREE,SYS167073,AV 156005 - Avanta - Male - MT.Blue - 52 - Full Frame - Square - TR,0,1,1,REPLENISH,1,1,0,99641,99537
Indore Vijay Nagar,NORTH,AVANTA KIDS,FRAME,PEDIATRIC|FULL|RECTANGLE,KIDS,1690,,,SYS115058,,1690,FREE,SYS115058,AV 1252 - Avanta Kids - kids - C2 - 47 - Full Frame - Rectangle - Pediatric,0,1,1,REPLENISH,1,1,0,99923,99921
Gorakhpur Mughlaha,NORTH,AVANTA,FRAME,METAL|SUPRA|RECTANGLE,MALE,790,,,SYS160494,,790,FREE,SYS160494,AV 31005 - Avanta - Male - Burgundy - 49 - Supra - Rectangle - Metal,0,1,1,REPLENISH,1,4,0,99667,99643
Sikar Police Line Road I Max,WEST,AVANTA,FRAME,METAL|HALF|RECTANGLE,MALE,1190,,,SYS160636,,1190,FREE,SYS160636,AV 222564 - Avanta - Male - C1 - 53 - Half Frame - Rectangle - Metal,0,1,1,REPLENISH,1,1,0,99174,98617
Sikar Police Line Road I Max,WEST,AVANTA,FRAME,METAL|HALF|CAT EYE,FEMALE,690,,,SYS160653,,690,FREE,SYS160653,AV ST9805 - Avanta - Female - Gun - 51 - Half Frame - Cat Eye - Metal,0,1,1,REPLENISH,1,2,0,99174,98617
Guwahati Rukminigaon TRC,EAST,RAYBAN,FRAME,SHEET|FULL|SQUARE,MALE,9290,,,SYS152597,,9290,FREE,SYS152597,RX5421 - Rayban - Male - 2000 - 53 - Full Frame - Square - Sheet,0,1,1,REPLENISH,1,1,0,99943,99937
Delhi Pitampura,NORTH,AVANTA,FRAME,METAL|SUPRA|RECTANGLE,MALE,590,,,SYS164968,,590,FREE,SYS164968,AV 12896 - Avanta - Male - Gun - 51 - Supra - Rectangle - Metal,0,1,1,REPLENISH,1,6,0,99804,99801
Patna RPS Mod,NORTH,AVANTA,FRAME,SHEET|FULL|RECTANGLE,MALE,1190,,,SYS158379,,1190,FREE,SYS158379,AV 0061 - Avanta - Male - D/Brown - 53 - Full Frame - Rectangle - Sheet,0,1,1,REPLENISH,1,129,0,99564,99563
Noida GaurCity,NORTH,VOGUE,SUNGLASS,METAL|FULL|CAT EYE,FEMALE,6090,,,SYS56416,,6090,FREE,SYS56416,VO4002S - Vogue - Female - 934S13 - 55 - Sunglass - Cat Eye - Metal,0,1,1,REPLENISH,1,2,0,99968,99932
Noida GaurCity,NORTH,VOGUE,SUNGLASS,SHEET|FULL|CAT EYE,FEMALE,7290,,,SYS56548,,7290,FREE,SYS56548,VO5230S - Vogue - Female - W44/11 - 54 - Sunglass - Cat Eye - Sheet,0,1,1,REPLENISH,1,1,0,99968,99932
Kolkata Madhyamgram,EAST,ADMYRA,FRAME,SHEET|FULL|CAT EYE,FEMALE,2190,,,SYS139957,,2190,FREE,SYS139957,AM 115 - Admyra - Female - Black - 51 - Full Frame - Cat Eye - Sheet,1,1,2,REPLENISH,1,8,0,99822,99814
Kolkata Madhyamgram,EAST,ADMYRA,FRAME,SHEET|FULL|CAT EYE,FEMALE,2190,,,SYS139959,,2190,FREE,SYS139959,AM 115 - Admyra - Female - Teal - 51 - Full Frame - Cat Eye - Sheet,1,1,2,REPLENISH,1,3,0,99822,99814
Kolkata Madhyamgram,EAST,AVANTA,FRAME,SHEET|FULL|RECTANGLE,MALE,1690,,,SYS139949,,1690,FREE,SYS139949,AV 0048 - Avanta - Male - Transparent - 53 - Full Frame - Rectangle - Sheet,0,1,1,REPLENISH,1,2,0,99684,99659
Kolkata Madhyamgram,EAST,AVANTA,FRAME,SHEET|FULL|RECTANGLE,MALE,1690,,,SYS139947,,1690,FREE,SYS139947,AV 0048 - Avanta - Male - Black - 53 - Full Frame - Rectangle - Sheet,1,1,2,REPLENISH,1,2,0,99684,99659
Kolkata Madhyamgram,EAST,ADMYRA,FRAME,SHEET|FULL|RECTANGLE,MALE,2190,,,SYS139936,,2190,FREE,SYS139936,AM 113 - Admyra - Male - D/Grey - 52 - Full Frame - Rectangle - Sheet,0,1,1,REPLENISH,1,16,0,99822,99814
Jammu BC Road Rehari Chungi,NORTH,AVANTA,FRAME,SHEET|FULL|ROUND,UNISEX,1190,,,SYS158414,,1190,FREE,SYS158414,AV 0068HD - Avanta - Unisex - D/Wine - 48 - Full Frame - Round - Sheet,0,1,1,REPLENISH,1,100,0,99763,99690
Jammu BC Road Rehari Chungi,NORTH,AVANTA,FRAME,SHEET|FULL|ROUND,UNISEX,1190,,,SYS158413,,1190,FREE,SYS158413,AV 0068HD - Avanta - Unisex - Black - 48 - Full Frame - Round - Sheet,0,1,1,REPLENISH,1,87,0,99763,99690
Jammu BC Road Rehari Chungi,NORTH,AVANTA,FRAME,SHEET|FULL|CAT EYE,FEMALE,1190,,,SYS158409,,1190,FREE,SYS158409,AV 0072HD - Avanta - Female - Trans/Pink - 51 - Full Frame - Cat Eye - Sheet,2,0,2,REPLENISH,3,101,0,99763,99690
Jammu BC Road Rehari Chungi,NORTH,AVANTA,FRAME,SHEET|FULL|RECTANGLE,MALE,1190,,,SYS158407,,1190,FREE,SYS158407,AV 0070HD - Avanta - Male - Trans/Green - 54 - Full Frame - Rectangle - Sheet,0,1,1,REPLENISH,2,1,0,99763,99690
Jammu BC Road Rehari Chungi,NORTH,AVANTA,FRAME,SHEET|FULL|CAT EYE,FEMALE,1190,,,SYS158408,,1190,FREE,SYS158408,AV 0072HD - Avanta - Female - Black - 51 - Full Frame - Cat Eye - Sheet,0,2,2,REPLENISH,2,83,0,99763,99690
Noida GaurCity,NORTH,RAYBAN,SUNGLASS,SHEET|FULL|SQUARE,MALE,16290,,,SYS56484,,16290,FREE,SYS56484,RB4264 - Rayban - Male - 894/6B - 58 - Sunglass - Square - Sheet,1,1,2,REPLENISH,1,1,0,99924,99903
Jammu BC Road Rehari Chungi,NORTH,AVANTA,FRAME,SHEET|FULL|RECTANGLE,MALE,1190,,,SYS158379,,1190,FREE,SYS158379,AV 0061 - Avanta - Male - D/Brown - 53 - Full Frame - Rectangle - Sheet,0,2,2,REPLENISH,2,129,0,99763,99690
Noida GaurCity,NORTH,RAYBAN,SUNGLASS,METAL|FULL|CLUB MASTER,MALE,11190,,,SYS51130,,11190,FREE,SYS51130,RB3016 - Rayban - Male - W0366 - 51 - Sunglass - Club Master - Metal,0,1,1,REPLENISH,1,2,0,99924,99903
Delhi Safdarjung Enclave,NORTH,ADMYRA,FRAME,SHEET|FULL|CAT EYE,FEMALE,2190,,,SYS139959,,2190,FREE,SYS139959,AM 115 - Admyra - Female - Teal - 51 - Full Frame - Cat Eye - Sheet,1,1,2,REPLENISH,1,3,0,99885,99597
Delhi Safdarjung Enclave,NORTH,ADMYRA,FRAME,SHEET|FULL|CAT EYE,FEMALE,2190,,,SYS139957,,2190,FREE,SYS139957,AM 115 - Admyra - Female - Black - 51 - Full Frame - Cat Eye - Sheet,1,1,2,REPLENISH,2,8,0,99885,99597
Jaipur Vaishali Nagar,WEST,ADMYRA,FRAME,SHEET|FULL|CAT EYE,FEMALE,2790,,,SYS162306,,2790,FREE,SYS162306,AM 0131 - Admyra - Female - Black - 51 - Full Frame - Cat Eye - Sheet,0,1,1,REPLENISH,1,51,0,99881,99879
Delhi Rohini Ring Road Mall,NORTH,AVANTA,FRAME,SHEET|FULL|RECTANGLE,MALE,1190,,,SYS158388,,1190,FREE,SYS158388,AV 0065 - Avanta - Male - Black - 52 - Full Frame - Rectangle - Sheet,0,1,1,REPLENISH,1,102,0,99814,99805
Panvel Laxmi Eye,WEST,AVANTA,FRAME,SHEET|FULL|RECTANGLE,MALE,1390,,,SYS142650,,1390,FREE,SYS142650,AV 0057 - Avanta - Male - Black - 52 - Full Frame - Rectangle - Sheet,0,1,1,REPLENISH,1,1,0,99454,96355
Delhi Rohini Ring Road Mall,NORTH,AVANTA,FRAME,SHEET|FULL|RECTANGLE,MALE,1190,,,SYS158379,,1190,FREE,SYS158379,AV 0061 - Avanta - Male - D/Brown - 53 - Full Frame - Rectangle - Sheet,0,1,1,REPLENISH,1,129,0,99814,99805
Delhi Rohini Ring Road Mall,NORTH,AVANTA,FRAME,SHEET|FULL|RECTANGLE,MALE,1190,,,SYS158380,,1190,FREE,SYS158380,AV 0061 - Avanta - Male - Trans/Blue - 53 - Full Frame - Rectangle - Sheet,0,1,1,REPLENISH,1,121,0,99814,99805
Delhi Rohini Ring Road Mall,NORTH,AVANTA,FRAME,SHEET|FULL|CAT EYE,FEMALE,1190,,,SYS158409,,1190,FREE,SYS158409,AV 0072HD - Avanta - Female - Trans/Pink - 51 - Full Frame - Cat Eye - Sheet,0,1,1,REPLENISH,1,101,0,99814,99805
Bhiwani Circular Road,NORTH,AVANTA,FRAME,TR|FULL|SQUARE,MALE,790,,,SYS166711,,790,FREE,SYS166711,AV 77086 - Avanta - Male - MT.Blk - 50 - Full Frame - Square - TR,0,1,1,REPLENISH,1,1,0,99504,99454
Jammu BC Road Rehari Chungi,NORTH,AVANTA,FRAME,METAL|RIMLESS|RECTANGLE,MALE,1290,,,SYS117107,,1290,FREE,SYS117107,AV S8002 - Avanta - Male - C3 - 52 - Rimless - Rectangle - Metal,0,1,1,REPLENISH,1,1,0,99763,99690
Srinagar Baghat Fazili,NORTH,ADMYRA,FRAME,SHEET|FULL|CAT EYE,FEMALE,2790,,,SYS162307,,2790,FREE,SYS162307,AM 0131 - Admyra - Female - D/Brown - 51 - Full Frame - Cat Eye - Sheet,0,1,1,REPLENISH,1,47,0,99898,99895
Hisar Sec 14,NORTH,ADMYRA,FRAME,SHEET|FULL|CAT EYE,FEMALE,2990,,,SYS115304,,2990,FREE,SYS115304,AM 101 - Admyra - Female - Black - 53 - Full Frame - Cat Eye - Sheet,0,1,1,REPLENISH,1,32,0,99897,99826
Palwal New Colony,NORTH,AVANTA,FRAME,METAL|FULL|SQUARE,MALE,1390,,,SYS165303,,1390,FREE,SYS165303,AV AJ3001 - Avanta - Male - C3 - 51 - Full Frame - Square - Metal,0,1,1,REPLENISH,1,2,0,99635,99624
Hyderabad Neo Retina (Abids),SOUTH,RAYBAN,FRAME,SHEET|FULL|RECTANGLE,MALE,4590,,,SYS12283,,4590,FREE,SYS12283,RX7170I - Rayban - MALE - 2000 - 53 - Full Frame - Rectangle - Sheet,0,1,1,REPLENISH,1,2,0,99975,99974
Delhi Shahdara,NORTH,AVANTA,FRAME,METAL|FULL|SQUARE,MALE,1590,,,SYS165398,,1590,FREE,SYS165398,AV 56111 - Avanta - Male - C5 - 55 - Full Frame - Square - Metal,0,1,1,REPLENISH,1,4,0,99754,99746
Delhi Shahdara,NORTH,AVANTA,FRAME,METAL|HALF|SQUARE,MALE,1590,,,SYS165383,,1590,FREE,SYS165383,AV 56056 - Avanta - Male - C1 - 54 - Half Frame - Square - Metal,0,1,1,REPLENISH,1,2,0,99754,99746
Delhi Pitampura,NORTH,RAYBAN,FRAME,METAL|FULL|SQUARE,MALE,6290,,,SYS78558,,6290,FREE,SYS78558,RX6514I - Rayban - Male - 2509 - 58 - Full Frame - Square - Metal,1,1,2,REPLENISH,1,1,0,99972,99970
Greater Noida West Nirala Estate,NORTH,AVANTA KIDS,FRAME,PEDIATRIC|FULL|SQUARE,KIDS,1690,,,SYS116820,,1690,FREE,SYS116820,AV BY96003 - Avanta Kids - Kids - C7 - 47 - Full Frame - Square - Pediatric,0,1,1,REPLENISH,1,2,0,99949,99945
Greater Noida West Nirala Estate,NORTH,AVANTA,FRAME,SHEET|FULL|ROUND,UNISEX,1190,,,SYS158415,,1190,FREE,SYS158415,AV 0068HD - Avanta - Unisex - Transparent - 48 - Full Frame - Round - Sheet,0,1,1,REPLENISH,1,92,0,99738,99712
Greater Noida West Nirala Estate,NORTH,AVANTA,FRAME,SHEET|FULL|ROUND,UNISEX,1190,,,SYS158413,,1190,FREE,SYS158413,AV 0068HD - Avanta - Unisex - Black - 48 - Full Frame - Round - Sheet,0,1,1,REPLENISH,1,87,0,99738,99712
Greater Noida West Nirala Estate,NORTH,AVANTA,FRAME,SHEET|FULL|RECTANGLE,MALE,1190,,,SYS158379,,1190,FREE,SYS158379,AV 0061 - Avanta - Male - D/Brown - 53 - Full Frame - Rectangle - Sheet,0,1,1,REPLENISH,1,129,0,99738,99712
Greater Noida West Nirala Estate,NORTH,AVANTA,FRAME,SHEET|FULL|RECTANGLE,MALE,1190,,,SYS158378,,1190,FREE,SYS158378,AV 0061 - Avanta - Male - Black - 53 - Full Frame - Rectangle - Sheet,0,1,1,REPLENISH,1,157,0,99738,99712
Greater Noida West Nirala Estate,NORTH,AVANTA,FRAME,SHEET|FULL|SQUARE,MALE,1190,,,SYS158371,,1190,FREE,SYS158371,AV 0064 - Avanta - Male - Trans/Brown - 54 - Full Frame - Square - Sheet,0,1,1,REPLENISH,1,79,0,99738,99712
Greater Noida West Nirala Estate,NORTH,AVANTA,FRAME,SHEET|FULL|CAT EYE,FEMALE,1190,,,SYS158409,,1190,FREE,SYS158409,AV 0072HD - Avanta - Female - Trans/Pink - 51 - Full Frame - Cat Eye - Sheet,1,1,2,REPLENISH,1,101,0,99738,99712
Greater Noida West Nirala Estate,NORTH,AVANTA,FRAME,SHEET|FULL|RECTANGLE,MALE,1190,,,SYS158388,,1190,FREE,SYS158388,AV 0065 - Avanta - Male - Black - 52 - Full Frame - Rectangle - Sheet,0,1,1,REPLENISH,1,102,0,99738,99712
Kolkata Madhyamgram,EAST,AVANTA KIDS,FRAME,TR|FULL|RECTANGLE,KIDS,790,,,SYS167617,,790,FREE,SYS167617,AV TR11521 - Avanta Kids - Kids - Black - 47 - Full Frame - Rectangle - TR,0,1,1,REPLENISH,1,5,0,99956,99953
Noida GaurCity,NORTH,RAYBAN,SUNGLASS,SHEET|FULL|WAYFARER,UNISEX,32100,,,SYS158182,,32100,FREE,SYS158182,RW4008 - Rayban Meta - Unisex - 601ST3 - 53 - Sunglass - Wayfarer - Sheet,0,1,1,REPLENISH,1,1,0,99924,99903
Hyderabad Neo Retina (Abids),SOUTH,AVANTA,FRAME,METAL|SUPRA|RECTANGLE,MALE,790,,,SYS167317,,790,FREE,SYS167317,AV 86030 - Avanta - Male - Black - 52 - Supra - Rectangle - Metal,0,1,1,REPLENISH,1,5,0,99826,99816
Delhi Preet Vihar Vikas Marg,NORTH,AVANTA KIDS,FRAME,PEDIATRIC|FULL|OVAL,KIDS,1390,,,SYS167726,,1390,FREE,SYS167726,AV TC311 - Avanta Kids - Kids - C3 - 44 - Full Frame - Oval - Pediatric,0,1,1,REPLENISH,1,2,0,99896,99800
Delhi Dwarka Sec 09,NORTH,RAYBAN,FRAME,SHEET|FULL|RECTANGLE,MALE,4890,,,SYS61110,,4890,FREE,SYS61110,RX7127II - Rayban - Male - 8239 - 53 - Full Frame - Rectangle - Sheet,0,1,1,REPLENISH,1,2,0,99959,99907
Hyderabad Kukatpally Nizampet X Roads,SOUTH,EMPORIO ARMANI,FRAME,SHEET|FULL|CAT EYE,FEMALE,13690,,,SYS107393,,13690,FREE,SYS107393,EA3235U - Emporio Armani - Female - 5017 - 53 - Full Frame - Cat Eye - Sheet,0,1,1,REPLENISH,1,1,0,99976,99973
Delhi Preet Vihar Vikas Marg,NORTH,AVANTA,FRAME,METAL|FULL|SQUARE,MALE,990,,,SYS167597,,990,FREE,SYS167597,AV 253008 - Avanta - Male - Gun - 52 - Full Frame - Square - Metal,0,1,1,REPLENISH,1,2,0,99641,99537
Surat City Light Road,WEST,AVANTA,FRAME,SHEET|FULL|RECTANGLE,MALE,1090,,,SYS76661,,1090,FREE,SYS76661,AV 0026 - Avanta - Male - Transparent - 54 - Full Frame - Rectangle - Sheet,0,1,1,REPLENISH,1,1,0,99784,99782
Noida MOI,NORTH,STEPPER,FRAME,SHEET|FULL|CAT EYE,FEMALE,7370,,,SYS92222,,7370,FREE,SYS92222,SI/30194 - Stepper - Female - F770 - 55 - Full Frame - Cat Eye - Sheet,1,1,2,REPLENISH,1,1,0,99984,99981
Kolkata AJC Bose Road,EAST,AVANTA,FRAME,METAL|FULL|SQUARE,MALE,990,,,SYS164813,,990,FREE,SYS164813,AV 7412205 - Avanta - Male - Black - 51 - Full Frame - Square - Metal,0,1,1,REPLENISH,1,8,0,99786,99777
Moradabad Kanth Road,NORTH,AVANTA,FRAME,SHEET|FULL|CAT EYE,FEMALE,1190,,,SYS158495,,1190,FREE,SYS158495,AV 0074 - Avanta - Female - Teal - 51 - Full Frame - Cat Eye - Sheet,0,1,1,REPLENISH,1,10,0,99743,99714
Pune Satara Road Jhamwar Eye,WEST,ADMYRA,FRAME,SHEET|FULL|CAT EYE,FEMALE,2790,,,SYS162316,,2790,FREE,SYS162316,AM 0133 - Admyra - Female - Black - 53 - Full Frame - Cat Eye - Sheet,1,1,2,REPLENISH,1,53,0,99880,99879
Moradabad Kanth Road,NORTH,AVANTA,FRAME,SHEET|FULL|RECTANGLE,MALE,1190,,,SYS158380,,1190,FREE,SYS158380,AV 0061 - Avanta - Male - Trans/Blue - 53 - Full Frame - Rectangle - Sheet,0,1,1,REPLENISH,1,121,0,99743,99714
Moradabad Kanth Road,NORTH,AVANTA,FRAME,SHEET|FULL|RECTANGLE,MALE,1190,,,SYS158378,,1190,FREE,SYS158378,AV 0061 - Avanta - Male - Black - 53 - Full Frame - Rectangle - Sheet,0,1,1,REPLENISH,1,157,0,99743,99714
Moradabad Kanth Road,NORTH,AVANTA,FRAME,SHEET|FULL|RECTANGLE,MALE,1190,,,SYS158379,,1190,FREE,SYS158379,AV 0061 - Avanta - Male - D/Brown - 53 - Full Frame - Rectangle - Sheet,0,1,1,REPLENISH,1,129,0,99743,99714
Moradabad Kanth Road,NORTH,AVANTA,FRAME,SHEET|FULL|RECTANGLE,MALE,1190,,,SYS158404,,1190,FREE,SYS158404,AV 0070HD - Avanta - Male - D/Brown - 54 - Full Frame - Rectangle - Sheet,0,1,1,REPLENISH,1,18,0,99743,99714
Moradabad Kanth Road,NORTH,AVANTA,FRAME,SHEET|FULL|CAT EYE,FEMALE,1190,,,SYS158409,,1190,FREE,SYS158409,AV 0072HD - Avanta - Female - Trans/Pink - 51 - Full Frame - Cat Eye - Sheet,0,2,2,REPLENISH,2,101,0,99743,99714
Moradabad Kanth Road,NORTH,AVANTA,FRAME,SHEET|FULL|CAT EYE,FEMALE,1190,,,SYS158408,,1190,FREE,SYS158408,AV 0072HD - Avanta - Female - Black - 51 - Full Frame - Cat Eye - Sheet,0,1,1,REPLENISH,1,83,0,99743,99714
Moradabad Kanth Road,NORTH,AVANTA,FRAME,SHEET|FULL|ROUND,UNISEX,1190,,,SYS158414,,1190,FREE,SYS158414,AV 0068HD - Avanta - Unisex - D/Wine - 48 - Full Frame - Round - Sheet,0,1,1,REPLENISH,1,100,0,99743,99714
Moradabad Kanth Road,NORTH,AVANTA,FRAME,SHEET|FULL|CAT EYE,FEMALE,1190,,,SYS158412,,1190,FREE,SYS158412,AV 0072HD - Avanta - Female - Trans/Brown - 51 - Full Frame - Cat Eye - Sheet,0,1,1,REPLENISH,1,56,0,99743,99714
Delhi Dwarka Sec 09,NORTH,RAYBAN,FRAME,SHEET|FULL|ROUND,MALE,5490,,,SYS49834,,5490,FREE,SYS49834,RX5402I - Rayban - Male - 2001 - 50 - Full Frame - Round - Sheet,0,2,2,REPLENISH,2,2,0,99959,99907
Delhi Dwarka Sec 09,NORTH,AVANTA KIDS,FRAME,PEDIATRIC|FULL|ROUND,KIDS,1690,,,SYS116805,,1690,FREE,SYS116805,AV BY96000 - Avanta Kids - Kids - C4 - 44 - Full Frame - Round - Pediatric,0,1,1,REPLENISH,1,2,0,99927,99725
Noida Sec 50,NORTH,RAYBAN,FRAME,METAL|FULL|SQUARE,MALE,5990,,,SYS144511,,5990,FREE,SYS144511,RX6542I - Rayban - Male - 2991 - 54 - Full Frame - Square - Metal,1,1,2,REPLENISH,1,1,0,99967,99956
Noida Sec 50,NORTH,RAYBAN,FRAME,METAL|FULL|SQUARE,MALE,5990,,,SYS144513,,5990,FREE,SYS144513,RX6542I - Rayban - Male - 3196 - 54 - Full Frame - Square - Metal,0,1,1,REPLENISH,1,4,0,99967,99956
Delhi Dwarka Sec 09,NORTH,AVANTA,FRAME,SHEET|FULL|ROUND,UNISEX,1190,,,SYS158417,,1190,FREE,SYS158417,AV 0068HD - Avanta - Unisex - Trans/Purple - 48 - Full Frame - Round - Sheet,0,1,1,REPLENISH,1,63,0,99623,99603
Delhi Dwarka Sec 09,NORTH,AVANTA,FRAME,SHEET|FULL|ROUND,UNISEX,1190,,,SYS158414,,1190,FREE,SYS158414,AV 0068HD - Avanta - Unisex - D/Wine - 48 - Full Frame - Round - Sheet,1,1,2,REPLENISH,1,100,0,99623,99603
Delhi Dwarka Sec 09,NORTH,AVANTA,FRAME,SHEET|FULL|ROUND,UNISEX,1190,,,SYS158415,,1190,FREE,SYS158415,AV 0068HD - Avanta - Unisex - Transparent - 48 - Full Frame - Round - Sheet,0,1,1,REPLENISH,1,92,0,99623,99603
Delhi Dwarka Sec 09,NORTH,AVANTA,FRAME,SHEET|FULL|ROUND,UNISEX,1190,,,SYS158413,,1190,FREE,SYS158413,AV 0068HD - Avanta - Unisex - Black - 48 - Full Frame - Round - Sheet,0,1,1,REPLENISH,1,87,0,99623,99603
Delhi Dwarka Sec 09,NORTH,AVANTA,FRAME,SHEET|FULL|RECTANGLE,MALE,1190,,,SYS158379,,1190,FREE,SYS158379,AV 0061 - Avanta - Male - D/Brown - 53 - Full Frame - Rectangle - Sheet,0,1,1,REPLENISH,1,129,0,99623,99603
Delhi Dwarka Sec 09,NORTH,AVANTA,FRAME,SHEET|FULL|RECTANGLE,MALE,1190,,,SYS158380,,1190,FREE,SYS158380,AV 0061 - Avanta - Male - Trans/Blue - 53 - Full Frame - Rectangle - Sheet,0,1,1,REPLENISH,1,121,0,99623,99603
Delhi Dwarka Sec 09,NORTH,AVANTA,FRAME,SHEET|FULL|RECTANGLE,MALE,1190,,,SYS158404,,1190,FREE,SYS158404,AV 0070HD - Avanta - Male - D/Brown - 54 - Full Frame - Rectangle - Sheet,0,1,1,REPLENISH,1,18,0,99623,99603
Delhi Dwarka Sec 09,NORTH,AVANTA,FRAME,SHEET|FULL|CAT EYE,FEMALE,1190,,,SYS158409,,1190,FREE,SYS158409,AV 0072HD - Avanta - Female - Trans/Pink - 51 - Full Frame - Cat Eye - Sheet,0,1,1,REPLENISH,1,101,0,99623,99603
Delhi Dwarka Sec 09,NORTH,AVANTA,FRAME,SHEET|FULL|CAT EYE,FEMALE,1190,,,SYS158410,,1190,FREE,SYS158410,AV 0072HD - Avanta - Female - Purple - 51 - Full Frame - Cat Eye - Sheet,0,1,1,REPLENISH,1,77,0,99623,99603
Delhi Dwarka Sec 09,NORTH,RAYBAN,SUNGLASS,METAL|FULL|HEXAGON,MALE,11890,,,SYS61363,,11890,FREE,SYS61363,RB3694 - Rayban - Male - 004/51 - 53 - Sunglass - Hexagon - Metal,0,1,1,REPLENISH,1,1,0,99975,99966
Delhi Dwarka Sec 09,NORTH,RAYBAN,FRAME,SHEET|FULL|RECTANGLE,MALE,9390,,,SYS61367,,9390,FREE,SYS61367,RX5428 - Rayban - Male - 2034 - 53 - Full Frame - Rectangle - Sheet,1,1,2,REPLENISH,1,1,0,99959,99907
Delhi Dwarka Sec 09,NORTH,EMPORIO ARMANI,FRAME,METAL|FULL|RECTANGLE,MALE,11190,,,SYS56493,,11190,FREE,SYS56493,EA1027 - Emporio Armani - Male - 3001 - 55 - Full Frame - Rectangle - Metal,0,1,1,REPLENISH,1,1,0,99974,99961
Gorakhpur Mughlaha,NORTH,AVANTA,FRAME,METAL|FULL|SQUARE,MALE,990,,,SYS164811,,990,FREE,SYS164811,AV 7412205 - Avanta - Male - Gun/Grey - 51 - Full Frame - Square - Metal,0,1,1,REPLENISH,1,11,0,99667,99643
Noida MOI,NORTH,BURBERRY,FRAME,SHEET|FULL|SQUARE,FEMALE,19790,,,SYS107608,,19790,FREE,SYS107608,BE2403 - Burberry - Female - 3001 - 53 - Full Frame - Square - Sheet,0,1,1,REPLENISH,1,1,0,99990,99985
Bhubneshwar Nayapalli,EAST,ADMYRA,FRAME,SHEET|FULL|RECTANGLE,MALE,2190,,,SYS139936,,2190,FREE,SYS139936,AM 113 - Admyra - Male - D/Grey - 52 - Full Frame - Rectangle - Sheet,0,1,1,REPLENISH,1,16,0,99853,99851
Delhi Dwarka Sec 09,NORTH,STEPPER,FRAME,TITANIUM|HALF|CAT EYE,FEMALE,11000,,,SYS161988,,11000,FREE,SYS161988,SI/50287 - Stepper - Female - F031 - 51 - Half Frame - Cat Eye -Titanium,0,1,1,REPLENISH,1,1,0,99983,99971
Indore Vijay Nagar,NORTH,AVANTA KIDS,FRAME,TR|FULL|ROUND,KIDS,790,,,SYS160039,,790,FREE,SYS160039,AV 210236 - Avanta Kids - Kids - C8 - 43 - Full Frame - Round - TR,0,1,1,REPLENISH,1,1,0,99923,99921
Noida MOI,NORTH,RAYBAN JUNIOR,FRAME,SHEET|FULL|CAT EYE,KIDS,4890,,,SYS111504,,4890,FREE,SYS111504,RY1591 - Rayban Junior - Kids - 3945 - 46 - Full Frame - Cat Eye - Sheet,1,1,2,REPLENISH,1,3,0,99989,99983
Hyderabad Kukatpally Nizampet X Roads,SOUTH,AVANTA,FRAME,SHEET|FULL|RECTANGLE,MALE,1190,,,SYS158388,,1190,FREE,SYS158388,AV 0065 - Avanta - Male - Black - 52 - Full Frame - Rectangle - Sheet,0,1,1,REPLENISH,1,102,0,99611,99452
Hyderabad Kukatpally Nizampet X Roads,SOUTH,AVANTA,FRAME,SHEET|FULL|RECTANGLE,MALE,1190,,,SYS158391,,1190,FREE,SYS158391,AV 0065 - Avanta - Male - D/Blue - 52 - Full Frame - Rectangle - Sheet,0,1,1,REPLENISH,1,61,0,99611,99452
Hyderabad Kukatpally Nizampet X Roads,SOUTH,AVANTA,FRAME,SHEET|FULL|RECTANGLE,MALE,1190,,,SYS158404,,1190,FREE,SYS158404,AV 0070HD - Avanta - Male - D/Brown - 54 - Full Frame - Rectangle - Sheet,0,1,1,REPLENISH,1,18,0,99611,99452
Hyderabad Kukatpally Nizampet X Roads,SOUTH,AVANTA,FRAME,SHEET|FULL|RECTANGLE,MALE,1190,,,SYS158380,,1190,FREE,SYS158380,AV 0061 - Avanta - Male - Trans/Blue - 53 - Full Frame - Rectangle - Sheet,0,1,1,REPLENISH,1,121,0,99611,99452
Hyderabad Kukatpally Nizampet X Roads,SOUTH,AVANTA,FRAME,SHEET|FULL|ROUND,UNISEX,1190,,,SYS158415,,1190,FREE,SYS158415,AV 0068HD - Avanta - Unisex - Transparent - 48 - Full Frame - Round - Sheet,0,1,1,REPLENISH,1,92,0,99611,99452
Hyderabad Kukatpally Nizampet X Roads,SOUTH,AVANTA,FRAME,SHEET|FULL|CAT EYE,FEMALE,1190,,,SYS158409,,1190,FREE,SYS158409,AV 0072HD - Avanta - Female - Trans/Pink - 51 - Full Frame - Cat Eye - Sheet,0,2,2,REPLENISH,2,101,0,99611,99452
Gorakhpur Mughlaha,NORTH,AVANTA,FRAME,METAL|FULL|SQUARE,MALE,1190,,,SYS165334,,1190,FREE,SYS165334,AV YM8601 - Avanta - Male - C5 - 52 - Full Frame - Square - Metal,0,1,1,REPLENISH,1,2,0,99667,99643
LAJPAT NAGAR,NORTH,ADMYRA,FRAME,METAL|FULL|SQUARE,MALE,2190,,,SYS106225,,2190,FREE,SYS106225,AM 60008 - Admyra - Male - Gun/Silver - 52 - Full Frame - Square - Metal,0,1,1,REPLENISH,1,1,0,99861,99859
Jammu BC Road Rehari Chungi,NORTH,AVANTA,FRAME,SHEET|FULL|SQUARE,MALE,1190,,,SYS162647,,1190,FREE,SYS162647,AV 0063 - Avanta - Male - Trans/Blue - 51 - Full Frame - Square - Sheet,0,1,1,REPLENISH,1,55,0,99763,99690
Gurgaon Sector 51 M2K,NORTH,AVANTA,FRAME,SHEET|FULL|CAT EYE,FEMALE,1190,,,SYS158409,,1190,FREE,SYS158409,AV 0072HD - Avanta - Female - Trans/Pink - 51 - Full Frame - Cat Eye - Sheet,0,1,1,REPLENISH,1,101,0,99913,99911
Gurgaon Sector 51 M2K,NORTH,AVANTA,FRAME,SHEET|FULL|RECTANGLE,MALE,1190,,,SYS158379,,1190,FREE,SYS158379,AV 0061 - Avanta - Male - D/Brown - 53 - Full Frame - Rectangle - Sheet,0,1,1,REPLENISH,1,129,0,99913,99911
Sikar Police Line Road I Max,WEST,AVANTA,FRAME,METAL|FULL|RECTANGLE,MALE,590,,,SYS164965,,590,FREE,SYS164965,AV 12903 - Avanta - Male - Black - 51 - Full Frame - Rectangle - Metal,0,1,1,REPLENISH,1,2,0,99174,98617
Jhunjhunu Indra Nagar,WEST,AVANTA,FRAME,SHEET|FULL|SQUARE,UNISEX,1890,,,SYS139945,,1890,FREE,SYS139945,AV 0047 - Avanta - Unisex - D/Wine - 53 - Full Frame - Square - Sheet,0,1,1,REPLENISH,1,2,0,99712,98997
Sikar Police Line Road I Max,WEST,AVANTA,FRAME,METAL|FULL|SQUARE,MALE,990,,,SYS164812,,990,FREE,SYS164812,AV 7412205 - Avanta - Male - Silver - 51 - Full Frame - Square - Metal,0,1,1,REPLENISH,1,9,0,99174,98617
Hyderabad Neo Retina (Abids),SOUTH,ADMYRA,FRAME,SHEET|FULL|CAT EYE,FEMALE,2190,,,SYS139957,,2190,FREE,SYS139957,AM 115 - Admyra - Female - Black - 51 - Full Frame - Cat Eye - Sheet,0,1,1,REPLENISH,1,8,0,99926,99922
Hyderabad Neo Retina (Abids),SOUTH,ADMYRA,FRAME,SHEET|FULL|CAT EYE,FEMALE,2190,,,SYS139960,,2190,FREE,SYS139960,AM 115 - Admyra - Female - Trans/Pink - 51 - Full Frame - Cat Eye - Sheet,0,1,1,REPLENISH,1,13,0,99926,99922
Delhi Safdarjung Enclave,NORTH,STEPPER,FRAME,TITANIUM|HALF|RECTANGLE,MALE,7480,,,SYS78813,,7480,FREE,SYS78813,SI/4105 - Stepper - Male - F029 - 51 - Half Frame - Rectangle - Titanium,0,1,1,REPLENISH,1,3,0,99980,99965
Sikar Police Line Road I Max,WEST,AVANTA,FRAME,METAL|FULL|SQUARE,MALE,1790,,,SYS165490,,1790,FREE,SYS165490,AV 7241 - Avanta - Male - C4 - 53 - Full Frame - Square - Metal,0,1,1,REPLENISH,1,2,0,99174,98617
Vijayawada Mogalrajpuram,SOUTH,ADMYRA,FRAME,SHEET|FULL|CAT EYE,FEMALE,2490,,,SYS162299,,2490,FREE,SYS162299,AM 0127 - Admyra - Female - Green - 53 - Full Frame - Cat Eye - Sheet,0,1,1,REPLENISH,1,12,0,99882,99876
Vijayawada Mogalrajpuram,SOUTH,ADMYRA,FRAME,SHEET|FULL|CAT EYE,FEMALE,2790,,,SYS162317,,2790,FREE,SYS162317,AM 0133 - Admyra - Female - D/Purple - 53 - Full Frame - Cat Eye - Sheet,0,1,1,REPLENISH,1,48,0,99882,99876
Ranchi Kutchery Road,EAST,ADMYRA,FRAME,SHEET|FULL|SQUARE,MALE,2190,,,SYS142673,,2190,FREE,SYS142673,AM 109 - Admyra - Male - Black - 53 - Full Frame - Square - Sheet,0,1,1,REPLENISH,1,26,0,99717,99714
Gorakhpur Mughlaha,NORTH,AVANTA,FRAME,METAL|FULL|RECTANGLE,MALE,590,,,SYS164963,,590,FREE,SYS164963,AV 12903 - Avanta - Male - Gun - 51 - Full Frame - Rectangle - Metal,0,1,1,REPLENISH,1,5,0,99667,99643
Kamothe Laxmi Eye,WEST,AVANTA,FRAME,SHEET|FULL|SQUARE,MALE,1190,,,SYS158369,,1190,FREE,SYS158369,AV 0064 - Avanta - Male - D/Brown - 54 - Full Frame - Square - Sheet,0,1,1,REPLENISH,1,160,0,99673,99664
Kamothe Laxmi Eye,WEST,AVANTA,FRAME,SHEET|FULL|RECTANGLE,MALE,1190,,,SYS158380,,1190,FREE,SYS158380,AV 0061 - Avanta - Male - Trans/Blue - 53 - Full Frame - Rectangle - Sheet,0,1,1,REPLENISH,1,121,0,99673,99664
Hisar Sec 14,NORTH,AVANTA,FRAME,METAL|HALF|RECTANGLE,MALE,690,,,SYS68152,,690,FREE,SYS68152,AV 31003 - Avanta - Male - Gun - 50 - Supra - Rectangle - Metal,0,1,1,REPLENISH,1,10,0,99684,99678
Kamothe Laxmi Eye,WEST,AVANTA,FRAME,SHEET|FULL|CAT EYE,FEMALE,1190,,,SYS158410,,1190,FREE,SYS158410,AV 0072HD - Avanta - Female - Purple - 51 - Full Frame - Cat Eye - Sheet,0,2,2,REPLENISH,2,77,0,99673,99664
Kamothe Laxmi Eye,WEST,AVANTA,FRAME,SHEET|FULL|CAT EYE,FEMALE,1190,,,SYS158409,,1190,FREE,SYS158409,AV 0072HD - Avanta - Female - Trans/Pink - 51 - Full Frame - Cat Eye - Sheet,1,1,2,REPLENISH,1,101,0,99673,99664
Kamothe Laxmi Eye,WEST,AVANTA,FRAME,SHEET|FULL|ROUND,UNISEX,1190,,,SYS158415,,1190,FREE,SYS158415,AV 0068HD - Avanta - Unisex - Transparent - 48 - Full Frame - Round - Sheet,0,1,1,REPLENISH,1,92,0,99673,99664
Delhi Ashok Vihar Phase II,NORTH,ADMYRA,FRAME,SHEET|FULL|SQUARE,MALE,2190,,,SYS142674,,2190,FREE,SYS142674,AM 109 - Admyra - Male - Grey - 53 - Full Frame - Square - Sheet,0,1,1,REPLENISH,1,5,0,99821,99819
Delhi Ashok Vihar Phase II,NORTH,ADMYRA,FRAME,SHEET|FULL|SQUARE,MALE,2190,,,SYS142673,,2190,FREE,SYS142673,AM 109 - Admyra - Male - Black - 53 - Full Frame - Square - Sheet,0,1,1,REPLENISH,1,26,0,99821,99819
Bhopal Hoshangabad Road,WEST,STEPPER,FRAME,TITANIUM|HALF|RECTANGLE,MALE,8910,,,SYS113834,,8910,FREE,SYS113834,SI/60030 - Stepper - Male - F014 - 54 - Half Frame - Rectangle - Titanium,0,1,1,REPLENISH,1,1,0,99985,99982
Noida Sec 50,NORTH,RAYBAN,FRAME,SHEET|FULL|SQUARE,MALE,7190,,,SYS152610,,7190,FREE,SYS152610,RX7185 - Rayban - Male - 5943 - 50 - Full Frame - Square - Sheet,0,1,1,REPLENISH,1,1,0,99967,99956
Vijayawada Mogalrajpuram,SOUTH,AVANTA,FRAME,METAL|SUPRA|RECTANGLE,MALE,490,,,SYS160682,,490,FREE,SYS160682,AV 31010 - Avanta - Male - Black - 51 - Supra - Rectangle - Metal,0,2,2,REPLENISH,2,7,0,99730,99588
Vijayawada Mogalrajpuram,SOUTH,AVANTA,FRAME,METAL|SUPRA|RECTANGLE,MALE,490,,,SYS160683,,490,FREE,SYS160683,AV 31010 - Avanta - Male - Gold - 51 - Supra - Rectangle - Metal,0,2,2,REPLENISH,2,4,0,99730,99588
Vijayawada Mogalrajpuram,SOUTH,AVANTA,FRAME,METAL|HALF|RECTANGLE,MALE,690,,,SYS68156,,690,FREE,SYS68156,AV 31003 - Avanta - Male - Black - 50 - Supra - Rectangle - Metal,1,1,2,REPLENISH,1,6,0,99730,99588
Vijayawada Mogalrajpuram,SOUTH,AVANTA,FRAME,METAL|HALF|RECTANGLE,MALE,690,,,SYS68153,,690,FREE,SYS68153,AV 31003 - Avanta - Male - Copper - 50 - Supra - Rectangle - Metal,0,2,2,REPLENISH,2,4,0,99730,99588
Vijayawada Mogalrajpuram,SOUTH,AVANTA,FRAME,METAL|HALF|RECTANGLE,MALE,690,,,SYS68152,,690,FREE,SYS68152,AV 31003 - Avanta - Male - Gun - 50 - Supra - Rectangle - Metal,1,1,2,REPLENISH,1,10,0,99730,99588
Mumbai Ghatkopar Dr Mehta Eye,WEST,ADMYRA,FRAME,SHEET|FULL|SQUARE,MALE,2190,,,SYS142677,,2190,FREE,SYS142677,AM 109 - Admyra - Male - D/Brown - 53 - Full Frame - Square - Sheet,0,1,1,REPLENISH,1,23,0,99853,99849
Hyderabad Hayathnagar,SOUTH,AVANTA,FRAME,METAL|FULL|RECTANGLE,MALE,1490,,,SYS107429,,1490,FREE,SYS107429,AV TJ16603 - Avanta - Male - C4 - 50 - Full Frame - Rectangle - Metal,0,1,1,REPLENISH,1,1,0,99658,99640
Noida GaurCity,NORTH,RAYBAN,FRAME,SHEET|FULL|SQUARE,MALE,5490,,,SYS12271,,5490,FREE,SYS12271,RX7027I - Rayban - Male - 2012 - 54 - Full Frame - Square - Sheet,0,1,1,REPLENISH,1,2,0,99952,99943
Delhi Dwarka Sec 09,NORTH,RAYBAN,FRAME,SHEET|FULL|CAT EYE,FEMALE,5490,,,SYS27357,,5490,FREE,SYS27357,RX7033I - Rayban - Female - 2000 - 52 - Full Frame - Cat Eye - Sheet,0,1,1,REPLENISH,1,2,0,99959,99907
Pune Satara Road Jhamwar Eye,WEST,AVANTA,FRAME,TR|FULL|RECTANGLE,MALE,990,,,SYS163042,,990,FREE,SYS163042,AV 147006 - Avanta - Male - C1 - 53 - Full Frame - Rectangle - TR,0,1,1,REPLENISH,1,1,0,99706,99701
Vijayawada Mogalrajpuram,SOUTH,AVANTA,FRAME,METAL|SUPRA|RECTANGLE,MALE,790,,,SYS160491,,790,FREE,SYS160491,AV 31005 - Avanta - Male - Gun - 49 - Supra - Rectangle - Metal,0,2,2,REPLENISH,2,10,0,99730,99588
Vijayawada Mogalrajpuram,SOUTH,AVANTA,FRAME,METAL|SUPRA|RECTANGLE,MALE,790,,,SYS160492,,790,FREE,SYS160492,AV 31005 - Avanta - Male - Black - 49 - Supra - Rectangle - Metal,0,2,2,REPLENISH,3,6,0,99730,99588
Vijayawada Mogalrajpuram,SOUTH,AVANTA,FRAME,METAL|SUPRA|RECTANGLE,MALE,790,,,SYS160494,,790,FREE,SYS160494,AV 31005 - Avanta - Male - Burgundy - 49 - Supra - Rectangle - Metal,0,1,1,REPLENISH,1,4,0,99730,99588
Vijayawada Mogalrajpuram,SOUTH,AVANTA,FRAME,METAL|SUPRA|RECTANGLE,MALE,790,,,SYS160495,,790,FREE,SYS160495,AV 31005 - Avanta - Male - Pink - 49 - Supra - Rectangle - Metal,0,1,1,REPLENISH,1,2,0,99730,99588
Vijayawada Mogalrajpuram,SOUTH,AVANTA,FRAME,METAL|SUPRA|RECTANGLE,MALE,790,,,SYS160496,,790,FREE,SYS160496,AV 31005 - Avanta - Male - Purple - 49 - Supra - Rectangle - Metal,0,1,1,REPLENISH,1,2,0,99730,99588
Vijayawada Mogalrajpuram,SOUTH,AVANTA,FRAME,METAL|SUPRA|RECTANGLE,MALE,790,,,SYS160497,,790,FREE,SYS160497,AV 31005 - Avanta - Male - Copper - 49 - Supra - Rectangle - Metal,0,1,1,REPLENISH,1,4,0,99730,99588
Ghaziabad RDC,NORTH,AVANTA,FRAME,SHEET|FULL|RECTANGLE,MALE,1190,,,SYS158378,,1190,FREE,SYS158378,AV 0061 - Avanta - Male - Black - 53 - Full Frame - Rectangle - Sheet,0,1,1,REPLENISH,1,157,0,99793,99772
Greater Noida West Nirala Estate,NORTH,AVANTA,FRAME,SHEET|FULL|CAT EYE,FEMALE,1490,,,SYS67568,,1490,FREE,SYS67568,AV 020 - Avanta - Female - Wine - 50 - Full Frame - Cat Eye - Sheet,0,1,1,REPLENISH,1,3,0,99738,99712
Noida GaurCity,NORTH,AVANTA,FRAME,SHEET|FULL|SQUARE,MALE,1190,,,SYS162645,,1190,FREE,SYS162645,AV 0063 - Avanta - Male - Black - 51 - Full Frame - Square - Sheet,0,1,1,REPLENISH,1,121,0,99751,99727
Delhi Rohini Ring Road Mall,NORTH,AVANTA,FRAME,SHEET|FULL|SQUARE,MALE,1190,,,SYS162645,,1190,FREE,SYS162645,AV 0063 - Avanta - Male - Black - 51 - Full Frame - Square - Sheet,1,1,2,REPLENISH,2,121,0,99814,99805
Delhi Rohini Ring Road Mall,NORTH,AVANTA,FRAME,SHEET|FULL|SQUARE,MALE,1190,,,SYS162647,,1190,FREE,SYS162647,AV 0063 - Avanta - Male - Trans/Blue - 51 - Full Frame - Square - Sheet,0,1,1,REPLENISH,1,55,0,99814,99805
Delhi Rohini Ring Road Mall,NORTH,AVANTA,FRAME,SHEET|FULL|SQUARE,MALE,1190,,,SYS162649,,1190,FREE,SYS162649,AV 0063 - Avanta - Male - Trans/Grey - 51 - Full Frame - Square - Sheet,0,1,1,REPLENISH,1,289,0,99814,99805
Warangal Hanamkonda Kakathiya,SOUTH,AVANTA,FRAME,SHEET|FULL|ROUND,UNISEX,1190,,,SYS158417,,1190,FREE,SYS158417,AV 0068HD - Avanta - Unisex - Trans/Purple - 48 - Full Frame - Round - Sheet,0,1,1,REPLENISH,1,63,0,99226,96995
Warangal Hanamkonda Kakathiya,SOUTH,AVANTA,FRAME,SHEET|FULL|ROUND,UNISEX,1190,,,SYS158424,,1190,FREE,SYS158424,AV 0071HD - Avanta - Unisex - D/Wine - 47 - Full Frame - Round - Sheet,0,1,1,REPLENISH,1,4,0,99226,96995
Warangal Hanamkonda Kakathiya,SOUTH,AVANTA,FRAME,SHEET|FULL|CAT EYE,FEMALE,1190,,,SYS158408,,1190,FREE,SYS158408,AV 0072HD - Avanta - Female - Black - 51 - Full Frame - Cat Eye - Sheet,1,1,2,REPLENISH,1,83,0,99226,96995
Warangal Hanamkonda Kakathiya,SOUTH,AVANTA,FRAME,SHEET|FULL|CAT EYE,FEMALE,1190,,,SYS158409,,1190,FREE,SYS158409,AV 0072HD - Avanta - Female - Trans/Pink - 51 - Full Frame - Cat Eye - Sheet,0,1,1,REPLENISH,1,101,0,99226,96995
Ghaziabad Nehru Nagar,NORTH,FRENCH CONNECTION,FRAME,SHEET|FULL|SQUARE,MALE,5390,,,SYS165823,,5390,FREE,SYS165823,FC 8312 - French Connection - Male - C1 - 53 - Full Frame - Square - Sheet,0,1,1,REPLENISH,1,1,0,99992,99991
Warangal Hanamkonda Kakathiya,SOUTH,AVANTA,FRAME,SHEET|FULL|CAT EYE,FEMALE,1190,,,SYS158419,,1190,FREE,SYS158419,AV 0066 - Avanta - Female - D/Brown - 53 - Full Frame - Cat Eye - Sheet,0,1,1,REPLENISH,1,15,0,99226,96995
Warangal Hanamkonda Kakathiya,SOUTH,AVANTA,FRAME,SHEET|FULL|ROUND,UNISEX,1190,,,SYS158415,,1190,FREE,SYS158415,AV 0068HD - Avanta - Unisex - Transparent - 48 - Full Frame - Round - Sheet,0,1,1,REPLENISH,1,92,0,99226,96995
Warangal Hanamkonda Kakathiya,SOUTH,AVANTA,FRAME,SHEET|FULL|CAT EYE,FEMALE,1190,,,SYS158411,,1190,FREE,SYS158411,AV 0072HD - Avanta - Female - Blue - 51 - Full Frame - Cat Eye - Sheet,0,1,1,REPLENISH,1,80,0,99226,96995
Warangal Hanamkonda Kakathiya,SOUTH,AVANTA,FRAME,SHEET|FULL|RECTANGLE,MALE,1190,,,SYS158379,,1190,FREE,SYS158379,AV 0061 - Avanta - Male - D/Brown - 53 - Full Frame - Rectangle - Sheet,0,1,1,REPLENISH,1,129,0,99226,96995
Warangal Hanamkonda Kakathiya,SOUTH,AVANTA,FRAME,SHEET|FULL|RECTANGLE,MALE,1190,,,SYS158382,,1190,FREE,SYS158382,AV 0061 - Avanta - Male - D/Green - 53 - Full Frame - Rectangle - Sheet,0,2,2,REPLENISH,2,121,0,99226,96995
Warangal Hanamkonda Kakathiya,SOUTH,AVANTA,FRAME,SHEET|FULL|RECTANGLE,MALE,1190,,,SYS158404,,1190,FREE,SYS158404,AV 0070HD - Avanta - Male - D/Brown - 54 - Full Frame - Rectangle - Sheet,0,1,1,REPLENISH,1,18,0,99226,96995
Noida MOI,NORTH,RAYBAN,FRAME,SHEET|FULL|SQUARE,UNISEX,5990,,,SYS111343,,5990,FREE,SYS111343,RX7237I - Rayban - Unisex - 5753 - 53 - Full Frame - Square - Sheet,0,1,1,REPLENISH,2,1,0,99950,99907
Gurgaon Sec 29,NORTH,RAYBAN,FRAME,SHEET|FULL|SQUARE,MALE,5490,,,SYS12271,,5490,FREE,SYS12271,RX7027I - Rayban - Male - 2012 - 54 - Full Frame - Square - Sheet,0,1,1,REPLENISH,1,2,0,99969,99964
Warangal Hanamkonda Kakathiya,SOUTH,AVANTA,FRAME,SHEET|FULL|CAT EYE,FEMALE,1190,,,SYS158495,,1190,FREE,SYS158495,AV 0074 - Avanta - Female - Teal - 51 - Full Frame - Cat Eye - Sheet,1,1,2,REPLENISH,1,10,0,99226,96995
Warangal Hanamkonda Kakathiya,SOUTH,AVANTA,FRAME,SHEET|FULL|CAT EYE,FEMALE,1190,,,SYS158494,,1190,FREE,SYS158494,AV 0074 - Avanta - Female - Wine - 51 - Full Frame - Cat Eye - Sheet,1,1,2,REPLENISH,1,1,0,99226,96995
Warangal Hanamkonda Kakathiya,SOUTH,AVANTA,FRAME,SHEET|FULL|CAT EYE,FEMALE,1190,,,SYS158493,,1190,FREE,SYS158493,AV 0074 - Avanta - Female - D/Brown - 51 - Full Frame - Cat Eye - Sheet,0,1,1,REPLENISH,1,5,0,99226,96995
Warangal Hanamkonda Kakathiya,SOUTH,AVANTA,FRAME,SHEET|FULL|CAT EYE,FEMALE,1190,,,SYS158492,,1190,FREE,SYS158492,AV 0074 - Avanta - Female - Pink - 51 - Full Frame - Cat Eye - Sheet,2,0,2,REPLENISH,1,6,0,99226,96995
Warangal Hanamkonda Kakathiya,SOUTH,AVANTA,FRAME,SHEET|FULL|CAT EYE,FEMALE,1190,,,SYS158491,,1190,FREE,SYS158491,AV 0074 - Avanta - Female - Black - 51 - Full Frame - Cat Eye - Sheet,0,1,1,REPLENISH,1,4,0,99226,96995
Hyderabad Kukatpally Nizampet X Roads,SOUTH,EMPORIO ARMANI,FRAME,SHEET|FULL|RECTANGLE,MALE,13590,,,SYS115893,,13590,FREE,SYS115893,EA3247 - Emporio Armani - Male - 6189 - 53 - Full Frame - Rectangle - Sheet,0,1,1,REPLENISH,1,1,0,99976,99973
Delhi Dwarka Sec 09,NORTH,ADMYRA,FRAME,SHEET|FULL|ROUND,UNISEX,2490,,,SYS67833,,2490,FREE,SYS67833,AM 024 - Admyra - Unisex - D/Blue - 48 - Full Frame - Round - Sheet,0,1,1,REPLENISH,1,1,0,99784,99640
Ghaziabad Nehru Nagar,NORTH,AVANTA KIDS,FRAME,PEDIATRIC|FULL|OVAL,KIDS,1690,,,SYS165245,,1690,FREE,SYS165245,AV ZC1603 - Avanta Kids - Kids - C7 - 44 - Full Frame - Oval - Pediatric,0,1,1,REPLENISH,1,3,0,99953,99952
Delhi Rohini Ring Road Mall,NORTH,ADMYRA,FRAME,SHEET|FULL|SQUARE,MALE,2490,,,SYS162287,,2490,FREE,SYS162287,AM 0128 - Admyra - Male - D/Brown - 55 - Full Frame - Square - Sheet,0,1,1,REPLENISH,1,25,0,99844,99839
Delhi Rohini Ring Road Mall,NORTH,ADMYRA,FRAME,SHEET|FULL|CAT EYE,FEMALE,2490,,,SYS162299,,2490,FREE,SYS162299,AM 0127 - Admyra - Female - Green - 53 - Full Frame - Cat Eye - Sheet,1,1,2,REPLENISH,1,12,0,99844,99839
Moradabad Kanth Road,NORTH,AVANTA,FRAME,METAL|SUPRA|RECTANGLE,MALE,790,,,SYS162206,,790,FREE,SYS162206,AV 743109 - Avanta - Male - Black - 50 - Supra - Rectangle - Metal,0,1,1,REPLENISH,1,1,0,99743,99714
Gorakhpur Mughlaha,NORTH,AVANTA,FRAME,METAL|HALF|RECTANGLE,FEMALE,990,,,SYS163546,,990,FREE,SYS163546,AV 202434 - Avanta - Female - Copper/Gold - 48 - Half Frame - Rectangle - Metal,0,1,1,REPLENISH,1,1,0,99667,99643
Jodhpur Sardarpura,WEST,AVANTA,FRAME,METAL|FULL|RECTANGLE,MALE,590,,,SYS164965,,590,FREE,SYS164965,AV 12903 - Avanta - Male - Black - 51 - Full Frame - Rectangle - Metal,0,1,1,REPLENISH,1,2,0,99879,99867
Jodhpur Sardarpura,WEST,AVANTA,FRAME,METAL|SUPRA|RECTANGLE,MALE,590,,,SYS164967,,590,FREE,SYS164967,AV 12896 - Avanta - Male - Gold - 51 - Supra - Rectangle - Metal,0,2,2,REPLENISH,2,4,0,99879,99867
Jodhpur Sardarpura,WEST,AVANTA,FRAME,METAL|SUPRA|RECTANGLE,MALE,590,,,SYS164968,,590,FREE,SYS164968,AV 12896 - Avanta - Male - Gun - 51 - Supra - Rectangle - Metal,0,1,1,REPLENISH,1,6,0,99879,99867
Jodhpur Sardarpura,WEST,AVANTA,FRAME,METAL|SUPRA|RECTANGLE,MALE,590,,,SYS164961,,590,FREE,SYS164961,AV 12902 - Avanta - Male - Black - 50 - Supra - Rectangle - Metal,1,1,2,REPLENISH,1,3,0,99879,99867
Indore Vijay Nagar,NORTH,AVANTA,FRAME,SHEET|FULL|RECTANGLE,MALE,1190,,,SYS158378,,1190,FREE,SYS158378,AV 0061 - Avanta - Male - Black - 53 - Full Frame - Rectangle - Sheet,0,1,1,REPLENISH,1,157,0,99661,99650
Indore Vijay Nagar,NORTH,AVANTA,FRAME,SHEET|FULL|RECTANGLE,MALE,1190,,,SYS158390,,1190,FREE,SYS158390,AV 0065 - Avanta - Male - Transparent - 52 - Full Frame - Rectangle - Sheet,1,1,2,REPLENISH,1,79,0,99661,99650
Indore Vijay Nagar,NORTH,AVANTA,FRAME,SHEET|FULL|CAT EYE,FEMALE,1190,,,SYS158409,,1190,FREE,SYS158409,AV 0072HD - Avanta - Female - Trans/Pink - 51 - Full Frame - Cat Eye - Sheet,0,1,1,REPLENISH,1,101,0,99661,99650
Indore Vijay Nagar,NORTH,AVANTA,FRAME,SHEET|FULL|ROUND,UNISEX,1190,,,SYS158414,,1190,FREE,SYS158414,AV 0068HD - Avanta - Unisex - D/Wine - 48 - Full Frame - Round - Sheet,0,1,1,REPLENISH,1,100,0,99661,99650
Indore Vijay Nagar,NORTH,AVANTA,FRAME,SHEET|FULL|CAT EYE,FEMALE,1190,,,SYS158412,,1190,FREE,SYS158412,AV 0072HD - Avanta - Female - Trans/Brown - 51 - Full Frame - Cat Eye - Sheet,0,1,1,REPLENISH,1,56,0,99661,99650
Indore Vijay Nagar,NORTH,AVANTA,FRAME,SHEET|FULL|CAT EYE,FEMALE,1190,,,SYS158411,,1190,FREE,SYS158411,AV 0072HD - Avanta - Female - Blue - 51 - Full Frame - Cat Eye - Sheet,0,1,1,REPLENISH,1,80,0,99661,99650
Badlapur Kulgaon Drishti Eye,WEST,VOGUE,FRAME,SHEET|FULL|SQUARE,UNISEX,3390,,,SYS144723,,3390,FREE,SYS144723,VO5645I - Vogue - Unisex - 2760 - 54 - Full Frame - Square - Sheet,0,1,1,REPLENISH,1,1,0,99988,99984
Delhi Safdarjung Enclave,NORTH,RAYBAN,FRAME,METAL|SUPRA|RECTANGLE,MALE,5990,,,SYS144508,,5990,FREE,SYS144508,RX6540I - Rayban - Male - 2509 - 53 - Supra - Rectangle - Metal,0,1,1,REPLENISH,1,1,0,99969,99958
Delhi Safdarjung Enclave,NORTH,VERSACE,FRAME,METAL|FULL|CAT EYE,FEMALE,15690,,,SYS92024,,15690,FREE,SYS92024,VE1275 - Versace - Female - 1433 - 54 - Full Frame - Cat Eye - Metal,0,1,1,REPLENISH,1,3,0,99979,99960
Delhi Safdarjung Enclave,NORTH,TOMMY HILFIGER,FRAME,SHEET|FULL|ROUND,MALE,7490,,,SYS88615,,7490,FREE,SYS88615,TH 6313 - Tommy Hilfiger - Male - C7 - 48 - Full Frame - Round - Sheet,0,1,1,REPLENISH,1,1,0,99970,99960
Delhi Safdarjung Enclave,NORTH,AVANTA KIDS,FRAME,TR|FULL|CAT EYE,KIDS,1690,,,SYS88855,,1690,FREE,SYS88855,AV 1204 - Avanta Kids - Kids - C3 - 45 - Full Frame - Cat Eye - TR Pediatric,0,1,1,REPLENISH,1,1,0,99928,99834
Prayagraj Tashkent Marg,NORTH,AVANTA KIDS,FRAME,PEDIATRIC|FULL|ROUND,KIDS,1690,,,SYS165272,,1690,FREE,SYS165272,AV ZC1611 - Avanta Kids - Kids - C11 - 48 - Full Frame - Round - Pediatric,0,1,1,REPLENISH,1,1,0,99942,99894
Mumbai Chembur Rushab Eye,WEST,OMBRA,SUNGLASS,SHEET|FULL|SQUARE,MALE,1190,,,SYS166368,,1190,FREE,SYS166368,OB 62106P - OMBRA - Male - C5 - 52 - Sunglass - Square - Sheet,0,1,1,REPLENISH,1,3,0,99981,99980
Delhi Dwarka Vegas Mall Sec 14,NORTH,VOGUE,SUNGLASS,SHEET|FULL|CAT EYE,FEMALE,7690,,,SYS115880,,7690,FREE,SYS115880,VO5613SB - Vogue - Female - W65673 - 54 - Sunglass - Cat Eye - Sheet,0,1,1,REPLENISH,1,1,0,99973,99959
Patiala Randhawa Eye,NORTH,AVANTA,FRAME,SHEET|FULL|CAT EYE,FEMALE,1190,,,SYS158409,,1190,FREE,SYS158409,AV 0072HD - Avanta - Female - Trans/Pink - 51 - Full Frame - Cat Eye - Sheet,0,1,1,REPLENISH,1,101,0,99609,99267
Patiala Randhawa Eye,NORTH,AVANTA,FRAME,SHEET|FULL|ROUND,UNISEX,1190,,,SYS158414,,1190,FREE,SYS158414,AV 0068HD - Avanta - Unisex - D/Wine - 48 - Full Frame - Round - Sheet,0,1,1,REPLENISH,1,100,0,99609,99267
Patiala Randhawa Eye,NORTH,AVANTA,FRAME,SHEET|FULL|ROUND,UNISEX,1190,,,SYS158413,,1190,FREE,SYS158413,AV 0068HD - Avanta - Unisex - Black - 48 - Full Frame - Round - Sheet,0,1,1,REPLENISH,1,87,0,99609,99267
Patiala Randhawa Eye,NORTH,AVANTA,FRAME,SHEET|FULL|CAT EYE,FEMALE,1190,,,SYS158412,,1190,FREE,SYS158412,AV 0072HD - Avanta - Female - Trans/Brown - 51 - Full Frame - Cat Eye - Sheet,0,1,1,REPLENISH,1,56,0,99609,99267
Patiala Randhawa Eye,NORTH,AVANTA,FRAME,SHEET|FULL|RECTANGLE,MALE,1190,,,SYS158382,,1190,FREE,SYS158382,AV 0061 - Avanta - Male - D/Green - 53 - Full Frame - Rectangle - Sheet,0,1,1,REPLENISH,1,121,0,99609,99267
Patiala Randhawa Eye,NORTH,AVANTA,FRAME,SHEET|FULL|RECTANGLE,MALE,1190,,,SYS158386,,1190,FREE,SYS158386,AV 0067 - Avanta - Male - MT.Blk - 54 - Full Frame - Rectangle - Sheet,0,1,1,REPLENISH,1,1,0,99609,99267
Ghaziabad Nehru Nagar,NORTH,AVANTA,FRAME,METAL|FULL|SQUARE,MALE,1190,,,SYS165334,,1190,FREE,SYS165334,AV YM8601 - Avanta - Male - C5 - 52 - Full Frame - Square - Metal,0,1,1,REPLENISH,1,2,0,99771,99754
Ghaziabad Nehru Nagar,NORTH,AVANTA,FRAME,METAL|HALF|SQUARE,MALE,1590,,,SYS165405,,1590,FREE,SYS165405,AV 56127 - Avanta - Male - C4 - 51 - Half Frame - Square - Metal,0,1,1,REPLENISH,1,4,0,99771,99754
Delhi Dwarka Sec 09,NORTH,RAYBAN,FRAME,SHEET|FULL|RECTANGLE,MALE,4590,,,SYS55783,,4590,FREE,SYS55783,RX7170I - Rayban - Male - 5943 - 53 - Full Frame - Rectangle - Sheet,0,1,1,REPLENISH,1,1,0,99959,99907
Panvel Laxmi Eye,WEST,AVANTA,FRAME,METAL|SUPRA|RECTANGLE,MALE,890,,,SYS148043,,890,FREE,SYS148043,AV 31001 - Avanta - Male - Copper - 51 - Supra - Rectangle - Metal,0,1,1,REPLENISH,1,7,0,99454,96355
Prayagraj Tashkent Marg,NORTH,AVANTA,FRAME,METAL|SUPRA|RECTANGLE,MALE,590,,,SYS164962,,590,FREE,SYS164962,AV 12902 - Avanta - Male - Copper - 50 - Supra - Rectangle - Metal,0,1,1,REPLENISH,1,3,0,99551,99379
Jaipur Malviya Nagar,WEST,AVANTA,FRAME,TR|FULL|RECTANGLE,MALE,890,,,SYS167832,,890,FREE,SYS167832,AV 8016 - Avanta - Male - Brown - 51 - Full Frame - Rectangle - TR,0,1,1,REPLENISH,1,3,0,99658,99611
Ghaziabad Nehru Nagar,NORTH,AVANTA,FRAME,SHEET|FULL|RECTANGLE,MALE,1190,,,SYS118323,,1190,FREE,SYS118323,AV 3591 - Avanta - Male - L/Blue - 53 - Full Frame - Rectangle - Sheet,0,1,1,REPLENISH,1,1,0,99771,99754
Hyderabad Banjara Hills,SOUTH,RAYBAN,FRAME,METAL|RIMLESS|SQUARE,MALE,5990,,,SYS72194,,5990,FREE,SYS72194,RX6504I - Rayban - Male - 2509 - 53 - Rimless - Square - Metal,0,1,1,REPLENISH,1,1,0,99971,99970
Dombivli (East) Laxmi Eye,WEST,AVANTA,FRAME,SHEET|FULL|CAT EYE,FEMALE,1490,,,SYS142334,,1490,FREE,SYS142334,AV 0046 - Avanta - Female - L/Green - 51 - Full Frame - Cat Eye - Sheet,0,1,1,REPLENISH,1,2,0,99837,99832
Prayagraj Tashkent Marg,NORTH,AVANTA,FRAME,METAL|FULL|SQUARE,FEMALE,1190,,,SYS165360,,1190,FREE,SYS165360,AV 82002 - Avanta - Female - C3 - 51 - Full Frame - Square - Metal,0,1,1,REPLENISH,1,2,0,99551,99379
Srinagar Baghat Fazili,NORTH,AVANTA,FRAME,METAL|FULL|RECTANGLE,MALE,590,,,SYS164964,,590,FREE,SYS164964,AV 12903 - Avanta - Male - Gold - 51 - Full Frame - Rectangle - Metal,0,1,1,REPLENISH,1,1,0,99795,99781
Kanpur Mall Road,NORTH,AVANTA,FRAME,METAL|SUPRA|RECTANGLE,MALE,790,,,SYS167334,,790,FREE,SYS167334,AV 12904 - Avanta - Male - Copper - 51 - Supra - Rectangle - Metal,0,1,1,REPLENISH,1,2,0,99671,99632
Noida MOI,NORTH,RAYBAN,SUNGLASS,SHEET|FULL|SQUARE,MALE,11190,,,SYS56431,,11190,FREE,SYS56431,RB4181 - Rayban - Male - 601/71 - 57 - Sunglass - Square - Sheet,0,1,1,REPLENISH,1,2,0,99878,99812
Noida MOI,NORTH,RAYBAN,SUNGLASS,METAL|FULL|CLUB MASTER,MALE,11190,,,SYS51130,,11190,FREE,SYS51130,RB3016 - Rayban - Male - W0366 - 51 - Sunglass - Club Master - Metal,0,1,1,REPLENISH,1,2,0,99878,99812
Noida MOI,NORTH,RAYBAN,SUNGLASS,METAL|FULL|CLUB MASTER,MALE,11190,,,SYS51129,,11190,FREE,SYS51129,RB3016 - Rayban - Male - W0365 - 51 - Sunglass - Club Master - Metal,1,1,2,REPLENISH,1,1,0,99878,99812
Ghaziabad Nehru Nagar,NORTH,RAYBAN,FRAME,METAL|FULL|ROUND,MALE,9390,,,SYS56524,,9390,FREE,SYS56524,RX3637V - Rayban - Male - 2501 - 50 - Full Frame - Round - Metal,0,1,1,REPLENISH,1,1,0,99987,99986
Kolkata Madhyamgram,EAST,ADMYRA,FRAME,SHEET|FULL|SQUARE,MALE,2190,,,SYS142677,,2190,FREE,SYS142677,AM 109 - Admyra - Male - D/Brown - 53 - Full Frame - Square - Sheet,0,1,1,REPLENISH,1,23,0,99822,99814
Srinagar Baghat Fazili,NORTH,ADMYRA,FRAME,METAL|FULL|CAT EYE,FEMALE,2190,,,SYS165428,,2190,FREE,SYS165428,AM 25063 - Admyra - Female - C1 - 50 - Full Frame - Cat Eye - Metal,0,1,1,REPLENISH,1,1,0,99898,99895
Greater Noida West Nirala Estate,NORTH,ADMYRA,FRAME,SHEET|FULL|SQUARE,MALE,2790,,,SYS162295,,2790,FREE,SYS162295,AM 0130 - Admyra - Male - Grey - 55 - Full Frame - Square - Sheet,0,1,1,REPLENISH,1,8,0,99839,99788
Noida MOI,NORTH,RAYBAN,SUNGLASS,SHEET|FULL|SQUARE,MALE,10090,,,SYS42153,,10090,FREE,SYS42153,RB4187 - Rayban - Male - 856/1354 - 54 - Wayfarer - Square - Sheet,0,1,1,REPLENISH,1,1,0,99878,99812
Noida GaurCity,NORTH,VOGUE,SUNGLASS,SHEET|FULL|CAT EYE,FEMALE,2990,,,SYS75112,,2990,FREE,SYS75112,VO5496SI - Vogue - Female - W65613 - 54 - Sunglass - Cat Eye - Sheet,0,1,1,REPLENISH,1,3,0,99968,99932
Noida GaurCity,NORTH,RAYBAN,SUNGLASS,METAL|FULL|SQUARE,MALE,11690,,,SYS162424,,11690,FREE,SYS162424,RB3588 - Rayban - Male - 90548G - 55 - Sunglass - Square - Metal,1,1,2,REPLENISH,1,5,0,99924,99903
Noida GaurCity,NORTH,ADMYRA,FRAME,SHEET|FULL|CAT EYE,FEMALE,2790,,,SYS162314,,2790,FREE,SYS162314,AM 0132 - Admyra - Female - Lchm - 52 - Full Frame - Cat Eye - Sheet,0,1,1,REPLENISH,1,45,0,99651,99639
Noida GaurCity,NORTH,ADMYRA,FRAME,SHEET|FULL|SQUARE,MALE,2790,,,SYS162291,,2790,FREE,SYS162291,AM 0130 - Admyra - Male - Black - 55 - Full Frame - Square - Sheet,0,1,1,REPLENISH,1,24,0,99651,99639
Noida GaurCity,NORTH,ADMYRA,FRAME,SHEET|FULL|SQUARE,MALE,2790,,,SYS162292,,2790,FREE,SYS162292,AM 0130 - Admyra - Male - D/Brown - 55 - Full Frame - Square - Sheet,0,1,1,REPLENISH,1,21,0,99651,99639
Noida GaurCity,NORTH,ADMYRA,FRAME,SHEET|FULL|SQUARE,MALE,2790,,,SYS162293,,2790,FREE,SYS162293,AM 0130 - Admyra - Male - D/Green - 55 - Full Frame - Square - Sheet,1,1,2,REPLENISH,1,17,0,99651,99639
Jaipur Malviya Nagar,WEST,ADMYRA,FRAME,SHEET|FULL|CAT EYE,FEMALE,2190,,,SYS139960,,2190,FREE,SYS139960,AM 115 - Admyra - Female - Trans/Pink - 51 - Full Frame - Cat Eye - Sheet,1,1,2,REPLENISH,1,13,0,99823,99819
Jaipur Malviya Nagar,WEST,ADMYRA,FRAME,SHEET|FULL|CAT EYE,FEMALE,2190,,,SYS139957,,2190,FREE,SYS139957,AM 115 - Admyra - Female - Black - 51 - Full Frame - Cat Eye - Sheet,0,1,1,REPLENISH,1,8,0,99823,99819
Kolkata AJC Bose Road,EAST,ADMYRA,FRAME,SHEET|FULL|CAT EYE,FEMALE,2190,,,SYS139960,,2190,FREE,SYS139960,AM 115 - Admyra - Female - Trans/Pink - 51 - Full Frame - Cat Eye - Sheet,1,1,2,REPLENISH,1,13,0,99821,99816
Patna Kankarbagh,NORTH,AVANTA,FRAME,SHEET|FULL|SQUARE,MALE,1190,,,SYS162649,,1190,FREE,SYS162649,AV 0063 - Avanta - Male - Trans/Grey - 51 - Full Frame - Square - Sheet,0,1,1,REPLENISH,1,289,0,99685,99544
Delhi Dwarka Sec 09,NORTH,RAYBAN JUNIOR,FRAME,SHEET|FULL|CAT EYE,KIDS,4690,,,SYS162436,,4690,FREE,SYS162436,RY1950 - Rayban Junior - Kids - 7206 - 46 - Full Frame - Cat Eye - Sheet,0,1,1,REPLENISH,1,2,0,99990,99988
Delhi Dwarka Sec 09,NORTH,VOGUE,FRAME,METAL|FULL|SQUARE,UNISEX,5090,,,SYS162351,,5090,FREE,SYS162351,VO4340 - Vogue - Unisex - 5152 - 51 - Full Frame - Square - Metal,0,1,1,REPLENISH,1,1,0,99964,99950
Delhi Dwarka Sec 09,NORTH,VOGUE,SUNGLASS,SHEET|FULL|CAT EYE,FEMALE,2990,,,SYS75112,,2990,FREE,SYS75112,VO5496SI - Vogue - Female - W65613 - 54 - Sunglass - Cat Eye - Sheet,0,1,1,REPLENISH,1,3,0,99986,99981
Indore Sapna Sangeeta Road,NORTH,AVANTA,FRAME,SHEET|FULL|ROUND,UNISEX,1190,,,SYS158413,,1190,FREE,SYS158413,AV 0068HD - Avanta - Unisex - Black - 48 - Full Frame - Round - Sheet,0,1,1,REPLENISH,1,87,0,99695,99690
Indore Sapna Sangeeta Road,NORTH,AVANTA,FRAME,SHEET|FULL|CAT EYE,FEMALE,1190,,,SYS158412,,1190,FREE,SYS158412,AV 0072HD - Avanta - Female - Trans/Brown - 51 - Full Frame - Cat Eye - Sheet,0,1,1,REPLENISH,1,56,0,99695,99690
Indore Sapna Sangeeta Road,NORTH,AVANTA,FRAME,SHEET|FULL|SQUARE,MALE,1190,,,SYS158369,,1190,FREE,SYS158369,AV 0064 - Avanta - Male - D/Brown - 54 - Full Frame - Square - Sheet,0,1,1,REPLENISH,1,160,0,99695,99690
Indore Sapna Sangeeta Road,NORTH,AVANTA,FRAME,SHEET|FULL|CAT EYE,FEMALE,1190,,,SYS158409,,1190,FREE,SYS158409,AV 0072HD - Avanta - Female - Trans/Pink - 51 - Full Frame - Cat Eye - Sheet,0,1,1,REPLENISH,1,101,0,99695,99690
Kanpur Mall Road,NORTH,AVANTA,FRAME,SHEET|FULL|SQUARE,UNISEX,1890,,,SYS139946,,1890,FREE,SYS139946,AV 0047 - Avanta - Unisex - Orange - 53 - Full Frame - Square - Sheet,0,1,1,REPLENISH,1,2,0,99671,99632
Delhi Preet Vihar Vikas Marg,NORTH,ADMYRA,FRAME,SHEET|FULL|SQUARE,MALE,2190,,,SYS142674,,2190,FREE,SYS142674,AM 109 - Admyra - Male - Grey - 53 - Full Frame - Square - Sheet,1,1,2,REPLENISH,1,5,0,99756,99483
Delhi Preet Vihar Vikas Marg,NORTH,ADMYRA,FRAME,SHEET|FULL|SQUARE,MALE,2190,,,SYS142673,,2190,FREE,SYS142673,AM 109 - Admyra - Male - Black - 53 - Full Frame - Square - Sheet,1,1,2,REPLENISH,1,26,0,99756,99483
Delhi Preet Vihar Vikas Marg,NORTH,ADMYRA,FRAME,SHEET|FULL|SQUARE,MALE,2190,,,SYS142675,,2190,FREE,SYS142675,AM 109 - Admyra - Male - Transparent - 53 - Full Frame - Square - Sheet,0,1,1,REPLENISH,1,2,0,99756,99483
Delhi Dwarka Sec 09,NORTH,ADMYRA,FRAME,SHEET|FULL|SQUARE,MALE,2490,,,SYS162287,,2490,FREE,SYS162287,AM 0128 - Admyra - Male - D/Brown - 55 - Full Frame - Square - Sheet,1,1,2,REPLENISH,1,25,0,99784,99640
Delhi Dwarka Sec 09,NORTH,ADMYRA,FRAME,SHEET|FULL|SQUARE,MALE,2490,,,SYS162288,,2490,FREE,SYS162288,AM 0128 - Admyra - Male - Teal - 55 - Full Frame - Square - Sheet,2,0,2,REPLENISH,1,1,0,99784,99640
Delhi Dwarka Sec 09,NORTH,ADMYRA,FRAME,SHEET|FULL|SQUARE,MALE,2790,,,SYS162293,,2790,FREE,SYS162293,AM 0130 - Admyra - Male - D/Green - 55 - Full Frame - Square - Sheet,0,1,1,REPLENISH,1,17,0,99784,99640
Delhi Dwarka Sec 09,NORTH,ADMYRA,FRAME,SHEET|FULL|SQUARE,MALE,2790,,,SYS162294,,2790,FREE,SYS162294,AM 0130 - Admyra - Male - Blue - 55 - Full Frame - Square - Sheet,0,1,1,REPLENISH,1,6,0,99784,99640
Delhi Dwarka Sec 09,NORTH,ADMYRA,FRAME,SHEET|FULL|SQUARE,MALE,2790,,,SYS162295,,2790,FREE,SYS162295,AM 0130 - Admyra - Male - Grey - 55 - Full Frame - Square - Sheet,0,1,1,REPLENISH,1,8,0,99784,99640
Delhi Dwarka Sec 09,NORTH,ADMYRA,FRAME,SHEET|FULL|CAT EYE,FEMALE,2790,,,SYS162307,,2790,FREE,SYS162307,AM 0131 - Admyra - Female - D/Brown - 51 - Full Frame - Cat Eye - Sheet,2,0,2,REPLENISH,1,47,0,99784,99640
Delhi Dwarka Sec 09,NORTH,ADMYRA,FRAME,SHEET|FULL|CAT EYE,FEMALE,2790,,,SYS162306,,2790,FREE,SYS162306,AM 0131 - Admyra - Female - Black - 51 - Full Frame - Cat Eye - Sheet,1,1,2,REPLENISH,1,51,0,99784,99640
Delhi Dwarka Sec 09,NORTH,ADMYRA,FRAME,SHEET|FULL|CAT EYE,FEMALE,2790,,,SYS162317,,2790,FREE,SYS162317,AM 0133 - Admyra - Female - D/Purple - 53 - Full Frame - Cat Eye - Sheet,0,1,1,REPLENISH,1,48,0,99784,99640
Delhi Dwarka Sec 09,NORTH,ADMYRA,FRAME,SHEET|FULL|CAT EYE,FEMALE,2790,,,SYS162319,,2790,FREE,SYS162319,AM 0133 - Admyra - Female - Trans/Green - 53 - Full Frame - Cat Eye - Sheet,0,2,2,REPLENISH,2,47,0,99784,99640
Delhi Dwarka Sec 09,NORTH,ADMYRA,FRAME,SHEET|FULL|CAT EYE,FEMALE,2790,,,SYS162311,,2790,FREE,SYS162311,AM 0132 - Admyra - Female - Black - 52 - Full Frame - Cat Eye - Sheet,0,1,1,REPLENISH,1,51,0,99784,99640
Delhi Dwarka Sec 09,NORTH,ADMYRA,FRAME,SHEET|FULL|CAT EYE,FEMALE,2790,,,SYS162313,,2790,FREE,SYS162313,AM 0132 - Admyra - Female - Pink - 52 - Full Frame - Cat Eye - Sheet,0,1,1,REPLENISH,1,39,0,99784,99640
Delhi Dwarka Sec 09,NORTH,ADMYRA,FRAME,SHEET|FULL|CAT EYE,FEMALE,2790,,,SYS162314,,2790,FREE,SYS162314,AM 0132 - Admyra - Female - Lchm - 52 - Full Frame - Cat Eye - Sheet,0,2,2,REPLENISH,2,45,0,99784,99640
Delhi Safdarjung Enclave,NORTH,STEPPER,FRAME,TITANIUM|HALF|RECTANGLE,MALE,7700,,,SYS92198,,7700,FREE,SYS92198,SI/4031 - Stepper - Male - F129 - 53 - Half Frame - Rectangle - Titanium,0,1,1,WIDTH_INC,0,1,0,6,0
Delhi Safdarjung Enclave,NORTH,STEPPER,FRAME,TITANIUM|RIMLESS|AVIATOR,MALE,8250,,,SYS92201,,8250,FREE,SYS92201,SI/82251 - Stepper - Male - F010 - 53 - Rimless - Aviator - Titanium,0,1,1,WIDTH_INC,0,3,0,6,0
Delhi Safdarjung Enclave,NORTH,EMPORIO ARMANI,FRAME,SHEET|FULL|SQUARE,MALE,12590,,,SYS146826,,12590,FREE,SYS146826,EA3258 - Emporio Armani - Male - 6255 - 54 - Full Frame - Square - Sheet,0,1,1,WIDTH_INC,0,1,0,2,0
Noida GaurCity,NORTH,TOMMY HILFIGER,FRAME,SHEET|FULL|SQUARE,MALE,8090,,,SYS165758,,8090,FREE,SYS165758,TH 6371 - Tommy Hilfiger - Male - C4 - 52 - Full Frame - Square - Sheet,0,1,1,WIDTH_INC,0,1,0,11,2
Noida GaurCity,NORTH,TOMMY HILFIGER,FRAME,SHEET|FULL|SQUARE,MALE,8090,,,SYS165756,,8090,FREE,SYS165756,TH 6371 - Tommy Hilfiger - Male - C1 - 52 - Full Frame - Square - Sheet,0,1,1,WIDTH_INC,0,1,0,11,2
Noida GaurCity,NORTH,TOMMY HILFIGER,FRAME,TITANIUM|RIMLESS|RECTANGLE,MALE,9390,,,SYS165752,,9390,FREE,SYS165752,TH 6341T - Tommy Hilfiger - Male - C4 - 55 - Rimless - Rectangle - Titanium,0,1,1,WIDTH_INC,0,1,0,11,2
Noida GaurCity,NORTH,TOMMY HILFIGER,FRAME,SHEET|FULL|SQUARE,MALE,8090,,,SYS165761,,8090,FREE,SYS165761,TH 6375 - Tommy Hilfiger - Male - C2 - 53 - Full Frame - Square - Sheet,0,1,1,WIDTH_INC,0,1,0,11,2
Noida GaurCity,NORTH,TOMMY HILFIGER,FRAME,SHEET|FULL|SQUARE,MALE,8090,,,SYS165765,,8090,FREE,SYS165765,TH 6377 - Tommy Hilfiger - Male - C4 - 55 - Full Frame - Square - Sheet,0,1,1,WIDTH_INC,0,1,0,11,2
Noida GaurCity,NORTH,TOMMY HILFIGER,FRAME,SHEET|FULL|SQUARE,MALE,8090,,,SYS165773,,8090,FREE,SYS165773,TH 6383 - Tommy Hilfiger - Male - C7 - 51 - Full Frame - Square - Sheet,0,1,1,WIDTH_INC,0,1,0,11,2
Noida GaurCity,NORTH,TOMMY HILFIGER,FRAME,SHEET|FULL|SQUARE,MALE,8090,,,SYS165770,,8090,FREE,SYS165770,TH 6383 - Tommy Hilfiger - Male - C4 - 51 - Full Frame - Square - Sheet,0,1,1,WIDTH_INC,0,1,0,11,2
Prayagraj Tashkent Marg,NORTH,AVANTA,FRAME,TR|FULL|RECTANGLE,MALE,890,,,SYS166800,,890,FREE,SYS166800,AV 270812 - Avanta - Male - Black - 50 - Full Frame - Rectangle - TR,0,1,1,WIDTH_INC,0,20,0,19,0
Noida GaurCity,NORTH,EMPORIO ARMANI,SUNGLASS,SHEET|FULL|WAYFARER,MALE,15290,,,SYS165300,,15290,FREE,SYS165300,EA4115F - Emporio Armani - Male - 50171W - 54 - Clip on - Wayfarer - Sheet,0,1,1,WIDTH_INC,0,2,0,7,2
Jammu BC Road Rehari Chungi,NORTH,AVANTA,FRAME,METAL|FULL|RECTANGLE,MALE,590,,,SYS164861,,590,FREE,SYS164861,AV 25035526 - Avanta - Male - Black - 48 - Full Frame - Rectangle - Metal,0,1,1,WIDTH_INC,0,5,0,15,0
Delhi Safdarjung Enclave,NORTH,VOGUE,FRAME,SHEET|FULL|RECTANGLE,FEMALE,5090,,,SYS146800,,5090,FREE,SYS146800,VO5621 - Vogue - Female - 3065 - 53 - Full Frame - Rectangle - Sheet,0,1,1,WIDTH_INC,0,1,0,8,0
Ghaziabad RDC,NORTH,RAYBAN,FRAME,METAL|FULL|ROUND,UNISEX,8890,,,SYS47347,,8890,FREE,SYS47347,RX6465 - Rayban - Unisex - 2509 - 51 - Full Frame - Round - Metal,0,1,1,WIDTH_INC,0,4,0,9,5
Jhunjhunu Indra Nagar,WEST,AVANTA,FRAME,SHEET|FULL|HEXAGON,MALE,1190,,,SYS144609,,1190,FREE,SYS144609,AV 0055 - Avanta - Male - Black - 51 - Full Frame - Hexagon - Sheet,0,1,1,WIDTH_INC,0,2,0,149,0
Jaipur Malviya Nagar,WEST,RAYBAN,FRAME,SHEET|FULL|RECTANGLE,MALE,8390,,,SYS168912,,8390,FREE,SYS168912,RX5435 - Rayban - Male - 8512 - 54 - Full Frame - Rectangle - Sheet,0,1,1,WIDTH_INC,0,2,0,3,2
Prayagraj Tashkent Marg,NORTH,AVANTA,FRAME,TR|FULL|RECTANGLE,MALE,990,,,SYS166952,,990,FREE,SYS166952,AV 50046 - Avanta - Male - C3 - 50 - Full Frame - Rectangle - TR,0,1,1,WIDTH_INC,0,10,0,19,0
Hyderabad Kukatpally Nizampet X Roads,SOUTH,FRENCH CONNECTION,FRAME,SHEET|FULL|RECTANGLE,MALE,3490,,,SYS75243,,3490,FREE,SYS75243,FC 9781 - French Connection - Male - C4 - 54 - Full Frame - Rectangle - Sheet,0,1,1,WIDTH_INC,0,9,0,5,4
Ghaziabad RDC,NORTH,VOGUE,SUNGLASS,METAL|FULL|AVIATOR,MALE,3590,,,SYS56547,,3590,FREE,SYS56547,VO3991SI - Vogue - Male - 280/13 - 58 - Sunglass - Aviator - Metal,0,1,1,WIDTH_INC,0,1,0,3,0
Gurgaon Sec 29,NORTH,RAYBAN JUNIOR,FRAME,SHEET|FULL|RECTANGLE,KIDS,3790,,,SYS92034,,3790,FREE,SYS92034,RY1621 - Rayban Junior - Kids - 3937 - 47 - Full Frame - Rectangle - Sheet,0,1,1,WIDTH_INC,0,3,0,6,3
Hyderabad Kukatpally Nizampet X Roads,SOUTH,VOGUE JUNIOR,FRAME,SHEET|FULL|OVAL,KIDS,2490,,,SYS75157,,2490,FREE,SYS75157,VY2011 - Vogue Junior - Kids - 2974 - 37 - Full Frame - Oval - Sheet,0,1,1,WIDTH_INC,0,7,0,1,0
Ghaziabad RDC,NORTH,CALVIN KLEIN,FRAME,SHEET|FULL|SQUARE,MALE,9390,,,SYS162586,,9390,FREE,SYS162586,CK 24516 - Calvin Klein - Male - 002 - 53 - Full Frame - Square - Sheet,0,1,1,WIDTH_INC,0,1,0,2,0
Gurgaon Sector 51 M2K,NORTH,VERSACE,FRAME,SHEET|FULL|SQUARE,FEMALE,19490,,,SYS75151,,19490,FREE,SYS75151,VE3337 - Versace - Female - GB1 - 53 - Full Frame - Square - Sheet,0,1,1,WIDTH_INC,0,1,0,6,0
Hyderabad Kukatpally Nizampet X Roads,SOUTH,ADMYRA,FRAME,SHEET|FULL|CAT EYE,FEMALE,2790,,,SYS162316,,2790,FREE,SYS162316,AM 0133 - Admyra - Female - Black - 53 - Full Frame - Cat Eye - Sheet,0,1,1,WIDTH_INC,0,49,19,8,1
Hyderabad Kukatpally Nizampet X Roads,SOUTH,ADMYRA,FRAME,SHEET|FULL|CAT EYE,FEMALE,2790,,,SYS162312,,2790,FREE,SYS162312,AM 0132 - Admyra - Female - D/Brown - 52 - Full Frame - Cat Eye - Sheet,0,1,1,WIDTH_INC,0,50,38,8,1
Hyderabad Kukatpally Nizampet X Roads,SOUTH,ADMYRA,FRAME,SHEET|FULL|CAT EYE,FEMALE,2790,,,SYS162310,,2790,FREE,SYS162310,AM 0131 - Admyra - Female - Trans/Blue - 51 - Full Frame - Cat Eye - Sheet,0,1,1,WIDTH_INC,0,49,19,8,1
Hyderabad Kukatpally Nizampet X Roads,SOUTH,ADMYRA,FRAME,SHEET|FULL|CAT EYE,FEMALE,2790,,,SYS162318,,2790,FREE,SYS162318,AM 0133 - Admyra - Female - D/Brown - 53 - Full Frame - Cat Eye - Sheet,0,1,1,WIDTH_INC,0,47,41,8,1
Delhi Dwarka Sec 09,NORTH,VERSACE,FRAME,SHEET|FULL|CAT EYE,FEMALE,20690,,,SYS78594,,20690,FREE,SYS78594,VE3347 - Versace - Female - 5435 - 52 - Full Frame - Cat Eye - Sheet,0,1,1,WIDTH_INC,0,2,0,4,0
Patna RPS Mod,NORTH,AVANTA,FRAME,METAL|FULL|RECTANGLE,MALE,590,,,SYS164861,,590,FREE,SYS164861,AV 25035526 - Avanta - Male - Black - 48 - Full Frame - Rectangle - Metal,0,1,1,WIDTH_INC,0,5,0,24,0
Gurgaon Sec 29,NORTH,RAYBAN,FRAME,SHEET|FULL|CAT EYE,FEMALE,6290,,,SYS144501,,6290,FREE,SYS144501,RX5444I - Rayban - Female - 8267 - 52 - Full Frame - Cat Eye - Sheet,0,1,1,WIDTH_INC,0,2,0,9,0
Jhunjhunu Indra Nagar,WEST,AVANTA,FRAME,METAL|SUPRA|RECTANGLE,MALE,690,,,SYS143384,,690,FREE,SYS143384,AV 31004 - Avanta - Male - Black - 51 - Supra - Rectangle - Metal,0,1,1,WIDTH_INC,0,5,0,149,0
Gurgaon Sector 51 M2K,NORTH,ADMYRA,FRAME,SHEET|FULL|CAT EYE,FEMALE,2790,,,SYS162316,,2790,FREE,SYS162316,AM 0133 - Admyra - Female - Black - 53 - Full Frame - Cat Eye - Sheet,0,1,1,WIDTH_INC,0,49,19,3,0
Gurgaon Sector 51 M2K,NORTH,ADMYRA,FRAME,SHEET|FULL|CAT EYE,FEMALE,2790,,,SYS162310,,2790,FREE,SYS162310,AM 0131 - Admyra - Female - Trans/Blue - 51 - Full Frame - Cat Eye - Sheet,0,1,1,WIDTH_INC,0,49,19,3,0
Guwahati Rukminigaon TRC,EAST,AVANTA,FRAME,SHEET|FULL|ROUND,UNISEX,1190,,,SYS158414,,1190,FREE,SYS158414,AV 0068HD - Avanta - Unisex - D/Wine - 48 - Full Frame - Round - Sheet,0,1,1,WIDTH_INC,0,74,64,6,0
Delhi Dwarka Sec 09,NORTH,TOMMY HILFIGER,FRAME,SHEET|FULL|CAT EYE,FEMALE,6990,,,SYS78522,,6990,FREE,SYS78522,TH 6294 - Tommy Hilfiger - Female - C5 - 52 - Full Frame - Cat Eye - Sheet,0,1,1,WIDTH_INC,0,6,0,9,0
Patna RPS Mod,NORTH,AVANTA,FRAME,METAL|FULL|SQUARE,MALE,990,,,SYS164811,,990,FREE,SYS164811,AV 7412205 - Avanta - Male - Gun/Grey - 51 - Full Frame - Square - Metal,0,1,1,WIDTH_INC,0,8,0,24,0
Noida MOI,NORTH,VERSACE,FRAME,SHEET|FULL|RECTANGLE,MALE,17390,,,SYS115962,,17390,FREE,SYS115962,VE3363U - Versace - Male - 5496 - 52 - Full Frame - Rectangle - Sheet,0,1,1,WIDTH_INC,0,1,0,3,0
Noida MOI,NORTH,VOGUE JUNIOR,FRAME,SHEET|FULL|ROUND,KIDS,3890,,,SYS115977,,3890,FREE,SYS115977,VY2029 - Vogue Junior - Kids - 2582 - 47 - Full Frame - Round - Sheet,0,1,1,WIDTH_INC,0,1,0,9,5
Prayagraj Tashkent Marg,NORTH,AVANTA,FRAME,TR|FULL|SQUARE,MALE,990,,,SYS167965,,990,FREE,SYS167965,AV 9952204 - Avanta - Male - Trans/Grey - 53 - Full Frame - Square - TR,0,1,1,WIDTH_INC,0,12,0,19,0
Patna RPS Mod,NORTH,AVANTA,FRAME,TR|FULL|CAT EYE,FEMALE,1190,,,SYS164732,,1190,FREE,SYS164732,AV 149009 - Avanta - Female - Trans/Blue - 48 - Full Frame - Cat Eye - TR,0,1,1,WIDTH_INC,0,1,0,24,0
Prayagraj Tashkent Marg,NORTH,AVANTA,FRAME,TR|FULL|RECTANGLE,UNISEX,890,,,SYS167910,,890,FREE,SYS167910,AV 202532 - Avanta - Unisex - MT.Grey - 51 - Full Frame - Rectangle - TR,0,1,1,WIDTH_INC,0,10,3,19,0
Prayagraj Tashkent Marg,NORTH,AVANTA,FRAME,TR|FULL|CAT EYE,FEMALE,990,,,SYS168001,,990,FREE,SYS168001,AV 9952213 - Avanta - Female - Trans/Purple - 51 - Full Frame - Cat Eye - TR,0,1,1,WIDTH_INC,0,6,0,19,0
Mohali Sector 62,NORTH,RAYBAN,SUNGLASS,SHEET|FULL|WAYFARER,MALE,11890,,,SYS112630,,11890,FREE,SYS112630,RB2140 - Rayban - Male - 901/32 - 50 - Sunglass - Wayfarer - Sheet,0,1,1,WIDTH_INC,0,1,0,1,0
Delhi Dwarka Sec 09,NORTH,AVANTA,FRAME,METAL|HALF|SQUARE,MALE,1190,,,SYS163750,,1190,FREE,SYS163750,AV 222570 - Avanta - Male - C4 - 51 - Half Frame - Square - Metal,0,1,1,WIDTH_INC,0,6,0,21,0
Prayagraj Tashkent Marg,NORTH,AVANTA,FRAME,TR|FULL|CAT EYE,FEMALE,790,,,SYS168056,,790,FREE,SYS168056,AV 270814 - Avanta - Female - Black - 48 - Full Frame - Cat Eye - TR,0,1,1,WIDTH_INC,0,4,0,19,0
Prayagraj Tashkent Marg,NORTH,AVANTA,FRAME,TR|FULL|RECTANGLE,MALE,790,,,SYS168052,,790,FREE,SYS168052,AV 270805 - Avanta - Male - Black - 52 - Full Frame - Rectangle - TR,0,1,1,WIDTH_INC,0,9,0,19,0
Jaipur Malviya Nagar,WEST,STEPPER,FRAME,TITANIUM|HALF|RECTANGLE,MALE,7480,,,SYS78813,,7480,FREE,SYS78813,SI/4105 - Stepper - Male - F029 - 51 - Half Frame - Rectangle - Titanium,0,1,1,WIDTH_INC,0,2,0,3,0
Bhubneshwar Nayapalli,EAST,RAYBAN,FRAME,METAL|SUPRA|RECTANGLE,MALE,5990,,,SYS144507,,5990,FREE,SYS144507,RX6540I - Rayban - Male - 2502 - 53 - Supra - Rectangle - Metal,0,1,1,WIDTH_INC,0,2,0,3,2
Kamothe Laxmi Eye,WEST,ADMYRA,FRAME,SHEET|FULL|CAT EYE,FEMALE,2790,,,SYS162316,,2790,FREE,SYS162316,AM 0133 - Admyra - Female - Black - 53 - Full Frame - Cat Eye - Sheet,0,1,1,WIDTH_INC,0,49,19,1,0
Noida Spectrum Mall,NORTH,AVANTA KIDS,FRAME,PEDIATRIC|FULL|RECTANGLE,KIDS,1690,,,SYS115062,,1690,FREE,SYS115062,AV TR819 - Avanta Kids - kids - C1 - 45 - Full Frame - Rectangle - Pediatric,0,1,1,WIDTH_INC,0,6,0,4,0
Noida MOI,NORTH,STEPPER,FRAME,SHEET|HALF|RECTANGLE,MALE,7370,,,SYS113857,,7370,FREE,SYS113857,SI/20111 - Stepper - Male - F900 - 52 - Half Frame - Rectangle - Sheet,0,1,1,WIDTH_INC,0,2,0,5,0
Delhi Rajouri Garden,NORTH,ADMYRA,FRAME,SHEET|FULL|RECTANGLE,MALE,2490,,,SYS67860,,2490,FREE,SYS67860,AM 039 - Admyra - Male - MT.Blue - 51 - Full Frame - Rectangle - Sheet,0,1,1,WIDTH_INC,0,106,69,10,0
Delhi Rajouri Garden,NORTH,ADMYRA,FRAME,SHEET|FULL|RECTANGLE,MALE,2490,,,SYS67856,,2490,FREE,SYS67856,AM 039 - Admyra - Male - Black - 51 - Full Frame - Rectangle - Sheet,0,1,1,WIDTH_INC,0,103,53,10,0
Delhi Pitampura,NORTH,STEPPER,FRAME,TITANIUM|HALF|RECTANGLE,MALE,7480,,,SYS78814,,7480,FREE,SYS78814,SI/4105 - Stepper - Male - F092 - 51 - Half Frame - Rectangle - Titanium,0,1,1,WIDTH_INC,0,2,0,5,0
Delhi Dwarka Sec 09,NORTH,ADMYRA,FRAME,TR|FULL|CAT EYE,FEMALE,2190,,,SYS163963,,2190,FREE,SYS163963,AM 9905 - Admyra - Female - C5 - 54 - Full Frame - Cat Eye - TR,0,1,1,WIDTH_INC,0,1,0,48,22
Delhi Dwarka Sec 09,NORTH,ADMYRA,FRAME,TR|FULL|CAT EYE,FEMALE,2190,,,SYS163969,,2190,FREE,SYS163969,AM 9905 - Admyra - Female - C1 - 54 - Full Frame - Cat Eye - TR,0,1,1,WIDTH_INC,0,2,0,48,22
Navi Mumbai Nerul ( Shivam ),WEST,RAYBAN,FRAME,SHEET|FULL|RECTANGLE,MALE,6290,,,SYS111496,,6290,FREE,SYS111496,RX5389I - Rayban - Male - 8371 - 54 - Full Frame - Rectangle - Sheet,0,1,1,WIDTH_INC,0,1,0,6,3
Delhi Dwarka Sec 09,NORTH,ADMYRA,FRAME,TR|FULL|SQUARE,MALE,2190,,,SYS163979,,2190,FREE,SYS163979,AM 9907 - Admyra - Male - C1 - 53 - Full Frame - Square - TR,0,1,1,WIDTH_INC,0,12,0,48,22
Delhi Dwarka Sec 09,NORTH,ADMYRA,FRAME,TR|FULL|CAT EYE,FEMALE,2190,,,SYS163974,,2190,FREE,SYS163974,AM 9906 - Admyra - Female - C5 - 52 - Full Frame - Cat Eye - TR,0,1,1,WIDTH_INC,0,2,0,48,22
Delhi Dwarka Sec 09,NORTH,ADMYRA,FRAME,TR|FULL|CAT EYE,FEMALE,2190,,,SYS163991,,2190,FREE,SYS163991,AM 9909 - Admyra - Female - C3 - 51 - Full Frame - Cat Eye - TR,0,1,1,WIDTH_INC,0,2,0,48,22
Delhi Dwarka Sec 09,NORTH,ADMYRA,FRAME,TR|FULL|CAT EYE,FEMALE,2190,,,SYS163987,,2190,FREE,SYS163987,AM 9909 - Admyra - Female - C4 - 51 - Full Frame - Cat Eye - TR,0,1,1,WIDTH_INC,0,3,0,48,22
Mohali Sector 62,NORTH,BURBERRY,SUNGLASS,SHEET|FULL|SQUARE,UNISEX,18490,,,SYS56442,,18490,FREE,SYS56442,BE4181 - Burberry - Unisex - 300187 - 58 - Sunglass - Square - Sheet,0,1,1,WIDTH_INC,0,3,2,7,6
Prayagraj Tashkent Marg,NORTH,AVANTA,FRAME,METAL|FULL|HEXAGON,MALE,790,,,SYS168796,,790,FREE,SYS168796,AV 85003 - Avanta - Male - Gun - 49 - Full Frame - Hexagon - Metal,0,1,1,WIDTH_INC,0,8,1,19,0
Delhi Dwarka Sec 09,NORTH,AVANTA KIDS,FRAME,TR|FULL|HEXAGON,KIDS,890,,,SYS164051,,890,FREE,SYS164051,AV 169405 - Avanta Kids - Kids - C9 - 43 - Full Frame - Hexagon - TR,0,1,1,WIDTH_INC,0,1,0,14,0
Bhopal Hoshangabad Road,WEST,ADMYRA,FRAME,SHEET|FULL|RECTANGLE,MALE,2490,,,SYS67858,,2490,FREE,SYS67858,AM 039 - Admyra - Male - D/Grey - 51 - Full Frame - Rectangle - Sheet,0,1,1,WIDTH_INC,0,74,53,11,1
Bhopal Hoshangabad Road,WEST,ADMYRA,FRAME,SHEET|FULL|RECTANGLE,MALE,2490,,,SYS67859,,2490,FREE,SYS67859,AM 039 - Admyra - Male - MT.Black - 51 - Full Frame - Rectangle - Sheet,0,1,1,WIDTH_INC,0,70,44,11,1
Bhopal Hoshangabad Road,WEST,ADMYRA,FRAME,SHEET|FULL|RECTANGLE,MALE,2490,,,SYS67860,,2490,FREE,SYS67860,AM 039 - Admyra - Male - MT.Blue - 51 - Full Frame - Rectangle - Sheet,0,1,1,WIDTH_INC,0,106,69,11,1
Bhopal Hoshangabad Road,WEST,ADMYRA,FRAME,SHEET|FULL|RECTANGLE,MALE,2490,,,SYS67856,,2490,FREE,SYS67856,AM 039 - Admyra - Male - Black - 51 - Full Frame - Rectangle - Sheet,0,1,1,WIDTH_INC,0,103,53,11,1
Dombivli (East) Laxmi Eye,WEST,AVANTA KIDS,FRAME,TR|FULL|RECTANGLE,KIDS,790,,,SYS168338,,790,FREE,SYS168338,AV 95007 - Avanta Kids - Kids - Grey/Pink - 45 - Full Frame - Rectangle - TR,0,1,1,WIDTH_INC,0,6,0,1,0
Delhi Dwarka Sec 09,NORTH,AVANTA KIDS,FRAME,TR|FULL|RECTANGLE,KIDS,990,,,SYS164119,,990,FREE,SYS164119,AV ZC1108 - Avanta Kids - Kids - C1 - 47 - Full Frame - Rectangle - TR,0,1,1,WIDTH_INC,0,1,0,14,0
Delhi Rajouri Garden,NORTH,ADMYRA,FRAME,SHEET|FULL|SQUARE,MALE,2490,,,SYS67555,,2490,FREE,SYS67555,AM 001 - Admyra - Male - Black - 53 - Full Frame - Square - Sheet,0,1,1,WIDTH_INC,0,132,84,10,0
Delhi Rajouri Garden,NORTH,ADMYRA,FRAME,SHEET|FULL|SQUARE,MALE,2490,,,SYS67557,,2490,FREE,SYS67557,AM 001 - Admyra - Male - D/Grey - 53 - Full Frame - Square - Sheet,0,1,1,WIDTH_INC,0,72,40,10,0
Delhi Rajouri Garden,NORTH,ADMYRA,FRAME,SHEET|FULL|SQUARE,MALE,2490,,,SYS67558,,2490,FREE,SYS67558,AM 001 - Admyra - Male - Transparent - 53 - Full Frame - Square - Sheet,0,1,1,WIDTH_INC,0,84,54,10,0
Prayagraj Tashkent Marg,NORTH,AVANTA,FRAME,METAL|SUPRA|RECTANGLE,MALE,690,,,SYS143109,,690,FREE,SYS143109,AV MH2007 - Avanta - Male - Purple - 49 - Supra - Rectangle - Metal,0,1,1,WIDTH_INC,0,1,0,19,0
Ajmer Ramganj,WEST,AVANTA,FRAME,SHEET|FULL|CAT EYE,FEMALE,1190,,,SYS158411,,1190,FREE,SYS158411,AV 0072HD - Avanta - Female - Blue - 51 - Full Frame - Cat Eye - Sheet,0,1,1,WIDTH_INC,0,52,48,21,0
Ajmer Ramganj,WEST,AVANTA,FRAME,SHEET|FULL|SQUARE,MALE,1190,,,SYS158369,,1190,FREE,SYS158369,AV 0064 - Avanta - Male - D/Brown - 54 - Full Frame - Square - Sheet,0,1,1,WIDTH_INC,0,157,148,21,0
Ajmer Ramganj,WEST,AVANTA,FRAME,SHEET|FULL|RECTANGLE,MALE,1190,,,SYS158378,,1190,FREE,SYS158378,AV 0061 - Avanta - Male - Black - 53 - Full Frame - Rectangle - Sheet,0,1,1,WIDTH_INC,0,143,113,21,0
Ahemdabad CG Road,WEST,AVANTA,FRAME,TR|FULL|RECTANGLE,MALE,990,,,SYS166997,,990,FREE,SYS166997,AV 250904 - Avanta - Male - Black - 53 - Full Frame - Rectangle - TR,0,1,1,WIDTH_INC,0,9,0,7,0
Sikar Police Line Road I Max,WEST,AVANTA,FRAME,TR|FULL|ROUND,UNISEX,990,,,SYS167143,,990,FREE,SYS167143,AV 250983 - Avanta - Unisex - C4 - 46 - Full Frame - Round - TR,0,1,1,WIDTH_INC,0,9,0,29,0
Patna RPS Mod,NORTH,AVANTA,FRAME,SHEET|FULL|CAT EYE,FEMALE,1090,,,SYS119567,,1090,FREE,SYS119567,AV 3584 - Avanta - Female - C2 - 51 - Full Frame - Cat Eye - Sheet,0,1,1,WIDTH_INC,0,1,0,24,0
Bhopal Hoshangabad Road,WEST,ADMYRA,FRAME,SHEET|FULL|SQUARE,MALE,2490,,,SYS67555,,2490,FREE,SYS67555,AM 001 - Admyra - Male - Black - 53 - Full Frame - Square - Sheet,0,1,1,WIDTH_INC,0,132,84,11,1
Bhopal Hoshangabad Road,WEST,ADMYRA,FRAME,SHEET|FULL|SQUARE,MALE,2490,,,SYS67557,,2490,FREE,SYS67557,AM 001 - Admyra - Male - D/Grey - 53 - Full Frame - Square - Sheet,0,1,1,WIDTH_INC,0,72,40,11,1
Sikar Police Line Road I Max,WEST,AVANTA,FRAME,TR|FULL|SQUARE,MALE,990,,,SYS166960,,990,FREE,SYS166960,AV TB6041 - Avanta - Male - C1/6 - 51 - Full Frame - Square - TR,0,1,1,WIDTH_INC,0,14,0,29,0
Delhi Pitampura,NORTH,EMPORIO ARMANI,FRAME,METAL|SUPRA|RECTANGLE,MALE,12490,,,SYS168972,,12490,FREE,SYS168972,EA1182 - Emporio Armani - Male - 3001 - 55 - Supra - Rectangle - Metal,0,1,1,WIDTH_INC,0,2,0,3,0
Dombivli (East) Laxmi Eye,WEST,AVANTA,FRAME,TR|FULL|RECTANGLE,MALE,890,,,SYS166801,,890,FREE,SYS166801,AV 270812 - Avanta - Male - Blk/Red - 50 - Full Frame - Rectangle - TR,0,1,1,WIDTH_INC,0,12,0,7,0
Delhi Pitampura,NORTH,EMPORIO ARMANI,FRAME,METAL|FULL|RECTANGLE,MALE,13390,,,SYS168922,,13390,FREE,SYS168922,EA1183 - Emporio Armani - Male - 3431 - 54 - Full Frame - Rectangle - Metal,0,1,1,WIDTH_INC,0,2,0,3,0
Gurgaon Dhanak Basti New Railway Road,NORTH,AVANTA,FRAME,METAL|FULL|RECTANGLE,MALE,690,,,SYS113113,,690,FREE,SYS113113,AV 31004 - Avanta - Male - Gun - 48 - Full Frame - Rectangle - Metal,0,1,1,WIDTH_INC,0,12,0,17,0
Rewari Sector 5,NORTH,AVANTA,FRAME,SHEET|FULL|SQUARE,MALE,1190,,,SYS158368,,1190,FREE,SYS158368,AV 0064 - Avanta - Male - Black - 54 - Full Frame - Square - Sheet,0,1,1,WIDTH_INC,0,170,140,39,0
Rewari Sector 5,NORTH,AVANTA,FRAME,SHEET|FULL|ROUND,UNISEX,1190,,,SYS158416,,1190,FREE,SYS158416,AV 0068HD - Avanta - Unisex - D/Green - 48 - Full Frame - Round - Sheet,0,1,1,WIDTH_INC,0,17,10,39,0
Rewari Sector 5,NORTH,AVANTA,FRAME,SHEET|FULL|CAT EYE,FEMALE,1190,,,SYS158412,,1190,FREE,SYS158412,AV 0072HD - Avanta - Female - Trans/Brown - 51 - Full Frame - Cat Eye - Sheet,0,1,1,WIDTH_INC,0,32,28,39,0
Rewari Sector 5,NORTH,AVANTA,FRAME,SHEET|FULL|SQUARE,MALE,1190,,,SYS158369,,1190,FREE,SYS158369,AV 0064 - Avanta - Male - D/Brown - 54 - Full Frame - Square - Sheet,0,1,1,WIDTH_INC,0,157,148,39,0
Rewari Sector 5,NORTH,AVANTA,FRAME,SHEET|FULL|RECTANGLE,MALE,1190,,,SYS158432,,1190,FREE,SYS158432,AV 0063 - Avanta - Male - Trans/Brown - 51 - Full Frame - Rectangle - Sheet,0,1,1,WIDTH_INC,0,115,106,39,0
Jaipur Vaishali Nagar,WEST,AVANTA,FRAME,TR|FULL|SQUARE,MALE,990,,,SYS165095,,990,FREE,SYS165095,AV 202533 - Avanta - Male - MT.Green - 52 - Full Frame - Square - TR,0,1,1,WIDTH_INC,0,9,0,10,0
Sikar Police Line Road I Max,WEST,AVANTA KIDS,FRAME,TR|FULL|RECTANGLE,KIDS,1090,,,SYS167665,,1090,FREE,SYS167665,AV 77071 - Avanta Kids - Kids - Black - 45 - Clip on - Rectangle - TR,0,1,1,WIDTH_INC,0,8,0,4,0
Vijayawada Mogalrajpuram,SOUTH,AVANTA,FRAME,TR|FULL|ROUND,UNISEX,990,,,SYS163224,,990,FREE,SYS163224,AV 303039 - Avanta - Unisex - Trans/Green - 47 - Full Frame - Round - TR,0,1,1,WIDTH_INC,0,7,0,38,0
Srinagar Baghat Fazili,NORTH,AVANTA KIDS,FRAME,TR|FULL|ROUND,KIDS,990,,,SYS120878,,990,FREE,SYS120878,AV TR11532 - Avanta Kids - Kids - MT.Pink - 47 - Full Frame - Round - TR,0,1,1,WIDTH_INC,0,3,0,2,0
Noida GaurCity,NORTH,TOMMY HILFIGER,FRAME,SHEET|FULL|SQUARE,MALE,7490,,,SYS119626,,7490,FREE,SYS119626,TH 4422 - Tommy Hilfiger - Male - C2 - 52 - Full Frame - Square - Sheet,0,1,1,WIDTH_INC,0,3,0,11,2
Jabalpur Napier Town,SOUTH,AVANTA,FRAME,TR|FULL|SQUARE,MALE,990,,,SYS166960,,990,FREE,SYS166960,AV TB6041 - Avanta - Male - C1/6 - 51 - Full Frame - Square - TR,0,1,1,WIDTH_INC,0,14,0,59,0
Jabalpur Napier Town,SOUTH,AVANTA,FRAME,TR|FULL|SQUARE,MALE,990,,,SYS166959,,990,FREE,SYS166959,AV TB6041 - Avanta - Male - C1/5 - 51 - Full Frame - Square - TR,0,1,1,WIDTH_INC,0,12,0,59,0
Guwahati Bhangagarh,NORTH,ADMYRA,FRAME,SHEET|FULL|SQUARE,MALE,4090,,,SYS142356,,4090,FREE,SYS142356,AM IP8032 - Admyra - Male - C2 - 52 - Full Frame - Square - Sheet,0,1,1,WIDTH_INC,0,1,0,28,16
Srinagar Baghat Fazili,NORTH,RAYBAN,FRAME,SHEET|FULL|CAT EYE,FEMALE,10490,,,SYS166325,,10490,FREE,SYS166325,RX5362 - Rayban - Female - 8178 - 54 - Full Frame - Cat Eye - Sheet,0,1,1,WIDTH_INC,0,2,0,1,0
Jabalpur Napier Town,SOUTH,AVANTA,FRAME,TR|FULL|RECTANGLE,MALE,990,,,SYS166965,,990,FREE,SYS166965,AV 50043 - Avanta - Male - C2 - 51 - Full Frame - Rectangle - TR,0,1,1,WIDTH_INC,0,9,1,59,0
Rewari Sector 5,NORTH,AVANTA,FRAME,METAL|HALF|RECTANGLE,FEMALE,1190,,,SYS159086,,1190,FREE,SYS159086,AV JP244102 - Avanta - Female - Pink - 50 - Half Frame - Rectangle - Metal,0,1,1,WIDTH_INC,0,1,0,39,0
Ghaziabad RDC,NORTH,VOGUE,SUNGLASS,SHEET|FULL|SQUARE,MALE,7090,,,SYS162426,,7090,FREE,SYS162426,VO5620S - Vogue - Male - W44/79 - 53 - Sunglass - Square - Sheet,0,1,1,WIDTH_INC,0,1,0,3,0
Ghaziabad RDC,NORTH,RAYBAN,SUNGLASS,SHEET|FULL|RECTANGLE,MALE,10990,,,SYS162425,,10990,FREE,SYS162425,RB4396 - Rayban - Male - 667771 - 54 - Sunglass - Rectangle - Sheet,0,1,1,WIDTH_INC,0,3,0,8,0
Ghaziabad RDC,NORTH,RAYBAN,SUNGLASS,SHEET|FULL|SQUARE,UNISEX,13990,,,SYS162418,,13990,FREE,SYS162418,RB2197 - Rayban - Unisex - 901/48 - 52 - Sunglass - Square - Sheet,0,1,1,WIDTH_INC,0,2,0,8,0
Ghaziabad RDC,NORTH,RAYBAN,SUNGLASS,SHEET|FULL|WAYFARER,MALE,11790,,,SYS162417,,11790,FREE,SYS162417,RB2140 - Rayban - Male - 901 - 50 - Sunglass - Wayfarer - Sheet,0,1,1,WIDTH_INC,0,2,1,8,0
Srinagar Rainawari Fazili,NORTH,AVANTA,FRAME,METAL|FULL|HEXAGON,MALE,790,,,SYS168799,,790,FREE,SYS168799,AV 85003 - Avanta - Male - Silver - 49 - Full Frame - Hexagon - Metal,0,1,1,WIDTH_INC,0,5,0,13,0
Jaipur Vaishali Nagar,WEST,AVANTA,FRAME,METAL|FULL|SQUARE,MALE,990,,,SYS164812,,990,FREE,SYS164812,AV 7412205 - Avanta - Male - Silver - 51 - Full Frame - Square - Metal,0,1,1,WIDTH_INC,0,7,4,10,0
Kolkata AJC Bose Road,EAST,HUGO BOSS,FRAME,SHEET|FULL|RECTANGLE,MALE,10300,,,SYS92259,,10300,FREE,SYS92259,HG 1140 - Hugo Boss - Male - ZX9 - 55 - Full Frame - Rectangle - Sheet,0,1,1,WIDTH_INC,0,4,3,9,7
Ahemdabad CG Road,WEST,AVANTA KIDS,FRAME,TR|FULL|RECTANGLE,KIDS,790,,,SYS168343,,790,FREE,SYS168343,AV 95007 - Avanta Kids - Kids - MT.Pink - 45 - Full Frame - Rectangle - TR,0,1,1,WIDTH_INC,0,6,0,2,0
Kolkata AJC Bose Road,EAST,HUGO BOSS,FRAME,SHEET|FULL|RECTANGLE,MALE,10300,,,SYS92258,,10300,FREE,SYS92258,HG 1140 - Hugo Boss - Male - ZX9 - 53 - Full Frame - Rectangle - Sheet,0,1,1,WIDTH_INC,0,3,2,9,7
Ahemdabad CG Road,WEST,AVANTA,FRAME,TR|FULL|RECTANGLE,MALE,890,,,SYS168067,,890,FREE,SYS168067,AV 8027 - Avanta - Male - Black - 49 - Full Frame - Rectangle - TR,0,1,1,WIDTH_INC,0,12,4,7,0
Jabalpur Napier Town,SOUTH,AVANTA,FRAME,METAL|FULL|HEXAGON,UNISEX,990,,,SYS167590,,990,FREE,SYS167590,AV 253002 - Avanta - Unisex - Blk/Silver - 52 - Full Frame - Hexagon - Metal,0,1,1,WIDTH_INC,0,2,0,59,0
Jabalpur Napier Town,SOUTH,AVANTA,FRAME,METAL|FULL|SQUARE,UNISEX,1090,,,SYS167563,,1090,FREE,SYS167563,AV 18177 - Avanta - Unisex - Gold - 49 - Full Frame - Square - Metal,0,1,1,WIDTH_INC,0,1,0,59,0
Jabalpur Napier Town,SOUTH,AVANTA,FRAME,METAL|FULL|SQUARE,UNISEX,1090,,,SYS167560,,1090,FREE,SYS167560,AV 18177 - Avanta - Unisex - Gold/Brown - 49 - Full Frame - Square - Metal,0,1,1,WIDTH_INC,0,1,0,59,0
Jhunjhunu Indra Nagar,WEST,AVANTA,FRAME,METAL|SUPRA|SQUARE,MALE,1490,,,SYS83020,,1490,FREE,SYS83020,AV RY8824 - Avanta - Male - C6 - 49 - Supra - Square - Metal,0,1,1,WIDTH_INC,0,1,0,149,0
Noida Spectrum Mall,NORTH,RAYBAN JUNIOR,FRAME,SHEET|FULL|CAT EYE,KIDS,4890,,,SYS111504,,4890,FREE,SYS111504,RY1591 - Rayban Junior - Kids - 3945 - 46 - Full Frame - Cat Eye - Sheet,0,1,1,WIDTH_INC,0,2,0,2,0
Jabalpur Napier Town,SOUTH,AVANTA,FRAME,METAL|FULL|CAT EYE,FEMALE,1090,,,SYS167551,,1090,FREE,SYS167551,AV 220188 - Avanta - Female - Gold - 54 - Full Frame - Cat Eye - Metal,0,1,1,WIDTH_INC,0,7,0,59,0
Pune Satara Road Jhamwar Eye,WEST,AVANTA,FRAME,METAL|FULL|CAT EYE,FEMALE,1590,,,SYS165419,,1590,FREE,SYS165419,AV 69020 - Avanta - Female - C5 - 52 - Full Frame - Cat Eye - Metal,0,1,1,WIDTH_INC,0,1,0,19,0
Pune Satara Road Jhamwar Eye,WEST,AVANTA,FRAME,METAL|FULL|SQUARE,MALE,1590,,,SYS165400,,1590,FREE,SYS165400,AV 56117 - Avanta - Male - C1 - 54 - Full Frame - Square - Metal,0,1,1,WIDTH_INC,0,1,0,19,0
Pune Satara Road Jhamwar Eye,WEST,AVANTA,FRAME,METAL|FULL|RECTANGLE,MALE,590,,,SYS164861,,590,FREE,SYS164861,AV 25035526 - Avanta - Male - Black - 48 - Full Frame - Rectangle - Metal,0,1,1,WIDTH_INC,0,5,0,19,0
Gorakhpur Mughlaha,NORTH,AVANTA KIDS,FRAME,TR|FULL|RECTANGLE,KIDS,1090,,,SYS167665,,1090,FREE,SYS167665,AV 77071 - Avanta Kids - Kids - Black - 45 - Clip on - Rectangle - TR,0,1,1,WIDTH_INC,0,8,0,5,0
Indore Vijay Nagar,NORTH,ADMYRA,FRAME,TR|FULL|SQUARE,MALE,2190,,,SYS163979,,2190,FREE,SYS163979,AM 9907 - Admyra - Male - C1 - 53 - Full Frame - Square - TR,0,1,1,WIDTH_INC,0,12,0,29,9
Kolkata Madhyamgram,EAST,ADMYRA,FRAME,METAL|FULL|SQUARE,MALE,2190,,,SYS106249,,2190,FREE,SYS106249,AM 60006 - Admyra - Male - Gun/Silver - 53 - Full Frame - Square - Metal,0,1,1,WIDTH_INC,0,1,0,16,3
Gorakhpur Mughlaha,NORTH,AVANTA KIDS,FRAME,TR|FULL|RECTANGLE,KIDS,790,,,SYS167619,,790,FREE,SYS167619,AV TR11521 - Avanta Kids - Kids - Blue - 47 - Full Frame - Rectangle - TR,0,1,1,WIDTH_INC,0,6,0,5,0
Sikar Police Line Road I Max,WEST,AVANTA,FRAME,TR|FULL|RECTANGLE,MALE,890,,,SYS167828,,890,FREE,SYS167828,AV 8016 - Avanta - Male - Black - 51 - Full Frame - Rectangle - TR,0,1,1,WIDTH_INC,0,10,5,29,0
Srinagar Rainawari Fazili,NORTH,AVANTA,FRAME,TR|FULL|SQUARE,MALE,1090,,,SYS166877,,1090,FREE,SYS166877,AV 135027 - Avanta - Male - Black - 49 - Full Frame - Square - TR,0,1,1,WIDTH_INC,0,2,0,13,0
Jhunjhunu Indra Nagar,WEST,AVANTA,FRAME,METAL|SUPRA|RECTANGLE,MALE,790,,,SYS168396,,790,FREE,SYS168396,AV ZXA42003 - Avanta - Male - Copper - 48 - Supra - Rectangle - Metal,0,1,1,WIDTH_INC,0,12,11,149,0
Jhunjhunu Indra Nagar,WEST,AVANTA,FRAME,METAL|SUPRA|RECTANGLE,MALE,790,,,SYS168395,,790,FREE,SYS168395,AV ZXA42003 - Avanta - Male - Black - 48 - Supra - Rectangle - Metal,0,1,1,WIDTH_INC,0,12,11,149,0
Jhunjhunu Indra Nagar,WEST,AVANTA,FRAME,METAL|SUPRA|RECTANGLE,MALE,790,,,SYS168394,,790,FREE,SYS168394,AV ZXA42003 - Avanta - Male - Gun - 48 - Supra - Rectangle - Metal,0,1,1,WIDTH_INC,0,24,0,149,0
Noida GaurCity,NORTH,PRADA,SUNGLASS,SHEET|FULL|SQUARE,MALE,36290,,,SYS164528,,36290,FREE,SYS164528,PR B17S - Prada - Male - 17N06B - 54 - Sunglass - Square - Sheet,0,1,1,WIDTH_INC,0,1,0,1,0
Noida GaurCity,NORTH,EMPORIO ARMANI,SUNGLASS,SHEET|FULL|RECTANGLE,MALE,16290,,,SYS164531,,16290,FREE,SYS164531,EA4253U - Emporio Armani - Male - 501765 - 54 - Sunglass - Rectangle - Sheet,0,1,1,WIDTH_INC,0,2,1,7,2
Jhunjhunu Indra Nagar,WEST,AVANTA,FRAME,METAL|SUPRA|RECTANGLE,MALE,790,,,SYS168389,,790,FREE,SYS168389,AV ZXA42005 - Avanta - Male - Copper - 49 - Supra - Rectangle - Metal,0,1,1,WIDTH_INC,0,12,11,149,0
Jhunjhunu Indra Nagar,WEST,AVANTA,FRAME,METAL|SUPRA|RECTANGLE,MALE,790,,,SYS168388,,790,FREE,SYS168388,AV ZXA42005 - Avanta - Male - Black - 49 - Supra - Rectangle - Metal,0,1,1,WIDTH_INC,0,13,10,149,0
Jhunjhunu Indra Nagar,WEST,AVANTA,FRAME,METAL|SUPRA|RECTANGLE,MALE,790,,,SYS168387,,790,FREE,SYS168387,AV ZXA42005 - Avanta - Male - Gun - 49 - Supra - Rectangle - Metal,0,1,1,WIDTH_INC,0,24,10,149,0
Noida GaurCity,NORTH,EMPORIO ARMANI,SUNGLASS,SHEET|FULL|RECTANGLE,MALE,16290,,,SYS164532,,16290,FREE,SYS164532,EA4253U - Emporio Armani - Male - 501773 - 54 - Sunglass - Rectangle - Sheet,0,1,1,WIDTH_INC,0,2,1,7,2
Jhunjhunu Indra Nagar,WEST,AVANTA,FRAME,METAL|FULL|RECTANGLE,MALE,790,,,SYS168401,,790,FREE,SYS168401,AV ZXA42008 - Avanta - Male - Gun - 50 - Full Frame - Rectangle - Metal,0,1,1,WIDTH_INC,0,24,13,149,0
Jhunjhunu Indra Nagar,WEST,AVANTA,FRAME,METAL|FULL|RECTANGLE,MALE,790,,,SYS168380,,790,FREE,SYS168380,AV ZXA42009 - Avanta - Male - Gun - 49 - Full Frame - Rectangle - Metal,0,1,1,WIDTH_INC,0,24,6,149,0
Jhunjhunu Indra Nagar,WEST,AVANTA,FRAME,METAL|FULL|ROUND,UNISEX,990,,,SYS168374,,990,FREE,SYS168374,AV W620109 - Avanta - Unisex - Silver/Blk - 50 - Full Frame - Round - Metal,0,1,1,WIDTH_INC,0,11,6,149,0
Jhunjhunu Indra Nagar,WEST,AVANTA,FRAME,TR|FULL|CAT EYE,FEMALE,890,,,SYS168492,,890,FREE,SYS168492,AV 87003 - Avanta - Female - MT.Blk - 49 - Full Frame - Cat Eye - TR,0,1,1,WIDTH_INC,0,7,5,149,0
Jhunjhunu Indra Nagar,WEST,AVANTA,FRAME,TR|FULL|ROUND,UNISEX,790,,,SYS168531,,790,FREE,SYS168531,AV 270814 - Avanta - Unisex - Maroon - 48 - Full Frame - Round - TR,0,1,1,WIDTH_INC,0,3,0,149,0
Ghaziabad Nehru Nagar,NORTH,AVANTA,FRAME,TR|FULL|CAT EYE,FEMALE,990,,,SYS168002,,990,FREE,SYS168002,AV 9952213 - Avanta - Female - Trans/Pink - 51 - Full Frame - Cat Eye - TR,0,1,1,WIDTH_INC,0,7,0,19,0
Jodhpur Sardarpura,WEST,AVANTA,FRAME,METAL|HALF|RECTANGLE,FEMALE,1090,,,SYS167549,,1090,FREE,SYS167549,AV 220181 - Avanta - Female - Gun - 51 - Half Frame - Rectangle - Metal,0,1,1,WIDTH_INC,0,6,0,11,0
Jhunjhunu Indra Nagar,WEST,AVANTA,FRAME,TR|FULL|SQUARE,MALE,890,,,SYS168465,,890,FREE,SYS168465,AV 303032 - Avanta - Male - Black - 52 - Full Frame - Square - TR,0,1,1,WIDTH_INC,0,8,0,149,0
Jabalpur Napier Town,SOUTH,AVANTA,FRAME,TR|FULL|RECTANGLE,MALE,890,,,SYS167828,,890,FREE,SYS167828,AV 8016 - Avanta - Male - Black - 51 - Full Frame - Rectangle - TR,0,1,1,WIDTH_INC,0,10,5,59,0
Ghaziabad Nehru Nagar,NORTH,AVANTA,FRAME,TR|FULL|RECTANGLE,MALE,890,,,SYS166800,,890,FREE,SYS166800,AV 270812 - Avanta - Male - Black - 50 - Full Frame - Rectangle - TR,0,1,1,WIDTH_INC,0,20,0,19,0
Guwahati Bhangagarh,NORTH,RAYBAN,FRAME,SHEET|FULL|RECTANGLE,MALE,5490,,,SYS121188,,5490,FREE,SYS121188,RX5389I - Rayban - Male - 2000 - 54 - Full Frame - Rectangle - Sheet,0,1,1,WIDTH_INC,0,4,0,5,2
Panvel Laxmi Eye,WEST,RAYBAN,FRAME,METAL|FULL|ROUND,UNISEX,8890,,,SYS47347,,8890,FREE,SYS47347,RX6465 - Rayban - Unisex - 2509 - 51 - Full Frame - Round - Metal,0,1,1,WIDTH_INC,0,4,0,4,0
Srinagar Rainawari Fazili,NORTH,AVANTA,FRAME,TR|FULL|SQUARE,UNISEX,990,,,SYS167958,,990,FREE,SYS167958,AV 9952202 - Avanta - Unisex - Trans/Grey - 52 - Full Frame - Square - TR,0,1,1,WIDTH_INC,0,16,3,13,0
Gurgaon Sector 51 M2K,NORTH,TOM FORD,FRAME,SHEET|FULL|CAT EYE,FEMALE,33500,,,SYS162636,,33500,FREE,SYS162636,TF6091/B - Tom Ford - Female - 053 - 53 - Full Frame - Cat Eye - Sheet,0,1,1,WIDTH_INC,0,1,0,1,0
Warangal Hanamkonda Kakathiya,SOUTH,ADMYRA,FRAME,SHEET|FULL|CAT EYE,FEMALE,2790,,,SYS162310,,2790,FREE,SYS162310,AM 0131 - Admyra - Female - Trans/Blue - 51 - Full Frame - Cat Eye - Sheet,0,1,1,WIDTH_INC,0,49,19,4,0
Noida GaurCity,NORTH,AVANTA,FRAME,TR|FULL|RECTANGLE,MALE,790,,,SYS118601,,790,FREE,SYS118601,AV 8021 - Avanta - Male - Black - 50 - Full Frame - Rectangle - TR,0,1,1,WIDTH_INC,0,10,0,7,0
Srinagar Rainawari Fazili,NORTH,AVANTA,FRAME,TR|FULL|CAT EYE,FEMALE,890,,,SYS168095,,890,FREE,SYS168095,AV 8025 - Avanta - Female - Black - 47 - Full Frame - Cat Eye - TR,0,1,1,WIDTH_INC,0,9,0,13,0
Delhi Safdarjung Enclave,NORTH,VOGUE,FRAME,METAL|HALF|CAT EYE,FEMALE,5490,,,SYS144845,,5490,FREE,SYS144845,VO4331 - Vogue - Female - 5207 - 51 - Half Frame - Cat Eye - Metal,0,1,1,WIDTH_INC,0,1,0,8,0
Jhunjhunu Indra Nagar,WEST,AVANTA,FRAME,TR|FULL|SQUARE,MALE,690,,,SYS168626,,690,FREE,SYS168626,AV 701015 - Avanta - Male - MT.Blk - 53 - Full Frame - Square - TR,0,1,1,WIDTH_INC,0,18,10,149,0
Ghaziabad Nehru Nagar,NORTH,AVANTA KIDS,FRAME,TR|FULL|SQUARE,KIDS,790,,,SYS168306,,790,FREE,SYS168306,AV 95005 - Avanta Kids - Kids - MT.Brown - 45 - Full Frame - Square - TR,0,1,1,WIDTH_INC,0,7,0,6,0
Jhunjhunu Indra Nagar,WEST,AVANTA,FRAME,METAL|FULL|SQUARE,MALE,1090,,,SYS168618,,1090,FREE,SYS168618,AV 66005 - Avanta - Male - Gold - 54 - Full Frame - Square - Metal,0,1,1,WIDTH_INC,0,15,13,149,0
Ghaziabad Nehru Nagar,NORTH,AVANTA KIDS,FRAME,TR|FULL|ROUND,KIDS,790,,,SYS168317,,790,FREE,SYS168317,AV 95008 - Avanta Kids - Kids - Trans/Pink - 43 - Full Frame - Round - TR,0,1,1,WIDTH_INC,0,6,0,6,0
Jhunjhunu Indra Nagar,WEST,AVANTA,FRAME,TR|FULL|CAT EYE,FEMALE,890,,,SYS168644,,890,FREE,SYS168644,AV 32020 - Avanta - Female - Black - 52 - Full Frame - Cat Eye - TR,0,1,1,WIDTH_INC,0,6,5,149,0
Jhunjhunu Indra Nagar,WEST,AVANTA,FRAME,TR|FULL|SQUARE,UNISEX,890,,,SYS168654,,890,FREE,SYS168654,AV 32018 - Avanta - Unisex - Black - 51 - Full Frame - Square - TR,0,1,1,WIDTH_INC,0,9,8,149,0
Ghaziabad Nehru Nagar,NORTH,AVANTA KIDS,FRAME,TR|FULL|RECTANGLE,KIDS,790,,,SYS168344,,790,FREE,SYS168344,AV 95007 - Avanta Kids - Kids - D/Purple - 45 - Full Frame - Rectangle - TR,0,1,1,WIDTH_INC,0,7,0,6,0
Ghaziabad Nehru Nagar,NORTH,AVANTA KIDS,FRAME,TR|FULL|RECTANGLE,KIDS,790,,,SYS168339,,790,FREE,SYS168339,AV 95007 - Avanta Kids - Kids - Trans/Pink - 45 - Full Frame - Rectangle - TR,0,1,1,WIDTH_INC,0,6,0,6,0
Panvel Laxmi Eye,WEST,RAYBAN,FRAME,METAL|RIMLESS|RECTANGLE,MALE,5990,,,SYS61372,,5990,FREE,SYS61372,RX6488I - Rayban - Male - 2500 - 53 - Rimless - Rectangle - Metal,0,1,1,WIDTH_INC,0,2,0,4,0
Jhunjhunu Indra Nagar,WEST,AVANTA,FRAME,METAL|SUPRA|RECTANGLE,MALE,990,,,SYS168555,,990,FREE,SYS168555,AV 8825712 - Avanta - Male - Gun - 52 - Supra - Rectangle - Metal,0,1,1,WIDTH_INC,0,15,0,149,0
Jammu BC Road Rehari Chungi,NORTH,AVANTA,FRAME,METAL|SUPRA|RECTANGLE,MALE,590,,,SYS164968,,590,FREE,SYS164968,AV 12896 - Avanta - Male - Gun - 51 - Supra - Rectangle - Metal,0,1,1,WIDTH_INC,0,3,0,15,0
Jhunjhunu Indra Nagar,WEST,AVANTA,FRAME,TR|FULL|RECTANGLE,MALE,1290,,,SYS168759,,1290,FREE,SYS168759,AV 7307 - Avanta - Male - C5 - 53 - Full Frame - Rectangle - TR,0,1,1,WIDTH_INC,0,10,8,149,0
Jhunjhunu Indra Nagar,WEST,AVANTA,FRAME,METAL|FULL|SQUARE,MALE,790,,,SYS168775,,790,FREE,SYS168775,AV 8253205 - Avanta - Male - Gun - 48 - Full Frame - Square - Metal,0,1,1,WIDTH_INC,0,11,0,149,0
Indirapuram Shakti Khand Eros Market,NORTH,RAYBAN JUNIOR,FRAME,SHEET|FULL|CAT EYE,KIDS,4890,,,SYS111503,,4890,FREE,SYS111503,RY1591 - Rayban Junior - Kids - 3807 - 46 - Full Frame - Cat Eye - Sheet,0,1,1,WIDTH_INC,0,3,0,4,2
Jhunjhunu Indra Nagar,WEST,AVANTA,FRAME,METAL|FULL|SQUARE,MALE,790,,,SYS168774,,790,FREE,SYS168774,AV 8253205 - Avanta - Male - Silver - 48 - Full Frame - Square - Metal,0,1,1,WIDTH_INC,0,11,2,149,0
Ghaziabad RDC,NORTH,AVANTA,FRAME,METAL|RIMLESS|SQUARE,MALE,1390,,,SYS160369,,1390,FREE,SYS160369,AV 250307 - Avanta - Male - C6 - 54 - Rimless - Square - Metal,0,1,1,WIDTH_INC,0,1,0,12,0
Delhi Dwarka Sec 09,NORTH,AVANTA,FRAME,SHEET|FULL|ROUND,UNISEX,1090,,,SYS62233,,1090,FREE,SYS62233,AV 0033 - Avanta - Unisex - Black - 50 - Full Frame - Round - Sheet,0,1,1,WIDTH_INC,0,2,0,21,0
Delhi Dwarka Sec 09,NORTH,EMPORIO ARMANI,FRAME,SHEET|FULL|WAYFARER,MALE,14590,,,SYS56564,,14590,FREE,SYS56564,EA4115 - Emporio Armani - Male - 57591W - 54 - Full Frame - Wayfarer - Sheet,0,1,1,WIDTH_INC,0,2,0,2,0
Nashik Navkar Eye,WEST,AVANTA,FRAME,METAL|SUPRA|RECTANGLE,MALE,890,,,SYS167427,,890,FREE,SYS167427,AV 825071 - Avanta - Male - Gun - 48 - Supra - Rectangle - Metal,0,1,1,WIDTH_INC,0,12,1,12,0
Ghaziabad Nehru Nagar,NORTH,AVANTA,FRAME,TR|FULL|RECTANGLE,MALE,990,,,SYS167097,,990,FREE,SYS167097,AV 250984 - Avanta - Male - C1 - 48 - Full Frame - Rectangle - TR,0,1,1,WIDTH_INC,0,9,0,19,0
Indore Vijay Nagar,NORTH,ADMYRA,FRAME,SHEET|FULL|CAT EYE,FEMALE,2790,,,SYS162314,,2790,FREE,SYS162314,AM 0132 - Admyra - Female - Lchm - 52 - Full Frame - Cat Eye - Sheet,0,1,1,WIDTH_INC,0,42,39,29,9
Indore Vijay Nagar,NORTH,ADMYRA,FRAME,SHEET|FULL|CAT EYE,FEMALE,2790,,,SYS162308,,2790,FREE,SYS162308,AM 0131 - Admyra - Female - Purple - 51 - Full Frame - Cat Eye - Sheet,0,1,1,WIDTH_INC,0,44,39,29,9
Indore Vijay Nagar,NORTH,ADMYRA,FRAME,SHEET|FULL|CAT EYE,FEMALE,2790,,,SYS162319,,2790,FREE,SYS162319,AM 0133 - Admyra - Female - Trans/Green - 53 - Full Frame - Cat Eye - Sheet,0,1,1,WIDTH_INC,0,44,39,29,9
Jhunjhunu Indra Nagar,WEST,AVANTA,FRAME,METAL|SUPRA|RECTANGLE,MALE,490,,,SYS147798,,490,FREE,SYS147798,AV 31004 - Avanta - Male - Pink - 48 - Supra - Rectangle - Metal,0,1,1,WIDTH_INC,0,2,1,149,0
Jhunjhunu Indra Nagar,WEST,AVANTA,FRAME,METAL|SUPRA|RECTANGLE,MALE,490,,,SYS147811,,490,FREE,SYS147811,AV 31004 - Avanta - Male - Black - 48 - Supra - Rectangle - Metal,0,1,1,WIDTH_INC,0,6,4,149,0
Patna RPS Mod,NORTH,AVANTA,FRAME,METAL|FULL|RECTANGLE,FEMALE,990,,,SYS163523,,990,FREE,SYS163523,AV 202431 - Avanta - Female - Blk/Burg - 48 - Full Frame - Rectangle - Metal,0,1,1,WIDTH_INC,0,1,0,24,0
Dombivli (East) Laxmi Eye,WEST,AVANTA,FRAME,METAL|SUPRA|RECTANGLE,MALE,790,,,SYS168394,,790,FREE,SYS168394,AV ZXA42003 - Avanta - Male - Gun - 48 - Supra - Rectangle - Metal,0,1,1,WIDTH_INC,0,24,0,7,0
Delhi Dwarka Krishna Mall,NORTH,TOMMY HILFIGER,SUNGLASS,SHEET|FULL|WAYFARER,MALE,9990,,,SYS165790,,9990,FREE,SYS165790,TH 2680 - Tommy Hilfiger - Male - C3 - 55 - Sunglass - Wayfarer - Sheet,0,1,1,WIDTH_INC,0,2,0,5,0
Delhi Dwarka Krishna Mall,NORTH,TOMMY HILFIGER,SUNGLASS,SHEET|FULL|WAYFARER,MALE,9990,,,SYS165789,,9990,FREE,SYS165789,TH 2680 - Tommy Hilfiger - Male - C2 - 55 - Sunglass - Wayfarer - Sheet,0,1,1,WIDTH_INC,0,2,1,5,0
Guwahati Bhangagarh,NORTH,AVANTA,FRAME,TR|FULL|RECTANGLE,MALE,890,,,SYS168079,,890,FREE,SYS168079,AV 8061 - Avanta - Male - Black - 53 - Full Frame - Rectangle - TR,0,1,1,WIDTH_INC,0,11,0,5,0
Ghaziabad Nehru Nagar,NORTH,AVANTA,FRAME,TR|FULL|SQUARE,MALE,990,,,SYS166959,,990,FREE,SYS166959,AV TB6041 - Avanta - Male - C1/5 - 51 - Full Frame - Square - TR,0,1,1,WIDTH_INC,0,12,0,19,0
Hyderabad Kukatpally Nizampet X Roads,SOUTH,ADMYRA,FRAME,SHEET|FULL|RECTANGLE,MALE,2490,,,SYS67856,,2490,FREE,SYS67856,AM 039 - Admyra - Male - Black - 51 - Full Frame - Rectangle - Sheet,0,1,1,WIDTH_INC,0,103,53,8,1
Mumbai Chembur Rushab Eye,WEST,AVANTA KIDS,FRAME,TR|FULL|RECTANGLE,KIDS,790,,,SYS168336,,790,FREE,SYS168336,AV 95007 - Avanta Kids - Kids - Black - 45 - Full Frame - Rectangle - TR,0,1,1,WIDTH_INC,0,6,0,3,0
Ranchi Kutchery Road,EAST,ADMYRA,FRAME,METAL|FULL|CAT EYE,FEMALE,2190,,,SYS152826,,2190,FREE,SYS152826,AM R3139A - Admyra - Female - C2 - 50 - Full Frame - Cat Eye - Metal,0,1,1,WIDTH_INC,0,1,0,14,3
Patna Kankarbagh,NORTH,FRENCH CONNECTION,FRAME,SHEET|FULL|SQUARE,MALE,3990,,,SYS119655,,3990,FREE,SYS119655,FC 8285 - French Connection - Male - C2 - 52 - Full Frame - Square - Sheet,0,1,1,WIDTH_INC,0,1,0,7,5
Patna Kankarbagh,NORTH,FRENCH CONNECTION,FRAME,SHEET|FULL|SQUARE,MALE,3990,,,SYS119657,,3990,FREE,SYS119657,FC 8285 - French Connection - Male - C4 - 52 - Full Frame - Square - Sheet,0,1,1,WIDTH_INC,0,1,0,7,5
Noida GaurCity,NORTH,BURBERRY,SUNGLASS,SHEET|FULL|SQUARE,MALE,15590,,,SYS59222,,15590,FREE,SYS59222,BE4337 - Burberry - Male - 379887 - 56 - Sunglass - Square - Sheet,0,1,1,WIDTH_INC,0,2,0,4,2
Mumbai Chembur Rushab Eye,WEST,AVANTA KIDS,FRAME,TR|FULL|ROUND,KIDS,790,,,SYS168313,,790,FREE,SYS168313,AV 95008 - Avanta Kids - Kids - Purple - 43 - Full Frame - Round - TR,0,1,1,WIDTH_INC,0,6,0,3,0
Mumbai Chembur Rushab Eye,WEST,AVANTA KIDS,FRAME,TR|FULL|SQUARE,KIDS,790,,,SYS168284,,790,FREE,SYS168284,AV 95001 - Avanta Kids - Kids - Trans/Grey - 43 - Full Frame - Square - TR,0,1,1,WIDTH_INC,0,7,1,3,0
Delhi Dwarka Sec 09,NORTH,AVANTA,FRAME,TR|FULL|RECTANGLE,MALE,790,,,SYS118601,,790,FREE,SYS118601,AV 8021 - Avanta - Male - Black - 50 - Full Frame - Rectangle - TR,0,1,1,WIDTH_INC,0,10,0,21,0
Delhi Rohini Ring Road Mall,NORTH,TOMMY HILFIGER,FRAME,SHEET|FULL|CAT EYE,FEMALE,6990,,,SYS78522,,6990,FREE,SYS78522,TH 6294 - Tommy Hilfiger - Female - C5 - 52 - Full Frame - Cat Eye - Sheet,0,1,1,WIDTH_INC,0,6,0,9,8
Patna RPS Mod,NORTH,ADMYRA,FRAME,TR|FULL|SQUARE,MALE,2190,,,SYS163979,,2190,FREE,SYS163979,AM 9907 - Admyra - Male - C1 - 53 - Full Frame - Square - TR,0,1,1,WIDTH_INC,0,12,0,10,3
Delhi Rohini Ring Road Mall,NORTH,AVANTA,FRAME,METAL|HALF|RECTANGLE,FEMALE,990,,,SYS163556,,990,FREE,SYS163556,AV 202438 - Avanta - Female - Beige - 48 - Half Frame - Rectangle - Metal,0,1,1,WIDTH_INC,0,5,2,11,0
Jodhpur Sardarpura,WEST,AVANTA,FRAME,TR|FULL|RECTANGLE,MALE,990,,,SYS167097,,990,FREE,SYS167097,AV 250984 - Avanta - Male - C1 - 48 - Full Frame - Rectangle - TR,0,1,1,WIDTH_INC,0,9,0,11,0
Indore Sapna Sangeeta Road,NORTH,AVANTA,FRAME,METAL|FULL|RECTANGLE,MALE,690,,,SYS160600,,690,FREE,SYS160600,AV 202432 - Avanta - Male - Gun - 49 - Full Frame - Rectangle - Metal,0,1,1,WIDTH_INC,0,12,9,22,0
Guwahati Bhangagarh,NORTH,RAYBAN,FRAME,SHEET|FULL|RECTANGLE,MALE,8390,,,SYS168912,,8390,FREE,SYS168912,RX5435 - Rayban - Male - 8512 - 54 - Full Frame - Rectangle - Sheet,0,1,1,WIDTH_INC,0,2,0,5,2
Hyderabad Kukatpally Nizampet X Roads,SOUTH,ADMYRA,FRAME,SHEET|FULL|SQUARE,MALE,2490,,,SYS67555,,2490,FREE,SYS67555,AM 001 - Admyra - Male - Black - 53 - Full Frame - Square - Sheet,0,1,1,WIDTH_INC,0,132,84,8,1
Hyderabad Kukatpally Nizampet X Roads,SOUTH,ADMYRA,FRAME,SHEET|FULL|SQUARE,MALE,2490,,,SYS67557,,2490,FREE,SYS67557,AM 001 - Admyra - Male - D/Grey - 53 - Full Frame - Square - Sheet,0,1,1,WIDTH_INC,0,72,40,8,1
Guwahati Bhangagarh,NORTH,RAYBAN,FRAME,SHEET|FULL|RECTANGLE,MALE,8390,,,SYS168939,,8390,FREE,SYS168939,RX5435 - Rayban - Male - 8514 - 54 - Full Frame - Rectangle - Sheet,0,1,1,WIDTH_INC,0,2,0,5,2
Delhi Dwarka Sec 09,NORTH,ADMYRA,FRAME,METAL|FULL|OVAL,FEMALE,2190,,,SYS165434,,2190,FREE,SYS165434,AM 77002 - Admyra - Female - C6 - 51 - Full Frame - Oval - Metal,0,1,1,WIDTH_INC,0,2,0,48,22
Nashik Navkar Eye,WEST,AVANTA,FRAME,METAL|FULL|ROUND,FEMALE,990,,,SYS167574,,990,FREE,SYS167574,AV 253004 - Avanta - Female - Copper - 51 - Full Frame - Round - Metal,0,1,1,WIDTH_INC,0,6,2,12,0
Jhunjhunu Indra Nagar,WEST,AVANTA,FRAME,METAL|FULL|HEXAGON,MALE,790,,,SYS146901,,790,FREE,SYS146901,AV 63508 - Avanta - Male - Black - 47 - Full Frame - Hexagon - Metal,0,1,1,WIDTH_INC,0,1,0,149,0
Gurgaon Sec 29,NORTH,RAYBAN,FRAME,SHEET|FULL|SQUARE,MALE,9290,,,SYS168935,,9290,FREE,SYS168935,RX5431 - Rayban - Male - 2001 - 54 - Full Frame - Square - Sheet,0,1,1,WIDTH_INC,0,2,0,9,0
Gurgaon Sec 29,NORTH,EMPORIO ARMANI,FRAME,SHEET|FULL|RECTANGLE,MALE,12490,,,SYS168934,,12490,FREE,SYS168934,EA3239 - Emporio Armani - Male - 6344 - 55 - Full Frame - Rectangle - Sheet,0,1,1,WIDTH_INC,0,2,0,3,0
Gurgaon Sec 29,NORTH,PRADA,FRAME,SHEET|FULL|CAT EYE,FEMALE,21190,,,SYS168918,,21190,FREE,SYS168918,PR 19WV - Prada - Female - 03K1O1 - 53 - Full Frame - Cat Eye - Sheet,0,1,1,WIDTH_INC,0,3,0,3,0
Indirapuram Shakti Khand Eros Market,NORTH,AVANTA,FRAME,METAL|FULL|RECTANGLE,MALE,690,,,SYS113113,,690,FREE,SYS113113,AV 31004 - Avanta - Male - Gun - 48 - Full Frame - Rectangle - Metal,0,1,1,WIDTH_INC,0,12,0,32,0
Gurgaon Sector 51 M2K,NORTH,ADMYRA,FRAME,SHEET|FULL|SQUARE,MALE,2490,,,SYS67558,,2490,FREE,SYS67558,AM 001 - Admyra - Male - Transparent - 53 - Full Frame - Square - Sheet,0,1,1,WIDTH_INC,0,84,54,3,0
Delhi Dwarka Sec 09,NORTH,ADMYRA,FRAME,METAL|FULL|RECTANGLE,FEMALE,2190,,,SYS165427,,2190,FREE,SYS165427,AM 25060 - Admyra - Female - C6 - 52 - Full Frame - Rectangle - Metal,0,1,1,WIDTH_INC,0,2,0,48,22
Delhi Dwarka Sec 09,NORTH,ADMYRA,FRAME,METAL|FULL|RECTANGLE,FEMALE,2190,,,SYS165426,,2190,FREE,SYS165426,AM 25060 - Admyra - Female - C3 - 52 - Full Frame - Rectangle - Metal,0,1,1,WIDTH_INC,0,2,0,48,22
Delhi Dwarka Sec 09,NORTH,ADMYRA,FRAME,METAL|FULL|RECTANGLE,FEMALE,2190,,,SYS165425,,2190,FREE,SYS165425,AM 25060 - Admyra - Female - C2 - 52 - Full Frame - Rectangle - Metal,0,1,1,WIDTH_INC,0,2,0,48,22
Delhi Dwarka Sec 09,NORTH,ADMYRA,FRAME,METAL|FULL|OVAL,FEMALE,2190,,,SYS165432,,2190,FREE,SYS165432,AM 77002 - Admyra - Female - C2 - 51 - Full Frame - Oval - Metal,0,1,1,WIDTH_INC,0,2,0,48,22
Delhi Dwarka Sec 09,NORTH,ADMYRA,FRAME,METAL|FULL|OVAL,FEMALE,2190,,,SYS165431,,2190,FREE,SYS165431,AM 77002 - Admyra - Female - C1 - 51 - Full Frame - Oval - Metal,0,1,1,WIDTH_INC,0,2,0,48,22
Gurgaon Sec 29,NORTH,PRADA,FRAME,SHEET|FULL|CAT EYE,FEMALE,21190,,,SYS168951,,21190,FREE,SYS168951,PR 19WV - Prada - Female - 01K1O1 - 53 - Full Frame - Cat Eye - Sheet,0,1,1,WIDTH_INC,0,3,0,3,0
Gurgaon Sec 29,NORTH,EMPORIO ARMANI,FRAME,SHEET|FULL|RECTANGLE,MALE,12490,,,SYS168950,,12490,FREE,SYS168950,EA3280U - Emporio Armani - Male - 6373 - 53 - Full Frame - Rectangle - Sheet,0,1,1,WIDTH_INC,0,2,0,3,0
Gurgaon Sec 29,NORTH,RAYBAN,FRAME,METAL|FULL|RECTANGLE,MALE,9290,,,SYS168982,,9290,FREE,SYS168982,RX6579 - Rayban - Male - 2500 - 56 - Full Frame - Rectangle - Metal,0,1,1,WIDTH_INC,0,2,0,9,0
Gurgaon Sec 29,NORTH,RAYBAN,FRAME,SHEET|FULL|SQUARE,MALE,7790,,,SYS168916,,7790,FREE,SYS168916,RX7239 - Rayban - Male - 8223 - 54 - Full Frame - Square - Sheet,0,1,1,WIDTH_INC,0,2,0,9,0
Noida Sec 50,NORTH,PRADA,SUNGLASS,SHEET|FULL|SQUARE,FEMALE,28390,,,SYS107601,,28390,FREE,SYS107601,PR 24ZS - Prada - Female - 07R0A6 - 56 - Sunglass - Square - Sheet,0,1,1,WIDTH_INC,0,2,0,3,0
Delhi Dwarka Sec 09,NORTH,AVANTA,FRAME,METAL|FULL|SQUARE,MALE,990,,,SYS164810,,990,FREE,SYS164810,AV 7412205 - Avanta - Male - Gold/Blk - 51 - Full Frame - Square - Metal,0,1,1,WIDTH_INC,0,9,0,21,0
Prayagraj Tashkent Marg,NORTH,AVANTA,FRAME,TR|FULL|ROUND,UNISEX,990,,,SYS167143,,990,FREE,SYS167143,AV 250983 - Avanta - Unisex - C4 - 46 - Full Frame - Round - TR,0,1,1,WIDTH_INC,0,9,0,19,0
Delhi Dwarka Krishna Mall,NORTH,OMBRA,SUNGLASS,SHEET|FULL|RECTANGLE,MALE,1390,,,SYS166351,,1390,FREE,SYS166351,OB 66607 - OMBRA - Male - C6 - 54 - Sunglass - Rectangle - Sheet,0,1,1,WIDTH_INC,0,11,0,12,3
Patiala Randhawa Eye,NORTH,ADMYRA,FRAME,SHEET|FULL|CAT EYE,FEMALE,2790,,,SYS162310,,2790,FREE,SYS162310,AM 0131 - Admyra - Female - Trans/Blue - 51 - Full Frame - Cat Eye - Sheet,0,1,1,WIDTH_INC,0,49,19,16,2
Patiala Randhawa Eye,NORTH,ADMYRA,FRAME,SHEET|FULL|CAT EYE,FEMALE,2790,,,SYS162309,,2790,FREE,SYS162309,AM 0131 - Admyra - Female - D/Green - 51 - Full Frame - Cat Eye - Sheet,0,1,1,WIDTH_INC,0,50,38,16,2
Patiala Randhawa Eye,NORTH,ADMYRA,FRAME,SHEET|FULL|CAT EYE,FEMALE,2790,,,SYS162316,,2790,FREE,SYS162316,AM 0133 - Admyra - Female - Black - 53 - Full Frame - Cat Eye - Sheet,0,1,1,WIDTH_INC,0,49,19,16,2
Patiala Randhawa Eye,NORTH,ADMYRA,FRAME,SHEET|FULL|CAT EYE,FEMALE,2790,,,SYS162320,,2790,FREE,SYS162320,AM 0133 - Admyra - Female - D/Burgundy - 53 - Full Frame - Cat Eye - Sheet,0,1,1,WIDTH_INC,0,44,39,16,2
Patiala Randhawa Eye,NORTH,ADMYRA,FRAME,SHEET|FULL|CAT EYE,FEMALE,2790,,,SYS162318,,2790,FREE,SYS162318,AM 0133 - Admyra - Female - D/Brown - 53 - Full Frame - Cat Eye - Sheet,0,1,1,WIDTH_INC,0,47,41,16,2
Patiala Randhawa Eye,NORTH,ADMYRA,FRAME,SHEET|FULL|CAT EYE,FEMALE,2790,,,SYS162317,,2790,FREE,SYS162317,AM 0133 - Admyra - Female - D/Purple - 53 - Full Frame - Cat Eye - Sheet,0,1,1,WIDTH_INC,0,43,42,16,2
Patiala Randhawa Eye,NORTH,ADMYRA,FRAME,SHEET|FULL|CAT EYE,FEMALE,2790,,,SYS162306,,2790,FREE,SYS162306,AM 0131 - Admyra - Female - Black - 51 - Full Frame - Cat Eye - Sheet,0,1,1,WIDTH_INC,0,47,41,16,2
Ranchi Kutchery Road,EAST,ADMYRA,FRAME,METAL|FULL|SQUARE,MALE,2190,,,SYS106228,,2190,FREE,SYS106228,AM 60008 - Admyra - Male - Blk/Gold - 52 - Full Frame - Square - Metal,0,1,1,WIDTH_INC,0,1,0,14,3
Gurgaon Sec 29,NORTH,AVANTA KIDS,FRAME,TR|FULL|ROUND,KIDS,790,,,SYS168314,,790,FREE,SYS168314,AV 95008 - Avanta Kids - Kids - Brown - 43 - Full Frame - Round - TR,0,1,1,WIDTH_INC,0,6,0,1,0
Mohali Sector 62,NORTH,FRENCH CONNECTION,FRAME,METAL|FULL|ROUND,UNISEX,4290,,,SYS60814,,4290,FREE,SYS60814,FC 8233 - French Connection - Unisex - C1 - 49 - Full Frame - Round - Metal,0,1,1,WIDTH_INC,0,1,0,9,8
Delhi Dwarka Krishna Mall,NORTH,OMBRA,SUNGLASS,SHEET|FULL|RECTANGLE,MALE,1590,,,SYS166363,,1590,FREE,SYS166363,OB 9866P - OMBRA - Male - C5 - 50 - Sunglass - Rectangle - Sheet,0,1,1,WIDTH_INC,0,10,4,12,3
Delhi Dwarka Krishna Mall,NORTH,OMBRA,SUNGLASS,SHEET|FULL|ROUND,UNISEX,1390,,,SYS166440,,1390,FREE,SYS166440,OB 6260P - OMBRA - Unisex - C1 - 51 - Sunglass - Round - Sheet,0,1,1,WIDTH_INC,0,10,6,12,3
Prayagraj Tashkent Marg,NORTH,AVANTA,FRAME,SHEET|FULL|CAT EYE,FEMALE,1490,,,SYS121576,,1490,FREE,SYS121576,AV 0043 - Avanta - Female - Black - 53 - Full Frame - Cat Eye - Sheet,0,1,1,WIDTH_INC,0,2,0,19,0
Kanpur Mall Road,NORTH,AVANTA,FRAME,METAL|FULL|RECTANGLE,MALE,790,,,SYS168380,,790,FREE,SYS168380,AV ZXA42009 - Avanta - Male - Gun - 49 - Full Frame - Rectangle - Metal,0,1,1,WIDTH_INC,0,24,6,33,0
Delhi Dwarka Krishna Mall,NORTH,OMBRA,SUNGLASS,TR|FULL|SQUARE,UNISEX,1190,,,SYS166395,,1190,FREE,SYS166395,OB TR9903 - OMBRA - Unisex - C4 - 52 - Sunglass - Square - TR,0,1,1,WIDTH_INC,0,14,10,12,3
Delhi Dwarka Krishna Mall,NORTH,OMBRA,SUNGLASS,SHEET|FULL|RECTANGLE,MALE,1190,,,SYS166385,,1190,FREE,SYS166385,OB 98201P - OMBRA - Male - C2 - 53 - Sunglass - Rectangle - Sheet,0,1,1,WIDTH_INC,0,10,0,12,3
Delhi Dwarka Krishna Mall,NORTH,OMBRA,SUNGLASS,SHEET|FULL|RECTANGLE,MALE,1190,,,SYS166384,,1190,FREE,SYS166384,OB 98201P - OMBRA - Male - C1 - 53 - Sunglass - Rectangle - Sheet,0,1,1,WIDTH_INC,0,10,1,12,3
Surat City Light Road,WEST,AVANTA KIDS,FRAME,TR|FULL|SQUARE,KIDS,790,,,SYS168277,,790,FREE,SYS168277,AV 95001 - Avanta Kids - Kids - MT/D/Green - 43 - Full Frame - Square - TR,0,1,1,WIDTH_INC,0,7,2,4,0
Delhi Dwarka Krishna Mall,NORTH,OMBRA,SUNGLASS,SHEET|FULL|RECTANGLE,MALE,1590,,,SYS166547,,1590,FREE,SYS166547,OB TSM3351 - OMBRA - Male - C1 - 50 - Sunglass - Rectangle - Sheet,0,1,1,WIDTH_INC,0,11,1,12,3
Ahemdabad CG Road,WEST,AVANTA KIDS,FRAME,TR|FULL|ROUND,KIDS,990,,,SYS120834,,990,FREE,SYS120834,AV TR11532 - Avanta Kids - Kids - MT.Blue - 47 - Full Frame - Round - TR,0,1,1,WIDTH_INC,0,2,0,2,0
Kanpur Mall Road,NORTH,AVANTA,FRAME,METAL|SUPRA|RECTANGLE,MALE,690,,,SYS143384,,690,FREE,SYS143384,AV 31004 - Avanta - Male - Black - 51 - Supra - Rectangle - Metal,0,1,1,WIDTH_INC,0,5,0,33,0
Prayagraj Tashkent Marg,NORTH,AVANTA,FRAME,METAL|SUPRA|RECTANGLE,MALE,890,,,SYS167431,,890,FREE,SYS167431,AV 825073 - Avanta - Male - Black - 49 - Supra - Rectangle - Metal,0,1,1,WIDTH_INC,0,12,0,19,0
Prayagraj Tashkent Marg,NORTH,AVANTA,FRAME,METAL|FULL|ROUND,FEMALE,990,,,SYS167388,,990,FREE,SYS167388,AV 527339 - Avanta - Female - Silver - 50 - Full Frame - Round - Metal,0,1,1,WIDTH_INC,0,7,0,19,0
Delhi Dwarka Krishna Mall,NORTH,OMBRA,SUNGLASS,SHEET|FULL|RECTANGLE,MALE,1590,,,SYS166512,,1590,FREE,SYS166512,OB 9870P - OMBRA - Male - C6 - 50 - Sunglass - Rectangle - Sheet,0,1,1,WIDTH_INC,0,11,0,12,3
Surat City Light Road,WEST,AVANTA KIDS,FRAME,TR|FULL|RECTANGLE,KIDS,790,,,SYS168342,,790,FREE,SYS168342,AV 95007 - Avanta Kids - Kids - Purple/Pink - 45 - Full Frame - Rectangle - TR,0,1,1,WIDTH_INC,0,6,2,4,0
Patiala Randhawa Eye,NORTH,AVANTA,FRAME,TR|FULL|CAT EYE,FEMALE,990,,,SYS162222,,990,FREE,SYS162222,AV 132008 - Avanta - Female - Black - 51 - Full Frame - Cat Eye - TR,0,1,1,WIDTH_INC,0,7,0,29,0
Jabalpur Napier Town,SOUTH,AVANTA KIDS,FRAME,TR|FULL|ROUND,KIDS,990,,,SYS120878,,990,FREE,SYS120878,AV TR11532 - Avanta Kids - Kids - MT.Pink - 47 - Full Frame - Round - TR,0,1,1,WIDTH_INC,0,3,0,2,0
Patiala Randhawa Eye,NORTH,AVANTA,FRAME,METAL|SUPRA|RECTANGLE,MALE,490,,,SYS160681,,490,FREE,SYS160681,AV 31010 - Avanta - Male - Gun - 51 - Supra - Rectangle - Metal,0,1,1,WIDTH_INC,0,10,0,29,0
Delhi Dwarka Sec 09,NORTH,AVANTA KIDS,FRAME,PEDIATRIC|FULL|ROUND,KIDS,1190,,,SYS165294,,1190,FREE,SYS165294,AV 1511 - Avanta Kids - Kids - C1 - 48 - Full Frame - Round - Pediatric,0,1,1,WIDTH_INC,0,2,0,14,0
Kanpur Mall Road,NORTH,AVANTA,FRAME,METAL|FULL|SQUARE,MALE,790,,,SYS168774,,790,FREE,SYS168774,AV 8253205 - Avanta - Male - Silver - 48 - Full Frame - Square - Metal,0,1,1,WIDTH_INC,0,11,2,33,0
Kanpur Mall Road,NORTH,AVANTA,FRAME,SHEET|FULL|SQUARE,FEMALE,1290,,,SYS168768,,1290,FREE,SYS168768,AV 9773 - Avanta - Female - C1 - 52 - Full Frame - Square - Sheet,0,1,1,WIDTH_INC,0,8,0,33,0
Hisar Sec 14,NORTH,AVANTA,FRAME,SHEET|FULL|SQUARE,MALE,1190,,,SYS162649,,1190,FREE,SYS162649,AV 0063 - Avanta - Male - Trans/Grey - 51 - Full Frame - Square - Sheet,0,1,1,WIDTH_INC,0,267,247,11,0
Kanpur Mall Road,NORTH,AVANTA,FRAME,METAL|SUPRA|RECTANGLE,MALE,790,,,SYS168394,,790,FREE,SYS168394,AV ZXA42003 - Avanta - Male - Gun - 48 - Supra - Rectangle - Metal,0,1,1,WIDTH_INC,0,24,0,33,0
Kanpur Mall Road,NORTH,AVANTA,FRAME,METAL|FULL|RECTANGLE,MALE,790,,,SYS168401,,790,FREE,SYS168401,AV ZXA42008 - Avanta - Male - Gun - 50 - Full Frame - Rectangle - Metal,0,1,1,WIDTH_INC,0,24,13,33,0
Prayagraj Tashkent Marg,NORTH,TOMMY HILFIGER,FRAME,SHEET|FULL|SQUARE,MALE,6490,,,SYS121679,,6490,FREE,SYS121679,TH 6247 - Tommy Hilfiger - Male - C4 - 50 - Full Frame - Square - Sheet,0,1,1,WIDTH_INC,0,1,0,6,2
Kanpur Mall Road,NORTH,AVANTA,FRAME,TR|FULL|RECTANGLE,FEMALE,890,,,SYS168523,,890,FREE,SYS168523,AV 87009 - Avanta - Female - Black - 50 - Full Frame - Rectangle - TR,0,1,1,WIDTH_INC,0,7,0,33,0
Delhi Rajouri Garden,NORTH,AVANTA,FRAME,SHEET|FULL|CAT EYE,FEMALE,1190,,,SYS158410,,1190,FREE,SYS158410,AV 0072HD - Avanta - Female - Purple - 51 - Full Frame - Cat Eye - Sheet,0,1,1,WIDTH_INC,0,60,41,14,0
Delhi Rajouri Garden,NORTH,AVANTA,FRAME,SHEET|FULL|ROUND,UNISEX,1190,,,SYS158414,,1190,FREE,SYS158414,AV 0068HD - Avanta - Unisex - D/Wine - 48 - Full Frame - Round - Sheet,0,1,1,WIDTH_INC,0,74,64,14,0
Delhi Rajouri Garden,NORTH,AVANTA,FRAME,SHEET|FULL|RECTANGLE,MALE,1190,,,SYS158378,,1190,FREE,SYS158378,AV 0061 - Avanta - Male - Black - 53 - Full Frame - Rectangle - Sheet,0,1,1,WIDTH_INC,0,143,113,14,0
Delhi Rajouri Garden,NORTH,AVANTA,FRAME,SHEET|FULL|SQUARE,MALE,1190,,,SYS158368,,1190,FREE,SYS158368,AV 0064 - Avanta - Male - Black - 54 - Full Frame - Square - Sheet,0,1,1,WIDTH_INC,0,170,140,14,0
Delhi Dwarka Vegas Mall Sec 14,NORTH,ADMYRA,FRAME,SHEET|FULL|CAT EYE,FEMALE,2490,,,SYS162297,,2490,FREE,SYS162297,AM 0127 - Admyra - Female - D/Brown - 53 - Full Frame - Cat Eye - Sheet,0,1,1,WIDTH_INC,0,15,11,1,0
Ghaziabad RDC,NORTH,ADMYRA,FRAME,SHEET|FULL|RECTANGLE,MALE,2490,,,SYS67856,,2490,FREE,SYS67856,AM 039 - Admyra - Male - Black - 51 - Full Frame - Rectangle - Sheet,0,1,1,WIDTH_INC,0,103,53,14,6
Ghaziabad RDC,NORTH,ADMYRA,FRAME,SHEET|FULL|RECTANGLE,MALE,2490,,,SYS67858,,2490,FREE,SYS67858,AM 039 - Admyra - Male - D/Grey - 51 - Full Frame - Rectangle - Sheet,0,1,1,WIDTH_INC,0,74,53,14,6
Ghaziabad RDC,NORTH,ADMYRA,FRAME,SHEET|FULL|RECTANGLE,MALE,2490,,,SYS67859,,2490,FREE,SYS67859,AM 039 - Admyra - Male - MT.Black - 51 - Full Frame - Rectangle - Sheet,0,1,1,WIDTH_INC,0,70,44,14,6
Ghaziabad RDC,NORTH,ADMYRA,FRAME,SHEET|FULL|RECTANGLE,MALE,2490,,,SYS67860,,2490,FREE,SYS67860,AM 039 - Admyra - Male - MT.Blue - 51 - Full Frame - Rectangle - Sheet,0,1,1,WIDTH_INC,0,106,69,14,6
Rewari Sector 5,NORTH,ADMYRA,FRAME,SHEET|FULL|RECTANGLE,MALE,2490,,,SYS67859,,2490,FREE,SYS67859,AM 039 - Admyra - Male - MT.Black - 51 - Full Frame - Rectangle - Sheet,0,1,1,WIDTH_INC,0,70,44,28,16
Rewari Sector 5,NORTH,ADMYRA,FRAME,SHEET|FULL|RECTANGLE,MALE,2490,,,SYS67860,,2490,FREE,SYS67860,AM 039 - Admyra - Male - MT.Blue - 51 - Full Frame - Rectangle - Sheet,0,1,1,WIDTH_INC,0,106,69,28,16
Rewari Sector 5,NORTH,ADMYRA,FRAME,SHEET|FULL|RECTANGLE,MALE,2490,,,SYS67856,,2490,FREE,SYS67856,AM 039 - Admyra - Male - Black - 51 - Full Frame - Rectangle - Sheet,0,1,1,WIDTH_INC,0,103,53,28,16
Rewari Sector 5,NORTH,ADMYRA,FRAME,SHEET|FULL|RECTANGLE,MALE,2490,,,SYS67857,,2490,FREE,SYS67857,AM 039 - Admyra - Male - D/Brown - 51 - Full Frame - Rectangle - Sheet,0,1,1,WIDTH_INC,0,48,34,28,16
Rewari Sector 5,NORTH,ADMYRA,FRAME,SHEET|FULL|RECTANGLE,MALE,2490,,,SYS67858,,2490,FREE,SYS67858,AM 039 - Admyra - Male - D/Grey - 51 - Full Frame - Rectangle - Sheet,0,1,1,WIDTH_INC,0,74,53,28,16
Delhi Dwarka Vegas Mall Sec 14,NORTH,RAYBAN,SUNGLASS,SHEET|FULL|RECTANGLE,MALE,9890,,,SYS162025,,9890,FREE,SYS162025,RB4455 - Rayban - Male - 135987 - 49 - Sunglass - Rectangle - Sheet,0,1,1,WIDTH_INC,0,2,0,3,0
Delhi Dwarka Krishna Mall,NORTH,TOMMY HILFIGER,FRAME,SHEET|FULL|SQUARE,MALE,7490,,,SYS119625,,7490,FREE,SYS119625,TH 4422 - Tommy Hilfiger - Male - C1 - 52 - Full Frame - Square - Sheet,0,1,1,WIDTH_INC,0,2,0,5,4
Delhi Dwarka Vegas Mall Sec 14,NORTH,PRADA,SUNGLASS,SHEET|FULL|SQUARE,FEMALE,36290,,,SYS162575,,36290,FREE,SYS162575,PR B23S - Prada - Female - 20D50Q - 54 - Sunglass - Square - Sheet,0,1,1,WIDTH_INC,0,2,0,3,1
Delhi Dwarka Vegas Mall Sec 14,NORTH,PRADA,SUNGLASS,SHEET|FULL|SQUARE,FEMALE,36290,,,SYS162582,,36290,FREE,SYS162582,PR B23S - Prada - Female - 16K08Z - 54 - Sunglass - Square - Sheet,0,1,1,WIDTH_INC,0,1,0,3,1
Kolkata Madhyamgram,EAST,TOMMY HILFIGER,FRAME,SHEET|FULL|RECTANGLE,MALE,8990,,,SYS148336,,8990,FREE,SYS148336,TH 6357 - Tommy Hilfiger - Male - C4 - 55 - Full Frame - Rectangle - Sheet,0,1,1,WIDTH_INC,0,2,0,4,2
Kolkata Madhyamgram,EAST,RAYBAN,FRAME,METAL|RIMLESS|RECTANGLE,MALE,4790,,,SYS148493,,4790,FREE,SYS148493,RX6303I - Rayban - Male - 2500 - 51 - Rimless - Rectangle - Metal,0,1,1,WIDTH_INC,0,1,0,9,5
Kharghar Laxmi Eye,WEST,AVANTA,FRAME,SHEET|FULL|ROUND,UNISEX,1190,,,SYS158417,,1190,FREE,SYS158417,AV 0068HD - Avanta - Unisex - Trans/Purple - 48 - Full Frame - Round - Sheet,0,1,1,WIDTH_INC,0,55,39,11,0
Kharghar Laxmi Eye,WEST,AVANTA,FRAME,SHEET|FULL|CAT EYE,FEMALE,1190,,,SYS158410,,1190,FREE,SYS158410,AV 0072HD - Avanta - Female - Purple - 51 - Full Frame - Cat Eye - Sheet,0,1,1,WIDTH_INC,0,60,41,11,0
Kharghar Laxmi Eye,WEST,AVANTA,FRAME,SHEET|FULL|RECTANGLE,MALE,1190,,,SYS158381,,1190,FREE,SYS158381,AV 0061 - Avanta - Male - Trans/Grey - 53 - Full Frame - Rectangle - Sheet,0,1,1,WIDTH_INC,0,128,109,11,0
Srinagar Baghat Fazili,NORTH,AVANTA,FRAME,TR|FULL|RECTANGLE,MALE,990,,,SYS167097,,990,FREE,SYS167097,AV 250984 - Avanta - Male - C1 - 48 - Full Frame - Rectangle - TR,0,1,1,WIDTH_INC,0,9,0,10,0
Hyderabad Banjara Hills Dr Challa,SOUTH,EMPORIO ARMANI,FRAME,TITANIUM|SUPRA|RECTANGLE,MALE,11590,,,SYS168971,,11590,FREE,SYS168971,EA1044TD - Emporio Armani - Male - 3032 - 55 - Supra - Rectangle - Titanium,0,1,1,WIDTH_INC,0,2,0,4,0
Hyderabad Banjara Hills Dr Challa,SOUTH,EMPORIO ARMANI,FRAME,SHEET|FULL|CAT EYE,FEMALE,13390,,,SYS168928,,13390,FREE,SYS168928,EA3282BU - Emporio Armani - Female - 5026 - 52 - Full Frame - Cat Eye - Sheet,0,1,1,WIDTH_INC,0,2,0,4,0
Bhopal Hoshangabad Road,WEST,RAYBAN,FRAME,SHEET|FULL|RECTANGLE,UNISEX,4690,,,SYS12372,,4690,FREE,SYS12372,RX7128II - Rayban - Unisex - 2000 - 53 - Full Frame - Rectangle - Sheet,0,1,1,WIDTH_INC,0,4,0,4,1
Vijayawada Mogalrajpuram,SOUTH,AVANTA,FRAME,SHEET|FULL|SQUARE,MALE,1190,,,SYS162649,,1190,FREE,SYS162649,AV 0063 - Avanta - Male - Trans/Grey - 51 - Full Frame - Square - Sheet,0,1,1,WIDTH_INC,0,267,247,38,0
LAJPAT NAGAR,NORTH,AVANTA KIDS,FRAME,PEDIATRIC|FULL|RECTANGLE,KIDS,1690,,,SYS105992,,1690,FREE,SYS105992,AV TR869 - Avanta Kids - Kids - C1 - 44 - Full Frame - Rectangle - Pediatric,0,1,1,WIDTH_INC,0,4,3,4,0
Agra Ashoka Plaza,NORTH,AVANTA,FRAME,SHEET|FULL|CAT EYE,FEMALE,1190,,,SYS158410,,1190,FREE,SYS158410,AV 0072HD - Avanta - Female - Purple - 51 - Full Frame - Cat Eye - Sheet,0,1,1,WIDTH_INC,0,60,41,30,0
Agra Ashoka Plaza,NORTH,AVANTA,FRAME,SHEET|FULL|CAT EYE,FEMALE,1190,,,SYS158412,,1190,FREE,SYS158412,AV 0072HD - Avanta - Female - Trans/Brown - 51 - Full Frame - Cat Eye - Sheet,0,1,1,WIDTH_INC,0,32,28,30,0
Agra Ashoka Plaza,NORTH,AVANTA,FRAME,SHEET|FULL|ROUND,UNISEX,1190,,,SYS158413,,1190,FREE,SYS158413,AV 0068HD - Avanta - Unisex - Black - 48 - Full Frame - Round - Sheet,0,1,1,WIDTH_INC,0,54,51,30,0
Agra Ashoka Plaza,NORTH,AVANTA,FRAME,SHEET|FULL|RECTANGLE,MALE,1190,,,SYS158378,,1190,FREE,SYS158378,AV 0061 - Avanta - Male - Black - 53 - Full Frame - Rectangle - Sheet,0,1,1,WIDTH_INC,0,143,113,30,0
Hyderabad Hayathnagar,SOUTH,ADMYRA,FRAME,SHEET|FULL|CAT EYE,FEMALE,2990,,,SYS115306,,2990,FREE,SYS115306,AM 101 - Admyra - Female - Purple - 53 - Full Frame - Cat Eye - Sheet,0,1,1,WIDTH_INC,0,24,21,20,5
Srinagar Rainawari Fazili,NORTH,AVANTA,FRAME,METAL|SUPRA|RECTANGLE,MALE,790,,,SYS168387,,790,FREE,SYS168387,AV ZXA42005 - Avanta - Male - Gun - 49 - Supra - Rectangle - Metal,0,1,1,WIDTH_INC,0,24,10,13,0
Nashik Navkar Eye,WEST,AVANTA,FRAME,TR|FULL|RECTANGLE,MALE,990,,,SYS166952,,990,FREE,SYS166952,AV 50046 - Avanta - Male - C3 - 50 - Full Frame - Rectangle - TR,0,1,1,WIDTH_INC,0,10,0,12,0
Indore Sapna Sangeeta Road,NORTH,ADMYRA,FRAME,SHEET|FULL|CAT EYE,FEMALE,2790,,,SYS162316,,2790,FREE,SYS162316,AM 0133 - Admyra - Female - Black - 53 - Full Frame - Cat Eye - Sheet,0,1,1,WIDTH_INC,0,49,19,3,0
Warangal Hanamkonda Kakathiya,SOUTH,ADMYRA,FRAME,SHEET|FULL|SQUARE,MALE,2490,,,SYS67557,,2490,FREE,SYS67557,AM 001 - Admyra - Male - D/Grey - 53 - Full Frame - Square - Sheet,0,1,1,WIDTH_INC,0,72,40,4,0
Warangal Hanamkonda Kakathiya,SOUTH,ADMYRA,FRAME,SHEET|FULL|SQUARE,MALE,2490,,,SYS67558,,2490,FREE,SYS67558,AM 001 - Admyra - Male - Transparent - 53 - Full Frame - Square - Sheet,0,1,1,WIDTH_INC,0,84,54,4,0
Jodhpur Sardarpura,WEST,AVANTA,FRAME,TR|FULL|CAT EYE,FEMALE,990,,,SYS167985,,990,FREE,SYS167985,AV 9952214 - Avanta - Female - Trans/Pink - 51 - Full Frame - Cat Eye - TR,0,1,1,WIDTH_INC,0,6,0,11,0
Delhi Rohini Ring Road Mall,NORTH,AVANTA,FRAME,METAL|HALF|SQUARE,MALE,1190,,,SYS163750,,1190,FREE,SYS163750,AV 222570 - Avanta - Male - C4 - 51 - Half Frame - Square - Metal,0,1,1,WIDTH_INC,0,6,0,11,0
Jodhpur Sardarpura,WEST,AVANTA KIDS,FRAME,TR|FULL|CAT EYE,KIDS,790,,,SYS168368,,790,FREE,SYS168368,AV 95010 - Avanta Kids - Kids - D/Purple - 46 - Full Frame - Cat Eye - TR,0,1,1,WIDTH_INC,0,7,0,3,0
Jodhpur Sardarpura,WEST,AVANTA KIDS,FRAME,TR|FULL|RECTANGLE,KIDS,790,,,SYS168342,,790,FREE,SYS168342,AV 95007 - Avanta Kids - Kids - Purple/Pink - 45 - Full Frame - Rectangle - TR,0,1,1,WIDTH_INC,0,6,2,3,0
Jodhpur Sardarpura,WEST,AVANTA KIDS,FRAME,TR|FULL|RECTANGLE,KIDS,790,,,SYS168338,,790,FREE,SYS168338,AV 95007 - Avanta Kids - Kids - Grey/Pink - 45 - Full Frame - Rectangle - TR,0,1,1,WIDTH_INC,0,6,0,3,0
Nashik Navkar Eye,WEST,AVANTA,FRAME,TR|FULL|RECTANGLE,MALE,890,,,SYS166800,,890,FREE,SYS166800,AV 270812 - Avanta - Male - Black - 50 - Full Frame - Rectangle - TR,0,1,1,WIDTH_INC,0,20,0,12,0
Delhi Safdarjung Enclave,NORTH,TOMMY HILFIGER,FRAME,TITANIUM|RIMLESS|RECTANGLE,MALE,9490,,,SYS148370,,9490,FREE,SYS148370,TH 4416T - Tommy Hilfiger - Male - C1 - 53 - Rimless - Rectangle - Titanium,0,1,1,WIDTH_INC,0,2,0,8,0
Delhi Safdarjung Enclave,NORTH,TOMMY HILFIGER,FRAME,TITANIUM|RIMLESS|RECTANGLE,MALE,9490,,,SYS148371,,9490,FREE,SYS148371,TH 4416T - Tommy Hilfiger - Male - C2 - 53 - Rimless - Rectangle - Titanium,0,1,1,WIDTH_INC,0,1,0,8,0
Ghaziabad RDC,NORTH,ADMYRA,FRAME,SHEET|FULL|SQUARE,MALE,2490,,,SYS67558,,2490,FREE,SYS67558,AM 001 - Admyra - Male - Transparent - 53 - Full Frame - Square - Sheet,0,1,1,WIDTH_INC,0,84,54,14,6
Ghaziabad RDC,NORTH,ADMYRA,FRAME,SHEET|FULL|SQUARE,MALE,2490,,,SYS67559,,2490,FREE,SYS67559,AM 001 - Admyra - Male - MT.Black - 53 - Full Frame - Square - Sheet,0,1,1,WIDTH_INC,0,61,44,14,6
Ghaziabad Nehru Nagar,NORTH,AVANTA,FRAME,METAL|SUPRA|RECTANGLE,MALE,890,,,SYS167427,,890,FREE,SYS167427,AV 825071 - Avanta - Male - Gun - 48 - Supra - Rectangle - Metal,0,1,1,WIDTH_INC,0,12,1,19,0
Jodhpur Sardarpura,WEST,AVANTA,FRAME,TR|FULL|RECTANGLE,MALE,890,,,SYS168079,,890,FREE,SYS168079,AV 8061 - Avanta - Male - Black - 53 - Full Frame - Rectangle - TR,0,1,1,WIDTH_INC,0,11,0,11,0
Ghaziabad RDC,NORTH,EMPORIO ARMANI,SUNGLASS,SHEET|FULL|SQUARE,MALE,18490,,,SYS65524,,18490,FREE,SYS65524,EA4189U - Emporio Armani - Male - 50881W - 55 - Clip On - Square - Sheet,0,1,1,WIDTH_INC,0,2,0,5,0
Gurgaon Sec 29,NORTH,PRADA,FRAME,SHEET|FULL|CAT EYE,FEMALE,21690,,,SYS142264,,21690,FREE,SYS142264,PR 19WV - Prada - Female - 1AB1O1 - 53 - Full Frame - Cat Eye - Sheet,0,1,1,WIDTH_INC,0,1,0,3,0
Ghaziabad Nehru Nagar,NORTH,AVANTA KIDS,FRAME,TR|FULL|SQUARE,KIDS,1090,,,SYS167676,,1090,FREE,SYS167676,AV 77072 - Avanta Kids - Kids - Black - 45 - Clip on - Square - TR,0,1,1,WIDTH_INC,0,8,0,6,0
Warangal Hanamkonda Kakathiya,SOUTH,ADMYRA,FRAME,SHEET|FULL|RECTANGLE,MALE,2490,,,SYS67860,,2490,FREE,SYS67860,AM 039 - Admyra - Male - MT.Blue - 51 - Full Frame - Rectangle - Sheet,0,1,1,WIDTH_INC,0,106,69,4,0
Rewari Sector 5,NORTH,ADMYRA,FRAME,SHEET|FULL|SQUARE,MALE,2490,,,SYS67558,,2490,FREE,SYS67558,AM 001 - Admyra - Male - Transparent - 53 - Full Frame - Square - Sheet,0,1,1,WIDTH_INC,0,84,54,28,16
Mumbai Chembur Rushab Eye,WEST,AVANTA,FRAME,METAL|SUPRA|RECTANGLE,MALE,790,,,SYS168394,,790,FREE,SYS168394,AV ZXA42003 - Avanta - Male - Gun - 48 - Supra - Rectangle - Metal,0,1,1,WIDTH_INC,0,24,0,8,0
Rewari Sector 5,NORTH,AVANTA,FRAME,SHEET|FULL|CAT EYE,FEMALE,1490,,,SYS67569,,1490,FREE,SYS67569,AV 020 - Avanta - Female - D/Purple - 50 - Full Frame - Cat Eye - Sheet,0,1,1,WIDTH_INC,0,1,0,39,0
Noida MOI,NORTH,GUCCI,SUNGLASS,SHEET|FULL|SQUARE,MALE,26800,,,SYS113467,,26800,FREE,SYS113467,GG1084S - Gucci - Male - 004 - 54 - Sunglass - Square - Sheet,0,1,1,WIDTH_INC,0,1,0,8,5
Noida GaurCity,NORTH,RAYBAN,FRAME,METAL|FULL|RECTANGLE,MALE,12290,,,SYS168902,,12290,FREE,SYS168902,RX8424 - Rayban - Male - 2509 - 55 - Full Frame - Rectangle - Metal,0,1,1,WIDTH_INC,0,2,0,12,1
Noida GaurCity,NORTH,RAYBAN,FRAME,METAL|FULL|RECTANGLE,MALE,9290,,,SYS168982,,9290,FREE,SYS168982,RX6579 - Rayban - Male - 2500 - 56 - Full Frame - Rectangle - Metal,0,1,1,WIDTH_INC,0,2,0,12,1
Hisar Sec 14,NORTH,OMBRA,SUNGLASS,SHEET|FULL|SQUARE,UNISEX,1590,,,SYS166499,,1590,FREE,SYS166499,OB 9864 - OMBRA - Unisex - C4 - 53 - Sunglass - Square - Sheet,0,1,1,WIDTH_INC,0,12,5,9,0
Hisar Sec 14,NORTH,OMBRA,SUNGLASS,SHEET|FULL|SQUARE,UNISEX,1590,,,SYS166497,,1590,FREE,SYS166497,OB 9864 - OMBRA - Unisex - C1 - 53 - Sunglass - Square - Sheet,0,1,1,WIDTH_INC,0,12,10,9,0
Noida GaurCity,NORTH,EMPORIO ARMANI,SUNGLASS,METAL|FULL|SQUARE,MALE,16590,,,SYS168976,,16590,FREE,SYS168976,EA2173 - Emporio Armani - Male - 303273 - 59 - Sunglass - Square - Metal,0,1,1,WIDTH_INC,0,1,0,7,2
Noida GaurCity,NORTH,RAYBAN,FRAME,SHEET|FULL|SQUARE,MALE,7790,,,SYS168917,,7790,FREE,SYS168917,RX7239 - Rayban - Male - 8510 - 54 - Full Frame - Square - Sheet,0,1,1,WIDTH_INC,0,2,0,12,1
Noida GaurCity,NORTH,RAYBAN,FRAME,SHEET|FULL|SQUARE,MALE,7790,,,SYS168916,,7790,FREE,SYS168916,RX7239 - Rayban - Male - 8223 - 54 - Full Frame - Square - Sheet,0,1,1,WIDTH_INC,0,2,0,12,1
Noida GaurCity,NORTH,RAYBAN,SUNGLASS,METAL|FULL|RECTANGLE,MALE,12850,,,SYS168931,,12850,FREE,SYS168931,RB3779 - Rayban - Male - 001/3F - 56 - Sunglass - Rectangle - Metal,0,1,1,WIDTH_INC,0,2,0,7,0
Noida GaurCity,NORTH,PRADA,FRAME,SHEET|FULL|CAT EYE,FEMALE,21190,,,SYS168918,,21190,FREE,SYS168918,PR 19WV - Prada - Female - 03K1O1 - 53 - Full Frame - Cat Eye - Sheet,0,1,1,WIDTH_INC,0,3,0,1,0
Nashik Navkar Eye,WEST,RAYBAN,FRAME,SHEET|FULL|SQUARE,UNISEX,11090,,,SYS168901,,11090,FREE,SYS168901,RX7397 - Rayban - Unisex - 8062 - 52 - Full Frame - Square - Sheet,0,1,1,WIDTH_INC,0,2,0,6,5
Hisar Sec 14,NORTH,OMBRA,SUNGLASS,SHEET|FULL|RECTANGLE,MALE,1590,,,SYS166548,,1590,FREE,SYS166548,OB TSM3351 - OMBRA - Male - C5 - 50 - Sunglass - Rectangle - Sheet,0,1,1,WIDTH_INC,0,9,8,9,0
Noida GaurCity,NORTH,EMPORIO ARMANI,FRAME,METAL|SUPRA|RECTANGLE,MALE,12490,,,SYS168972,,12490,FREE,SYS168972,EA1182 - Emporio Armani - Male - 3001 - 55 - Supra - Rectangle - Metal,0,1,1,WIDTH_INC,0,2,0,4,0
Noida GaurCity,NORTH,EMPORIO ARMANI,FRAME,METAL|SUPRA|RECTANGLE,MALE,12490,,,SYS168973,,12490,FREE,SYS168973,EA1182 - Emporio Armani - Male - 3010 - 55 - Supra - Rectangle - Metal,0,1,1,WIDTH_INC,0,2,0,4,0
Noida GaurCity,NORTH,EMPORIO ARMANI,FRAME,METAL|FULL|RECTANGLE,MALE,13390,,,SYS168974,,13390,FREE,SYS168974,EA1183 - Emporio Armani - Male - 3001 - 54 - Full Frame - Rectangle - Metal,0,1,1,WIDTH_INC,0,2,0,4,0
Vijayawada Mogalrajpuram,SOUTH,AVANTA,FRAME,TR|FULL|RECTANGLE,MALE,890,,,SYS167828,,890,FREE,SYS167828,AV 8016 - Avanta - Male - Black - 51 - Full Frame - Rectangle - TR,0,1,1,WIDTH_INC,0,10,5,38,0
Siliguri Sevoke Road,WEST,AVANTA,FRAME,SHEET|FULL|RECTANGLE,MALE,1190,,,SYS158378,,1190,FREE,SYS158378,AV 0061 - Avanta - Male - Black - 53 - Full Frame - Rectangle - Sheet,0,1,1,WIDTH_INC,0,143,113,20,0
Siliguri Sevoke Road,WEST,AVANTA,FRAME,SHEET|FULL|CAT EYE,FEMALE,1190,,,SYS158410,,1190,FREE,SYS158410,AV 0072HD - Avanta - Female - Purple - 51 - Full Frame - Cat Eye - Sheet,0,1,1,WIDTH_INC,0,60,41,20,0
Siliguri Sevoke Road,WEST,AVANTA,FRAME,SHEET|FULL|ROUND,UNISEX,1190,,,SYS158417,,1190,FREE,SYS158417,AV 0068HD - Avanta - Unisex - Trans/Purple - 48 - Full Frame - Round - Sheet,0,1,1,WIDTH_INC,0,55,39,20,0
Gurgaon Sector 51 M2K,NORTH,TOMMY HILFIGER,FRAME,SHEET|FULL|ROUND,UNISEX,7490,,,SYS116878,,7490,FREE,SYS116878,TH 6314 - Tommy Hilfiger - Unisex - C4 - 50 - Full Frame - Round - Sheet,0,1,1,WIDTH_INC,0,2,0,8,7
Greater Noida West Nirala Estate,NORTH,OMBRA,SUNGLASS,SHEET|FULL|RECTANGLE,MALE,1590,,,SYS166547,,1590,FREE,SYS166547,OB TSM3351 - OMBRA - Male - C1 - 50 - Sunglass - Rectangle - Sheet,0,1,1,WIDTH_INC,0,11,1,7,6
Gurgaon Sector 51 M2K,NORTH,VERSACE,FRAME,SHEET|FULL|CAT EYE,FEMALE,20690,,,SYS78594,,20690,FREE,SYS78594,VE3347 - Versace - Female - 5435 - 52 - Full Frame - Cat Eye - Sheet,0,1,1,WIDTH_INC,0,2,0,6,0
Hisar Sec 14,NORTH,OMBRA,SUNGLASS,SHEET|FULL|SQUARE,UNISEX,1590,,,SYS166380,,1590,FREE,SYS166380,OB 9872P - OMBRA - Unisex - C6 - 55 - Sunglass - Square - Sheet,0,1,1,WIDTH_INC,0,12,11,9,0
Hisar Sec 14,NORTH,OMBRA,SUNGLASS,SHEET|FULL|RECTANGLE,MALE,1590,,,SYS166361,,1590,FREE,SYS166361,OB 9866P - OMBRA - Male - C1 - 50 - Sunglass - Rectangle - Sheet,0,1,1,WIDTH_INC,0,12,6,9,0
Hisar Sec 14,NORTH,OMBRA,SUNGLASS,SHEET|FULL|SQUARE,MALE,1190,,,SYS166357,,1190,FREE,SYS166357,OB 66528 - OMBRA - Male - C1 - 54 - Sunglass - Square - Sheet,0,1,1,WIDTH_INC,0,10,9,9,0
Indore Sapna Sangeeta Road,NORTH,AVANTA,FRAME,METAL|FULL|SQUARE,MALE,990,,,SYS164810,,990,FREE,SYS164810,AV 7412205 - Avanta - Male - Gold/Blk - 51 - Full Frame - Square - Metal,0,1,1,WIDTH_INC,0,9,0,22,0
Hisar Sec 14,NORTH,OMBRA,SUNGLASS,SHEET|FULL|RECTANGLE,MALE,1390,,,SYS166350,,1390,FREE,SYS166350,OB 66607 - OMBRA - Male - C4 - 54 - Sunglass - Rectangle - Sheet,0,1,1,WIDTH_INC,0,12,9,9,0
Hisar Sec 14,NORTH,OMBRA,SUNGLASS,SHEET|FULL|RECTANGLE,MALE,1390,,,SYS166349,,1390,FREE,SYS166349,OB 66607 - OMBRA - Male - C3 - 54 - Sunglass - Rectangle - Sheet,0,1,1,WIDTH_INC,0,10,9,9,0
Hisar Sec 14,NORTH,OMBRA,SUNGLASS,SHEET|FULL|RECTANGLE,MALE,1390,,,SYS166347,,1390,FREE,SYS166347,OB 66607 - OMBRA - Male - C1 - 54 - Sunglass - Rectangle - Sheet,0,1,1,WIDTH_INC,0,10,9,9,0
Srinagar Baghat Fazili,NORTH,AVANTA,FRAME,TR|FULL|RECTANGLE,MALE,890,,,SYS166801,,890,FREE,SYS166801,AV 270812 - Avanta - Male - Blk/Red - 50 - Full Frame - Rectangle - TR,0,1,1,WIDTH_INC,0,12,0,10,0
Jhunjhunu Indra Nagar,WEST,AVANTA,FRAME,METAL|SUPRA|RECTANGLE,MALE,490,,,SYS147790,,490,FREE,SYS147790,AV 31004 - Avanta - Male - Copper - 48 - Supra - Rectangle - Metal,0,1,1,WIDTH_INC,0,4,3,149,0
Ghaziabad RDC,NORTH,AVANTA,FRAME,METAL|RIMLESS|SQUARE,MALE,890,,,SYS164803,,890,FREE,SYS164803,AV 8005 - Avanta - Male - Gun - 54 - Rimless - Square - Metal,0,1,1,WIDTH_INC,0,1,0,12,0
Jaipur Vaishali Nagar,WEST,AVANTA,FRAME,TR|FULL|RECTANGLE,MALE,790,,,SYS168052,,790,FREE,SYS168052,AV 270805 - Avanta - Male - Black - 52 - Full Frame - Rectangle - TR,0,1,1,WIDTH_INC,0,9,0,10,0
Kolkata AJC Bose Road,EAST,AVANTA,FRAME,TR|FULL|ROUND,UNISEX,790,,,SYS158103,,790,FREE,SYS158103,AV 62054 - Avanta - Unisex - D Green - 49 - Full Frame - Round - TR,0,1,1,WIDTH_INC,0,1,0,17,0
Jhunjhunu Indra Nagar,WEST,AVANTA,FRAME,METAL|SUPRA|RECTANGLE,MALE,490,,,SYS147815,,490,FREE,SYS147815,AV 31004 - Avanta - Male - Gun - 48 - Supra - Rectangle - Metal,0,1,1,WIDTH_INC,0,9,3,149,0
Moradabad Kanth Road,NORTH,AVANTA,FRAME,TR|FULL|RECTANGLE,MALE,790,,,SYS118601,,790,FREE,SYS118601,AV 8021 - Avanta - Male - Black - 50 - Full Frame - Rectangle - TR,0,1,1,WIDTH_INC,0,10,0,20,0
Delhi Dwarka Sec 09,NORTH,MONTBLANC,FRAME,METAL|FULL|SQUARE,MALE,29900,,,SYS166575,,29900,FREE,SYS166575,MB0347O - Montblanc - Male - 005 - 54 - Full Frame - Square - Metal,0,1,1,WIDTH_INC,0,1,0,3,0
Delhi Dwarka Sec 09,NORTH,MONTBLANC,FRAME,SHEET|FULL|SQUARE,MALE,23000,,,SYS166591,,23000,FREE,SYS166591,MB0452O - Montblanc - Male - 001 - 55 - Full Frame - Square - Sheet,0,1,1,WIDTH_INC,0,1,0,3,0
Delhi Dwarka Sec 09,NORTH,MONTBLANC,FRAME,SHEET|FULL|SQUARE,MALE,19900,,,SYS166585,,19900,FREE,SYS166585,MB0433O - Montblanc - Male - 002 - 51 - Full Frame - Square - Sheet,0,1,1,WIDTH_INC,0,1,0,3,0
Delhi Dwarka Sec 09,NORTH,SILHOUETTE,FRAME,TITANIUM|RIMLESS|SQUARE,MALE,31600,,,SYS166602,,31600,FREE,SYS166602,SILH 5566/GV - Silhouette - Male - 9040 - 54 - Rimless - Square - Titanium,0,1,1,WIDTH_INC,0,1,0,4,1
Delhi Dwarka Sec 09,NORTH,SILHOUETTE,FRAME,SHEET|FULL|SQUARE,MALE,35300,,,SYS166596,,35300,FREE,SYS166596,SILH 2963/75 - Silhouette - Male - 9060 - 51 - Full Frame - Square - Sheet,0,1,1,WIDTH_INC,0,1,0,4,1
Delhi Dwarka Sec 09,NORTH,VOGUE,FRAME,METAL|FULL|RECTANGLE,MALE,5590,,,SYS166671,,5590,FREE,SYS166671,VO4354 - Vogue - Male - 280 - 52 - Full Frame - Rectangle - Metal,0,1,1,WIDTH_INC,0,1,0,17,2
Delhi Dwarka Sec 09,NORTH,VOGUE,FRAME,METAL|FULL|RECTANGLE,MALE,5590,,,SYS166672,,5590,FREE,SYS166672,VO4354 - Vogue - Male - 5152 - 52 - Full Frame - Rectangle - Metal,0,1,1,WIDTH_INC,0,2,0,17,2
Delhi Dwarka Sec 09,NORTH,VOGUE,FRAME,SHEET|FULL|SQUARE,MALE,6090,,,SYS166677,,6090,FREE,SYS166677,VO5708 - Vogue - Male - W44 - 49 - Full Frame - Square - Sheet,0,1,1,WIDTH_INC,0,2,0,17,2
Delhi Dwarka Sec 09,NORTH,VOGUE,FRAME,SHEET|FULL|SQUARE,MALE,6090,,,SYS166676,,6090,FREE,SYS166676,VO5708 - Vogue - Male - 3187 - 49 - Full Frame - Square - Sheet,0,1,1,WIDTH_INC,0,2,0,17,2
Hyderabad Hayathnagar,SOUTH,AVANTA,FRAME,SHEET|FULL|CAT EYE,FEMALE,1190,,,SYS158408,,1190,FREE,SYS158408,AV 0072HD - Avanta - Female - Black - 51 - Full Frame - Cat Eye - Sheet,0,1,1,WIDTH_INC,0,55,43,13,0
Hyderabad Hayathnagar,SOUTH,AVANTA,FRAME,SHEET|FULL|RECTANGLE,MALE,1190,,,SYS158381,,1190,FREE,SYS158381,AV 0061 - Avanta - Male - Trans/Grey - 53 - Full Frame - Rectangle - Sheet,0,1,1,WIDTH_INC,0,128,109,13,0
Delhi Dwarka Sec 09,NORTH,AVANTA KIDS,FRAME,TR|FULL|ROUND,KIDS,990,,,SYS120878,,990,FREE,SYS120878,AV TR11532 - Avanta Kids - Kids - MT.Pink - 47 - Full Frame - Round - TR,0,1,1,WIDTH_INC,0,3,0,14,0
Hyderabad Kukatpally Nizampet X Roads,SOUTH,TOMMY HILFIGER,FRAME,SHEET|FULL|RECTANGLE,MALE,7990,,,SYS116880,,7990,FREE,SYS116880,TH 6315 - Tommy Hilfiger - Male - C2 - 53 - Full Frame - Rectangle - Sheet,0,1,1,WIDTH_INC,0,1,0,2,0
Noida GaurCity,NORTH,RAYBAN,FRAME,SHEET|FULL|RECTANGLE,UNISEX,4690,,,SYS12372,,4690,FREE,SYS12372,RX7128II - Rayban - Unisex - 2000 - 53 - Full Frame - Rectangle - Sheet,0,1,1,WIDTH_INC,0,4,0,12,1
Delhi Dwarka Sec 09,NORTH,OMBRA,SUNGLASS,SHEET|FULL|SQUARE,MALE,1190,,,SYS166360,,1190,FREE,SYS166360,OB 66528 - OMBRA - Male - C9 - 54 - Sunglass - Square - Sheet,0,1,1,WIDTH_INC,0,12,3,7,2
Delhi Dwarka Sec 09,NORTH,VOGUE,FRAME,SHEET|FULL|RECTANGLE,FEMALE,5190,,,SYS166320,,5190,FREE,SYS166320,VO5621 - Vogue - Female - W44 - 51 - Full Frame - Rectangle - Sheet,0,1,1,WIDTH_INC,0,1,0,17,2
Delhi Dwarka Sec 09,NORTH,OMBRA,SUNGLASS,SHEET|FULL|RECTANGLE,MALE,1590,,,SYS166510,,1590,FREE,SYS166510,OB 9870P - OMBRA - Male - C4 - 50 - Sunglass - Rectangle - Sheet,0,1,1,WIDTH_INC,0,11,0,7,2
Delhi Dwarka Sec 09,NORTH,OMBRA,SUNGLASS,SHEET|FULL|SQUARE,UNISEX,1590,,,SYS166499,,1590,FREE,SYS166499,OB 9864 - OMBRA - Unisex - C4 - 53 - Sunglass - Square - Sheet,0,1,1,WIDTH_INC,0,12,5,7,2
Hyderabad Banjara Hills,SOUTH,OMBRA,SUNGLASS,SHEET|FULL|SQUARE,MALE,1190,,,SYS166360,,1190,FREE,SYS166360,OB 66528 - OMBRA - Male - C9 - 54 - Sunglass - Square - Sheet,0,1,1,WIDTH_INC,0,12,3,4,0
Hyderabad Banjara Hills,SOUTH,OMBRA,SUNGLASS,SHEET|FULL|RECTANGLE,MALE,1390,,,SYS166351,,1390,FREE,SYS166351,OB 66607 - OMBRA - Male - C6 - 54 - Sunglass - Rectangle - Sheet,0,1,1,WIDTH_INC,0,11,0,4,0
Moradabad Kanth Road,NORTH,AVANTA,FRAME,TR|FULL|CAT EYE,FEMALE,1190,,,SYS164753,,1190,FREE,SYS164753,AV 149005 - Avanta - Female - Demi - 54 - Full Frame - Cat Eye - TR,0,1,1,WIDTH_INC,0,2,0,20,0
Delhi Dwarka Vegas Mall Sec 14,NORTH,RAYBAN,SUNGLASS,SHEET|FULL|WAYFARER,MALE,13290,,,SYS55484,,13290,FREE,SYS55484,RB2140 - Rayban - Male - 902/57 - 50 - Sunglass - Wayfarer - Sheet,0,1,1,WIDTH_INC,0,4,0,3,0
Delhi Dwarka Sec 09,NORTH,OMBRA,SUNGLASS,SHEET|FULL|SQUARE,MALE,1590,,,SYS166473,,1590,FREE,SYS166473,OB 66804 - OMBRA - Male - C2 - 55 - Sunglass - Square - Sheet,0,1,1,WIDTH_INC,0,11,8,7,2
Delhi Dwarka Sec 09,NORTH,OMBRA,SUNGLASS,SHEET|FULL|SQUARE,MALE,1590,,,SYS166471,,1590,FREE,SYS166471,OB 66804 - OMBRA - Male - C1 - 52 - Sunglass - Square - Sheet,0,1,1,WIDTH_INC,0,11,6,7,2
Hyderabad Kukatpally Nizampet X Roads,SOUTH,RAYBAN JUNIOR,FRAME,SHEET|FULL|RECTANGLE,KIDS,5390,,,SYS78172,,5390,FREE,SYS78172,RY1555 - Rayban Junior - Kids - 3945 - 46 - Full Frame - Rectangle - Sheet,0,1,1,WIDTH_INC,0,1,0,6,0
Delhi Dwarka Sec 09,NORTH,RAYBAN,FRAME,SHEET|FULL|CAT EYE,FEMALE,10490,,,SYS166325,,10490,FREE,SYS166325,RX5362 - Rayban - Female - 8178 - 54 - Full Frame - Cat Eye - Sheet,0,1,1,WIDTH_INC,0,2,0,12,0
Delhi Dwarka Sec 09,NORTH,VOGUE,FRAME,SHEET|FULL|CAT EYE,FEMALE,6690,,,SYS166334,,6690,FREE,SYS166334,VO2998 - Vogue - Female - 2762 - 54 - Full Frame - Cat Eye - Sheet,0,1,1,WIDTH_INC,0,1,0,17,2
Delhi Dwarka Vegas Mall Sec 14,NORTH,TOMMY HILFIGER,SUNGLASS,SHEET|FULL|SQUARE,MALE,6990,,,SYS60847,,6990,FREE,SYS60847,TH 1079 - Tommy Hilfiger - Male - C4 - 54 - Clip on - Square - Sheet,0,1,1,WIDTH_INC,0,1,0,4,2
Pune Satara Road Jhamwar Eye,WEST,AVANTA,FRAME,METAL|SUPRA|RECTANGLE,MALE,890,,,SYS167431,,890,FREE,SYS167431,AV 825073 - Avanta - Male - Black - 49 - Supra - Rectangle - Metal,0,1,1,WIDTH_INC,0,12,0,19,0
Guwahati Bhangagarh,NORTH,AVANTA,FRAME,TR|FULL|ROUND,UNISEX,690,,,SYS168634,,690,FREE,SYS168634,AV 701017 - Avanta - Unisex - MT.Blk - 49 - Full Frame - Round - TR,0,1,1,WIDTH_INC,0,12,8,5,0
Noida Spectrum Mall,NORTH,AVANTA KIDS,FRAME,PEDIATRIC|FULL|ROUND,KIDS,1690,,,SYS116806,,1690,FREE,SYS116806,AV BY96000 - Avanta Kids - Kids - C1 - 44 - Full Frame - Round - Pediatric,0,1,1,WIDTH_INC,0,4,0,4,0
Hyderabad Banjara Hills,SOUTH,OMBRA,SUNGLASS,SHEET|FULL|RECTANGLE,MALE,1590,,,SYS166512,,1590,FREE,SYS166512,OB 9870P - OMBRA - Male - C6 - 50 - Sunglass - Rectangle - Sheet,0,1,1,WIDTH_INC,0,11,0,4,0
Noida Spectrum Mall,NORTH,AVANTA,FRAME,SHEET|FULL|CAT EYE,FEMALE,1190,,,SYS158409,,1190,FREE,SYS158409,AV 0072HD - Avanta - Female - Trans/Pink - 51 - Full Frame - Cat Eye - Sheet,0,1,1,WIDTH_INC,0,38,37,15,0
Surat Rander Road,WEST,ADMYRA,FRAME,SHEET|FULL|CAT EYE,FEMALE,2790,,,SYS162316,,2790,FREE,SYS162316,AM 0133 - Admyra - Female - Black - 53 - Full Frame - Cat Eye - Sheet,0,1,1,WIDTH_INC,0,49,19,7,0
Surat Rander Road,WEST,ADMYRA,FRAME,SHEET|FULL|CAT EYE,FEMALE,2790,,,SYS162312,,2790,FREE,SYS162312,AM 0132 - Admyra - Female - D/Brown - 52 - Full Frame - Cat Eye - Sheet,0,1,1,WIDTH_INC,0,50,38,7,0
Surat Rander Road,WEST,ADMYRA,FRAME,SHEET|FULL|CAT EYE,FEMALE,2790,,,SYS162310,,2790,FREE,SYS162310,AM 0131 - Admyra - Female - Trans/Blue - 51 - Full Frame - Cat Eye - Sheet,0,1,1,WIDTH_INC,0,49,19,7,0
Noida Spectrum Mall,NORTH,AVANTA,FRAME,SHEET|FULL|RECTANGLE,MALE,1190,,,SYS158381,,1190,FREE,SYS158381,AV 0061 - Avanta - Male - Trans/Grey - 53 - Full Frame - Rectangle - Sheet,0,1,1,WIDTH_INC,0,128,109,15,0
Noida Spectrum Mall,NORTH,AVANTA,FRAME,SHEET|FULL|SQUARE,MALE,1190,,,SYS158368,,1190,FREE,SYS158368,AV 0064 - Avanta - Male - Black - 54 - Full Frame - Square - Sheet,0,1,1,WIDTH_INC,0,170,140,15,0
Ajmer Ramganj,WEST,ADMYRA,FRAME,SHEET|FULL|CAT EYE,FEMALE,2790,,,SYS162316,,2790,FREE,SYS162316,AM 0133 - Admyra - Female - Black - 53 - Full Frame - Cat Eye - Sheet,0,1,1,WIDTH_INC,0,49,19,5,1
Ajmer Ramganj,WEST,ADMYRA,FRAME,SHEET|FULL|CAT EYE,FEMALE,2790,,,SYS162310,,2790,FREE,SYS162310,AM 0131 - Admyra - Female - Trans/Blue - 51 - Full Frame - Cat Eye - Sheet,0,1,1,WIDTH_INC,0,49,19,5,1
Noida Spectrum Mall,NORTH,AVANTA,FRAME,SHEET|FULL|ROUND,UNISEX,1190,,,SYS158417,,1190,FREE,SYS158417,AV 0068HD - Avanta - Unisex - Trans/Purple - 48 - Full Frame - Round - Sheet,0,1,1,WIDTH_INC,0,55,39,15,0
Hyderabad Banjara Hills,SOUTH,OMBRA,SUNGLASS,SHEET|FULL|RECTANGLE,MALE,1190,,,SYS166385,,1190,FREE,SYS166385,OB 98201P - OMBRA - Male - C2 - 53 - Sunglass - Rectangle - Sheet,0,1,1,WIDTH_INC,0,10,0,4,0
Delhi Pitampura,NORTH,STEPPER,FRAME,TITANIUM|FULL|SQUARE,MALE,12100,,,SYS92206,,12100,FREE,SYS92206,SI/60232 - Stepper - Male - F112 - 51 - Full Frame - Square - Titanium,0,1,1,WIDTH_INC,0,4,0,5,0
Delhi Dwarka Sec 09,NORTH,STEPPER,FRAME,SHEET|FULL|SQUARE,MALE,7920,,,SYS166215,,7920,FREE,SYS166215,SI/20135 - Stepper - Male - F920 - 52 - Full Frame - Square - Sheet,0,1,1,WIDTH_INC,0,1,0,4,0
Noida GaurCity,NORTH,AVANTA,FRAME,TR|FULL|RECTANGLE,MALE,890,,,SYS166801,,890,FREE,SYS166801,AV 270812 - Avanta - Male - Blk/Red - 50 - Full Frame - Rectangle - TR,0,1,1,WIDTH_INC,0,12,0,7,0
Faridabad Sec 16A,NORTH,AVANTA,FRAME,SHEET|FULL|RECTANGLE,MALE,1190,,,SYS158378,,1190,FREE,SYS158378,AV 0061 - Avanta - Male - Black - 53 - Full Frame - Rectangle - Sheet,0,1,1,WIDTH_INC,0,143,113,23,0
Faridabad Sec 16A,NORTH,AVANTA,FRAME,SHEET|FULL|SQUARE,MALE,1190,,,SYS158368,,1190,FREE,SYS158368,AV 0064 - Avanta - Male - Black - 54 - Full Frame - Square - Sheet,0,1,1,WIDTH_INC,0,170,140,23,0
Delhi Dwarka Vegas Mall Sec 14,NORTH,VOGUE,SUNGLASS,METAL|FULL|AVIATOR,MALE,3590,,,SYS56172,,3590,FREE,SYS56172,VO3991SI - Vogue - Male - 352/11 - 58 - Sunglass - Aviator - Metal,0,1,1,WIDTH_INC,0,1,0,3,0
Kolkata AJC Bose Road,EAST,ADMYRA,FRAME,METAL|FULL|HEXAGON,FEMALE,2190,,,SYS107550,,2190,FREE,SYS107550,AM YX04 - Admyra - Female - C2 - 49 - Full Frame - Hexagon - Metal,0,1,1,WIDTH_INC,0,1,0,20,8
Pune Satara Road Jhamwar Eye,WEST,AVANTA,FRAME,METAL|FULL|ROUND,FEMALE,990,,,SYS167574,,990,FREE,SYS167574,AV 253004 - Avanta - Female - Copper - 51 - Full Frame - Round - Metal,0,1,1,WIDTH_INC,0,6,2,19,0
Patiala Randhawa Eye,NORTH,AVANTA,FRAME,TR|FULL|RECTANGLE,MALE,790,,,SYS118601,,790,FREE,SYS118601,AV 8021 - Avanta - Male - Black - 50 - Full Frame - Rectangle - TR,0,1,1,WIDTH_INC,0,10,0,29,0
Faridabad Sec 16A,NORTH,AVANTA,FRAME,SHEET|FULL|ROUND,UNISEX,1190,,,SYS158415,,1190,FREE,SYS158415,AV 0068HD - Avanta - Unisex - Transparent - 48 - Full Frame - Round - Sheet,0,1,1,WIDTH_INC,0,64,59,23,0
Pune Satara Road Jhamwar Eye,WEST,AVANTA,FRAME,METAL|FULL|CAT EYE,FEMALE,1090,,,SYS167551,,1090,FREE,SYS167551,AV 220188 - Avanta - Female - Gold - 54 - Full Frame - Cat Eye - Metal,0,1,1,WIDTH_INC,0,7,0,19,0
Delhi Dwarka Sec 09,NORTH,RAYBAN,FRAME,SHEET|FULL|SQUARE,MALE,5990,,,SYS166229,,5990,FREE,SYS166229,RX7267I - Rayban - Male - 8500 - 54 - Full Frame - Square - Sheet,0,1,1,WIDTH_INC,0,2,0,12,0
Delhi Safdarjung Enclave,NORTH,EMPORIO ARMANI,FRAME,SHEET|FULL|WAYFARER,MALE,14590,,,SYS56564,,14590,FREE,SYS56564,EA4115 - Emporio Armani - Male - 57591W - 54 - Full Frame - Wayfarer - Sheet,0,1,1,WIDTH_INC,0,2,0,2,0
Delhi Dwarka Vegas Mall Sec 14,NORTH,AVANTA,FRAME,TR|FULL|SQUARE,MALE,990,,,SYS165095,,990,FREE,SYS165095,AV 202533 - Avanta - Male - MT.Green - 52 - Full Frame - Square - TR,0,1,1,WIDTH_INC,0,9,0,4,0
Delhi Dwarka Sec 09,NORTH,TOMMY HILFIGER,FRAME,SHEET|FULL|RECTANGLE,MALE,5990,,,SYS165728,,5990,FREE,SYS165728,TH 1098K - Tommy Hilfiger - Male - C1 - 51 - Full Frame - Rectangle - Sheet,0,1,1,WIDTH_INC,0,1,0,9,0
Delhi Dwarka Sec 09,NORTH,TOMMY HILFIGER,FRAME,SHEET|FULL|RECTANGLE,MALE,7990,,,SYS165741,,7990,FREE,SYS165741,TH 4430 - Tommy Hilfiger - Male - C2 - 55 - Full Frame - Rectangle - Sheet,0,1,1,WIDTH_INC,0,1,0,9,0
Patna RPS Mod,NORTH,AVANTA,FRAME,TR|FULL|RECTANGLE,MALE,890,,,SYS166801,,890,FREE,SYS166801,AV 270812 - Avanta - Male - Blk/Red - 50 - Full Frame - Rectangle - TR,0,1,1,WIDTH_INC,0,12,0,24,0
Delhi Safdarjung Enclave,NORTH,RAYBAN,SUNGLASS,SHEET|FULL|WAYFARER,MALE,13290,,,SYS55484,,13290,FREE,SYS55484,RB2140 - Rayban - Male - 902/57 - 50 - Sunglass - Wayfarer - Sheet,0,1,1,WIDTH_INC,0,4,0,4,0
Jaipur Vaishali Nagar,WEST,AVANTA,FRAME,TR|FULL|RECTANGLE,MALE,990,,,SYS166965,,990,FREE,SYS166965,AV 50043 - Avanta - Male - C2 - 51 - Full Frame - Rectangle - TR,0,1,1,WIDTH_INC,0,9,1,10,0
Kharghar Laxmi Eye,WEST,ADMYRA,FRAME,SHEET|FULL|RECTANGLE,MALE,2490,,,SYS67856,,2490,FREE,SYS67856,AM 039 - Admyra - Male - Black - 51 - Full Frame - Rectangle - Sheet,0,1,1,WIDTH_INC,0,103,53,1,0
Noida Sec 50,NORTH,AVANTA KIDS,FRAME,PEDIATRIC|FULL|SQUARE,KIDS,1690,,,SYS116793,,1690,FREE,SYS116793,AV BY96010 - Avanta Kids - Kids - C6 - 46 - Full Frame - Square - Pediatric,0,1,1,WIDTH_INC,0,2,0,4,0
Gurgaon Dhanak Basti New Railway Road,NORTH,AVANTA,FRAME,SHEET|FULL|RECTANGLE,MALE,1190,,,SYS158382,,1190,FREE,SYS158382,AV 0061 - Avanta - Male - D/Green - 53 - Full Frame - Rectangle - Sheet,0,1,1,WIDTH_INC,0,110,106,17,0
Gurgaon Dhanak Basti New Railway Road,NORTH,AVANTA,FRAME,SHEET|FULL|SQUARE,MALE,1190,,,SYS158368,,1190,FREE,SYS158368,AV 0064 - Avanta - Male - Black - 54 - Full Frame - Square - Sheet,0,1,1,WIDTH_INC,0,170,140,17,0
Gurgaon Dhanak Basti New Railway Road,NORTH,AVANTA,FRAME,SHEET|FULL|CAT EYE,FEMALE,1190,,,SYS158408,,1190,FREE,SYS158408,AV 0072HD - Avanta - Female - Black - 51 - Full Frame - Cat Eye - Sheet,0,1,1,WIDTH_INC,0,55,43,17,0
Gurgaon Dhanak Basti New Railway Road,NORTH,AVANTA,FRAME,SHEET|FULL|ROUND,UNISEX,1190,,,SYS158417,,1190,FREE,SYS158417,AV 0068HD - Avanta - Unisex - Trans/Purple - 48 - Full Frame - Round - Sheet,0,1,1,WIDTH_INC,0,55,39,17,0
Delhi Dwarka Sec 09,NORTH,CALVIN KLEIN,FRAME,SHEET|FULL|CAT EYE,FEMALE,9190,,,SYS165841,,9190,FREE,SYS165841,CKJ 25636I - Calvin Klein - Female - 214 - 50 - Full Frame - Cat Eye - Sheet,0,1,1,WIDTH_INC,0,2,1,3,1
Delhi Dwarka Sec 09,NORTH,CALVIN KLEIN,FRAME,SHEET|FULL|RECTANGLE,MALE,9190,,,SYS165839,,9190,FREE,SYS165839,CKJ 25633I - Calvin Klein - Male - 415 - 55 - Full Frame - Rectangle - Sheet,0,1,1,WIDTH_INC,0,2,0,3,1
Delhi Dwarka Sec 09,NORTH,TOMMY HILFIGER,FRAME,SHEET|FULL|SQUARE,MALE,8090,,,SYS165779,,8090,FREE,SYS165779,TH 6385 - Tommy Hilfiger - Male - C1 - 54 - Full Frame - Square - Sheet,0,1,1,WIDTH_INC,0,1,0,9,0
Noida Sec 50,NORTH,AVANTA,FRAME,SHEET|FULL|RECTANGLE,MALE,1190,,,SYS158378,,1190,FREE,SYS158378,AV 0061 - Avanta - Male - Black - 53 - Full Frame - Rectangle - Sheet,0,1,1,WIDTH_INC,0,143,113,1,0
Varanasi Mahmoorganj,NORTH,AVANTA KIDS,FRAME,PEDIATRIC|FULL|RECTANGLE,KIDS,1690,,,SYS115062,,1690,FREE,SYS115062,AV TR819 - Avanta Kids - kids - C1 - 45 - Full Frame - Rectangle - Pediatric,0,1,1,WIDTH_INC,0,6,0,3,0
Patna RPS Mod,NORTH,AVANTA,FRAME,TR|FULL|CAT EYE,FEMALE,890,,,SYS168095,,890,FREE,SYS168095,AV 8025 - Avanta - Female - Black - 47 - Full Frame - Cat Eye - TR,0,1,1,WIDTH_INC,0,9,0,24,0
Patna RPS Mod,NORTH,AVANTA,FRAME,TR|FULL|RECTANGLE,MALE,690,,,SYS168016,,690,FREE,SYS168016,AV T018 - Avanta - Male - Black - 51 - Full Frame - Rectangle - TR,0,1,1,WIDTH_INC,0,8,0,24,0
Delhi Rohini Ring Road Mall,NORTH,AVANTA,FRAME,METAL|SUPRA|RECTANGLE,MALE,890,,,SYS167431,,890,FREE,SYS167431,AV 825073 - Avanta - Male - Black - 49 - Supra - Rectangle - Metal,0,1,1,WIDTH_INC,0,12,0,11,0
LAJPAT NAGAR,NORTH,RAYBAN,SUNGLASS,SHEET|FULL|RECTANGLE,UNISEX,7990,,,SYS115087,,7990,FREE,SYS115087,RB4442I - Rayban - Unisex - 710/13 - 57 - Sunglass - Full SG - Rectangle - Sheet,0,1,1,WIDTH_INC,0,2,1,1,0
Patiala Randhawa Eye,NORTH,AVANTA,FRAME,METAL|FULL|SQUARE,MALE,990,,,SYS164810,,990,FREE,SYS164810,AV 7412205 - Avanta - Male - Gold/Blk - 51 - Full Frame - Square - Metal,0,1,1,WIDTH_INC,0,9,0,29,0
Patna RPS Mod,NORTH,AVANTA,FRAME,TR|FULL|CAT EYE,FEMALE,990,,,SYS168001,,990,FREE,SYS168001,AV 9952213 - Avanta - Female - Trans/Purple - 51 - Full Frame - Cat Eye - TR,0,1,1,WIDTH_INC,0,6,0,24,0
Guwahati Rukminigaon TRC,EAST,AVANTA,FRAME,SHEET|FULL|SQUARE,MALE,1190,,,SYS162649,,1190,FREE,SYS162649,AV 0063 - Avanta - Male - Trans/Grey - 51 - Full Frame - Square - Sheet,0,1,1,WIDTH_INC,0,267,247,6,0
Gurgaon Dhanak Basti New Railway Road,NORTH,AVANTA,FRAME,METAL|HALF|RECTANGLE,FEMALE,1190,,,SYS159082,,1190,FREE,SYS159082,AV JP244103 - Avanta - Female - Purple - 51 - Half Frame - Rectangle - Metal,0,1,1,WIDTH_INC,0,1,0,17,0
Patiala Randhawa Eye,NORTH,AVANTA,FRAME,METAL|FULL|AVIATOR,MALE,1190,,,SYS164716,,1190,FREE,SYS164716,AV PB001 - Avanta - Male - Gold - 56 - Full Frame - Aviator - Metal,0,1,1,WIDTH_INC,0,12,10,29,0
Indore Vijay Nagar,NORTH,OMBRA,SUNGLASS,SHEET|FULL|RECTANGLE,MALE,1590,,,SYS166547,,1590,FREE,SYS166547,OB TSM3351 - OMBRA - Male - C1 - 50 - Sunglass - Rectangle - Sheet,0,1,1,WIDTH_INC,0,11,1,4,1
Sikar Police Line Road I Max,WEST,AVANTA,FRAME,METAL|FULL|RECTANGLE,MALE,790,,,SYS168380,,790,FREE,SYS168380,AV ZXA42009 - Avanta - Male - Gun - 49 - Full Frame - Rectangle - Metal,0,1,1,WIDTH_INC,0,24,6,29,0
Patna Kankarbagh,NORTH,EMPORIO ARMANI,FRAME,SHEET|FULL|CAT EYE,FEMALE,11590,,,SYS168923,,11590,FREE,SYS168923,EA3099 - Emporio Armani - Female - 6364 - 54 - Full Frame - Cat Eye - Sheet,0,1,1,WIDTH_INC,0,2,1,5,2
Ghaziabad RDC,NORTH,RAYBAN,FRAME,METAL|FULL|HEXAGON,MALE,8890,,,SYS61368,,8890,FREE,SYS61368,RX3694V - Rayban - Male - 2501 - 51 - Full Frame - Hexagon - Metal,0,1,1,WIDTH_INC,0,1,0,9,5
Delhi Safdarjung Enclave,NORTH,RAYBAN,FRAME,METAL|RIMLESS|RECTANGLE,MALE,6190,,,SYS152600,,6190,FREE,SYS152600,RX6488I - Rayban - Male - 2502 - 53 - Rimless - Rectangle - Metal,0,1,1,WIDTH_INC,0,2,0,10,0
Delhi Safdarjung Enclave,NORTH,PRADA,FRAME,SHEET|FULL|CAT EYE,FEMALE,19890,,,SYS152634,,19890,FREE,SYS152634,PR 15ZV - Prada - Female - 1AB1O1 - 53 - Full Frame - Cat Eye - Sheet,0,1,1,WIDTH_INC,0,1,0,2,0
Jammu BC Road Rehari Chungi,NORTH,AVANTA KIDS,FRAME,PEDIATRIC|FULL|RECTANGLE,KIDS,1390,,,SYS167698,,1390,FREE,SYS167698,AV TR707 - Avanta Kids - Kids - C1 - 38 - Full Frame - Rectangle - Pediatric,0,1,1,WIDTH_INC,0,6,5,10,0
Jammu BC Road Rehari Chungi,NORTH,AVANTA KIDS,FRAME,TR|FULL|SQUARE,KIDS,1090,,,SYS167676,,1090,FREE,SYS167676,AV 77072 - Avanta Kids - Kids - Black - 45 - Clip on - Square - TR,0,1,1,WIDTH_INC,0,8,0,10,0
Karnal Model Town,NORTH,ADMYRA,FRAME,SHEET|FULL|SQUARE,MALE,2490,,,SYS67555,,2490,FREE,SYS67555,AM 001 - Admyra - Male - Black - 53 - Full Frame - Square - Sheet,0,1,1,WIDTH_INC,0,132,84,5,0
Karnal Model Town,NORTH,ADMYRA,FRAME,SHEET|FULL|SQUARE,MALE,2490,,,SYS67557,,2490,FREE,SYS67557,AM 001 - Admyra - Male - D/Grey - 53 - Full Frame - Square - Sheet,0,1,1,WIDTH_INC,0,72,40,5,0
Indore Vijay Nagar,NORTH,OMBRA,SUNGLASS,SHEET|FULL|RECTANGLE,MALE,1190,,,SYS166385,,1190,FREE,SYS166385,OB 98201P - OMBRA - Male - C2 - 53 - Sunglass - Rectangle - Sheet,0,1,1,WIDTH_INC,0,10,0,4,1
Indore Vijay Nagar,NORTH,OMBRA,SUNGLASS,SHEET|FULL|ROUND,UNISEX,1590,,,SYS166446,,1590,FREE,SYS166446,OB 6215P - OMBRA - Unisex - C2 - 49 - Sunglass - Round - Sheet,0,1,1,WIDTH_INC,0,9,8,4,1
Patna RPS Mod,NORTH,AVANTA,FRAME,TR|FULL|RECTANGLE,MALE,990,,,SYS166952,,990,FREE,SYS166952,AV 50046 - Avanta - Male - C3 - 50 - Full Frame - Rectangle - TR,0,1,1,WIDTH_INC,0,10,0,24,0
Delhi Rohini Ring Road Mall,NORTH,RAYBAN,FRAME,METAL|FULL|RECTANGLE,MALE,9290,,,SYS166667,,9290,FREE,SYS166667,RX6579 - Rayban - Male - 2502 - 56 - Full Frame - Rectangle - Metal,0,1,1,WIDTH_INC,0,1,0,5,1
Delhi Rohini Ring Road Mall,NORTH,RAYBAN,FRAME,SHEET|FULL|SQUARE,MALE,6290,,,SYS166666,,6290,FREE,SYS166666,RX5452I - Rayban - Male - 8449 - 53 - Full Frame - Square - Sheet,0,1,1,WIDTH_INC,0,2,0,5,1
Mohali Sector 62,NORTH,ADMYRA,FRAME,SHEET|FULL|SQUARE,MALE,2490,,,SYS67555,,2490,FREE,SYS67555,AM 001 - Admyra - Male - Black - 53 - Full Frame - Square - Sheet,0,1,1,WIDTH_INC,0,132,84,5,2
Nashik Navkar Eye,WEST,AVANTA,FRAME,METAL|FULL|RECTANGLE,MALE,790,,,SYS168401,,790,FREE,SYS168401,AV ZXA42008 - Avanta - Male - Gun - 50 - Full Frame - Rectangle - Metal,0,1,1,WIDTH_INC,0,24,13,12,0
Nashik Navkar Eye,WEST,AVANTA,FRAME,METAL|SUPRA|RECTANGLE,MALE,790,,,SYS168387,,790,FREE,SYS168387,AV ZXA42005 - Avanta - Male - Gun - 49 - Supra - Rectangle - Metal,0,1,1,WIDTH_INC,0,24,10,12,0
Sikar Police Line Road I Max,WEST,AVANTA,FRAME,SHEET|FULL|SQUARE,FEMALE,1290,,,SYS168768,,1290,FREE,SYS168768,AV 9773 - Avanta - Female - C1 - 52 - Full Frame - Square - Sheet,0,1,1,WIDTH_INC,0,8,0,29,0
Sikar Police Line Road I Max,WEST,AVANTA,FRAME,METAL|FULL|SQUARE,MALE,790,,,SYS168775,,790,FREE,SYS168775,AV 8253205 - Avanta - Male - Gun - 48 - Full Frame - Square - Metal,0,1,1,WIDTH_INC,0,11,0,29,0
Jhunjhunu Indra Nagar,WEST,AVANTA,FRAME,METAL|FULL|OVAL,UNISEX,1090,,,SYS148169,,1090,FREE,SYS148169,AV 18502 - Avanta - Unisex - Black - 49 - Full Frame - Oval - Metal,0,1,1,WIDTH_INC,0,1,0,149,0
Gurgaon Sector 51 M2K,NORTH,AVANTA,FRAME,TR|FULL|SQUARE,MALE,990,,,SYS165095,,990,FREE,SYS165095,AV 202533 - Avanta - Male - MT.Green - 52 - Full Frame - Square - TR,0,1,1,WIDTH_INC,0,9,0,5,0
Jabalpur Napier Town,SOUTH,AVANTA,FRAME,TR|FULL|RECTANGLE,MALE,590,,,SYS143453,,590,FREE,SYS143453,AV 81663 - Avanta - Male - Black - 54 - Full Frame - Rectangle - TR,0,1,1,WIDTH_INC,0,1,0,59,0
Jhunjhunu Indra Nagar,WEST,AVANTA,FRAME,METAL|SUPRA|RECTANGLE,MALE,490,,,SYS147793,,490,FREE,SYS147793,AV 31004 - Avanta - Male - Burgundy - 48 - Supra - Rectangle - Metal,0,1,1,WIDTH_INC,0,4,2,149,0
Jammu BC Road Rehari Chungi,NORTH,AVANTA KIDS,FRAME,TR|FULL|RECTANGLE,KIDS,790,,,SYS167619,,790,FREE,SYS167619,AV TR11521 - Avanta Kids - Kids - Blue - 47 - Full Frame - Rectangle - TR,0,1,1,WIDTH_INC,0,6,0,10,0
Srinagar Baghat Fazili,NORTH,AVANTA,FRAME,TR|FULL|SQUARE,UNISEX,990,,,SYS167958,,990,FREE,SYS167958,AV 9952202 - Avanta - Unisex - Trans/Grey - 52 - Full Frame - Square - TR,0,1,1,WIDTH_INC,0,16,3,10,0
Delhi Safdarjung Enclave,NORTH,RAYBAN,SUNGLASS,SHEET|FULL|WAYFARER,UNISEX,12490,,,SYS152687,,12490,FREE,SYS152687,RB0840S - Rayban - Unisex - 902/56 - 51 - Sunglass - Wayfarer - Sheet,0,1,1,WIDTH_INC,0,2,0,4,0
Jodhpur Sardarpura,WEST,ADMYRA,FRAME,SHEET|FULL|SQUARE,MALE,2190,,,SYS142673,,2190,FREE,SYS142673,AM 109 - Admyra - Male - Black - 53 - Full Frame - Square - Sheet,0,1,1,WIDTH_INC,0,16,15,2,0
Rewari Sector 5,NORTH,AVANTA,FRAME,METAL|SUPRA|RECTANGLE,MALE,490,,,SYS160681,,490,FREE,SYS160681,AV 31010 - Avanta - Male - Gun - 51 - Supra - Rectangle - Metal,0,1,1,WIDTH_INC,0,10,0,39,0
Karnal Model Town,NORTH,ADMYRA,FRAME,SHEET|FULL|RECTANGLE,MALE,2490,,,SYS67856,,2490,FREE,SYS67856,AM 039 - Admyra - Male - Black - 51 - Full Frame - Rectangle - Sheet,0,1,1,WIDTH_INC,0,103,53,5,0
Jabalpur Napier Town,SOUTH,AVANTA,FRAME,SHEET|FULL|RECTANGLE,MALE,1390,,,SYS142649,,1390,FREE,SYS142649,AV 0057 - Avanta - Male - Grey - 52 - Full Frame - Rectangle - Sheet,0,1,1,WIDTH_INC,0,1,0,59,0
Sikar Police Line Road I Max,WEST,AVANTA,FRAME,TR|FULL|ROUND,UNISEX,790,,,SYS168531,,790,FREE,SYS168531,AV 270814 - Avanta - Unisex - Maroon - 48 - Full Frame - Round - TR,0,1,1,WIDTH_INC,0,3,0,29,0
Sikar Police Line Road I Max,WEST,AVANTA,FRAME,METAL|SUPRA|RECTANGLE,MALE,990,,,SYS168555,,990,FREE,SYS168555,AV 8825712 - Avanta - Male - Gun - 52 - Supra - Rectangle - Metal,0,1,1,WIDTH_INC,0,15,0,29,0
Sikar Police Line Road I Max,WEST,AVANTA,FRAME,METAL|SUPRA|RECTANGLE,MALE,790,,,SYS168394,,790,FREE,SYS168394,AV ZXA42003 - Avanta - Male - Gun - 48 - Supra - Rectangle - Metal,0,1,1,WIDTH_INC,0,24,0,29,0
Sikar Police Line Road I Max,WEST,AVANTA,FRAME,METAL|FULL|RECTANGLE,MALE,790,,,SYS168401,,790,FREE,SYS168401,AV ZXA42008 - Avanta - Male - Gun - 50 - Full Frame - Rectangle - Metal,0,1,1,WIDTH_INC,0,24,13,29,0
Rewari Sector 5,NORTH,AVANTA,FRAME,METAL|HALF|RECTANGLE,MALE,1190,,,SYS160626,,1190,FREE,SYS160626,AV 222561 - Avanta - Male - C1 - 52 - Half Frame - Rectangle - Metal,0,1,1,WIDTH_INC,0,2,0,39,0
Delhi Rajouri Garden,NORTH,ADMYRA,FRAME,TR|FULL|SQUARE,MALE,2190,,,SYS163979,,2190,FREE,SYS163979,AM 9907 - Admyra - Male - C1 - 53 - Full Frame - Square - TR,0,1,1,WIDTH_INC,0,12,0,10,0
Jammu BC Road Rehari Chungi,NORTH,AVANTA,FRAME,METAL|SUPRA|RECTANGLE,MALE,890,,,SYS167431,,890,FREE,SYS167431,AV 825073 - Avanta - Male - Black - 49 - Supra - Rectangle - Metal,0,1,1,WIDTH_INC,0,12,0,15,0
Ghaziabad RDC,NORTH,EMPORIO ARMANI,SUNGLASS,METAL|FULL|SQUARE,MALE,19490,,,SYS78556,,19490,FREE,SYS78556,EA2150 - Emporio Armani - Male - 30154V - 57 - Sunglass - Square - Metal,0,1,1,WIDTH_INC,0,3,2,5,0
Jaipur Vaishali Nagar,WEST,AVANTA,FRAME,METAL|FULL|SQUARE,MALE,1390,,,SYS167365,,1390,FREE,SYS167365,AV 99307 - Avanta - Male - C1 - 51 - Full Frame - Square - Metal,0,1,1,WIDTH_INC,0,3,2,10,0
Patna RPS Mod,NORTH,AVANTA KIDS,FRAME,TR|FULL|ROUND,KIDS,790,,,SYS168310,,790,FREE,SYS168310,AV 95008 - Avanta Kids - Kids - Blue - 43 - Full Frame - Round - TR,0,1,1,WIDTH_INC,0,6,2,2,0
Patna RPS Mod,NORTH,AVANTA KIDS,FRAME,TR|FULL|ROUND,KIDS,790,,,SYS168313,,790,FREE,SYS168313,AV 95008 - Avanta Kids - Kids - Purple - 43 - Full Frame - Round - TR,0,1,1,WIDTH_INC,0,6,0,2,0
Jammu BC Road Rehari Chungi,NORTH,AVANTA,FRAME,TR|FULL|ROUND,UNISEX,990,,,SYS167143,,990,FREE,SYS167143,AV 250983 - Avanta - Unisex - C4 - 46 - Full Frame - Round - TR,0,1,1,WIDTH_INC,0,9,0,15,0
Jabalpur Napier Town,SOUTH,AVANTA,FRAME,TR|FULL|ROUND,UNISEX,690,,,SYS168634,,690,FREE,SYS168634,AV 701017 - Avanta - Unisex - MT.Blk - 49 - Full Frame - Round - TR,0,1,1,WIDTH_INC,0,12,8,59,0
Jabalpur Napier Town,SOUTH,AVANTA,FRAME,TR|FULL|SQUARE,MALE,690,,,SYS168626,,690,FREE,SYS168626,AV 701015 - Avanta - Male - MT.Blk - 53 - Full Frame - Square - TR,0,1,1,WIDTH_INC,0,18,10,59,0
Jabalpur Napier Town,SOUTH,AVANTA,FRAME,TR|FULL|ROUND,UNISEX,690,,,SYS168636,,690,FREE,SYS168636,AV 701017 - Avanta - Unisex - Blue - 49 - Full Frame - Round - TR,0,1,1,WIDTH_INC,0,7,5,59,0
Jabalpur Napier Town,SOUTH,AVANTA,FRAME,METAL|FULL|SQUARE,MALE,1090,,,SYS168613,,1090,FREE,SYS168613,AV 66003 - Avanta - Male - Gold - 53 - Full Frame - Square - Metal,0,1,1,WIDTH_INC,0,15,9,59,0
Rewari Sector 5,NORTH,AVANTA,FRAME,METAL|FULL|RECTANGLE,MALE,1190,,,SYS160402,,1190,FREE,SYS160402,AV T03013 - Avanta - Male - Silver/Grey - 53 - Full Frame - Rectangle - Metal,0,1,1,WIDTH_INC,0,3,0,39,0
Jabalpur Napier Town,SOUTH,AVANTA,FRAME,TR|FULL|RECTANGLE,FEMALE,890,,,SYS168523,,890,FREE,SYS168523,AV 87009 - Avanta - Female - Black - 50 - Full Frame - Rectangle - TR,0,1,1,WIDTH_INC,0,7,0,59,0
Jabalpur Napier Town,SOUTH,AVANTA,FRAME,TR|FULL|CAT EYE,FEMALE,890,,,SYS168493,,890,FREE,SYS168493,AV 87003 - Avanta - Female - Blue - 49 - Full Frame - Cat Eye - TR,0,1,1,WIDTH_INC,0,6,5,59,0
Jabalpur Napier Town,SOUTH,AVANTA,FRAME,TR|FULL|CAT EYE,FEMALE,890,,,SYS168494,,890,FREE,SYS168494,AV 87003 - Avanta - Female - MT.Grey - 49 - Full Frame - Cat Eye - TR,0,1,1,WIDTH_INC,0,6,5,59,0
Jabalpur Napier Town,SOUTH,AVANTA,FRAME,TR|FULL|CAT EYE,FEMALE,890,,,SYS168492,,890,FREE,SYS168492,AV 87003 - Avanta - Female - MT.Blk - 49 - Full Frame - Cat Eye - TR,0,1,1,WIDTH_INC,0,7,5,59,0
Jabalpur Napier Town,SOUTH,AVANTA,FRAME,METAL|SUPRA|RECTANGLE,MALE,990,,,SYS168568,,990,FREE,SYS168568,AV 8825711 - Avanta - Male - Gun - 52 - Supra - Rectangle - Metal,0,1,1,WIDTH_INC,0,15,9,59,0
Jabalpur Napier Town,SOUTH,AVANTA,FRAME,METAL|FULL|RECTANGLE,MALE,990,,,SYS168562,,990,FREE,SYS168562,AV 8825715 - Avanta - Male - Gun - 52 - Full Frame - Rectangle - Metal,0,1,1,WIDTH_INC,0,5,4,59,0
Jabalpur Napier Town,SOUTH,AVANTA,FRAME,METAL|SUPRA|RECTANGLE,MALE,790,,,SYS168388,,790,FREE,SYS168388,AV ZXA42005 - Avanta - Male - Black - 49 - Supra - Rectangle - Metal,0,1,1,WIDTH_INC,0,13,10,59,0
Jabalpur Napier Town,SOUTH,AVANTA,FRAME,METAL|FULL|RECTANGLE,MALE,790,,,SYS168401,,790,FREE,SYS168401,AV ZXA42008 - Avanta - Male - Gun - 50 - Full Frame - Rectangle - Metal,0,1,1,WIDTH_INC,0,24,13,59,0
Jabalpur Napier Town,SOUTH,AVANTA,FRAME,METAL|SUPRA|RECTANGLE,MALE,790,,,SYS168394,,790,FREE,SYS168394,AV ZXA42003 - Avanta - Male - Gun - 48 - Supra - Rectangle - Metal,0,1,1,WIDTH_INC,0,24,0,59,0
Jhunjhunu Indra Nagar,WEST,AVANTA,FRAME,METAL|FULL|OVAL,UNISEX,1090,,,SYS147467,,1090,FREE,SYS147467,AV 18514 - Avanta - Unisex - Black - 51 - Full Frame - Oval - Metal,0,1,1,WIDTH_INC,0,1,0,149,0
Rewari Sector 5,NORTH,ADMYRA,FRAME,SHEET|FULL|CAT EYE,FEMALE,2790,,,SYS162319,,2790,FREE,SYS162319,AM 0133 - Admyra - Female - Trans/Green - 53 - Full Frame - Cat Eye - Sheet,0,1,1,WIDTH_INC,0,44,39,28,16
Rewari Sector 5,NORTH,ADMYRA,FRAME,SHEET|FULL|CAT EYE,FEMALE,2790,,,SYS162309,,2790,FREE,SYS162309,AM 0131 - Admyra - Female - D/Green - 51 - Full Frame - Cat Eye - Sheet,0,1,1,WIDTH_INC,0,50,38,28,16
Rewari Sector 5,NORTH,ADMYRA,FRAME,SHEET|FULL|CAT EYE,FEMALE,2790,,,SYS162316,,2790,FREE,SYS162316,AM 0133 - Admyra - Female - Black - 53 - Full Frame - Cat Eye - Sheet,0,1,1,WIDTH_INC,0,49,19,28,16
Rewari Sector 5,NORTH,ADMYRA,FRAME,SHEET|FULL|CAT EYE,FEMALE,2790,,,SYS162312,,2790,FREE,SYS162312,AM 0132 - Admyra - Female - D/Brown - 52 - Full Frame - Cat Eye - Sheet,0,1,1,WIDTH_INC,0,50,38,28,16
Rewari Sector 5,NORTH,ADMYRA,FRAME,SHEET|FULL|CAT EYE,FEMALE,2790,,,SYS162310,,2790,FREE,SYS162310,AM 0131 - Admyra - Female - Trans/Blue - 51 - Full Frame - Cat Eye - Sheet,0,1,1,WIDTH_INC,0,49,19,28,16
Rewari Sector 5,NORTH,ADMYRA,FRAME,SHEET|FULL|CAT EYE,FEMALE,2790,,,SYS162311,,2790,FREE,SYS162311,AM 0132 - Admyra - Female - Black - 52 - Full Frame - Cat Eye - Sheet,0,1,1,WIDTH_INC,0,44,41,28,16
Jabalpur Napier Town,SOUTH,AVANTA,FRAME,METAL|FULL|RECTANGLE,MALE,790,,,SYS168380,,790,FREE,SYS168380,AV ZXA42009 - Avanta - Male - Gun - 49 - Full Frame - Rectangle - Metal,0,1,1,WIDTH_INC,0,24,6,59,0
Jammu BC Road Rehari Chungi,NORTH,AVANTA,FRAME,TR|FULL|SQUARE,MALE,990,,,SYS166960,,990,FREE,SYS166960,AV TB6041 - Avanta - Male - C1/6 - 51 - Full Frame - Square - TR,0,1,1,WIDTH_INC,0,14,0,15,0
Agra Ashoka Plaza,NORTH,AVANTA,FRAME,SHEET|FULL|SQUARE,MALE,1190,,,SYS162649,,1190,FREE,SYS162649,AV 0063 - Avanta - Male - Trans/Grey - 51 - Full Frame - Square - Sheet,0,1,1,WIDTH_INC,0,267,247,30,0
Ghaziabad RDC,NORTH,RAYBAN,SUNGLASS,METAL|FULL|SQUARE,MALE,12690,,,SYS76950,,12690,FREE,SYS76950,RBR0102S - Rayban - Male - 001/VR - 58 - Sunglass - Square - Metal,0,1,1,WIDTH_INC,0,1,0,8,0
Hisar Sec 14,NORTH,AVANTA,FRAME,TR|FULL|SQUARE,MALE,990,,,SYS165095,,990,FREE,SYS165095,AV 202533 - Avanta - Male - MT.Green - 52 - Full Frame - Square - TR,0,1,1,WIDTH_INC,0,9,0,11,0
Pune Satara Road Jhamwar Eye,WEST,AVANTA KIDS,FRAME,TR|FULL|CAT EYE,KIDS,790,,,SYS168367,,790,FREE,SYS168367,AV 95010 - Avanta Kids - Kids - Trans/Purple - 46 - Full Frame - Cat Eye - TR,0,1,1,WIDTH_INC,0,6,0,8,0
Pune Satara Road Jhamwar Eye,WEST,AVANTA KIDS,FRAME,TR|FULL|CAT EYE,KIDS,790,,,SYS168368,,790,FREE,SYS168368,AV 95010 - Avanta Kids - Kids - D/Purple - 46 - Full Frame - Cat Eye - TR,0,1,1,WIDTH_INC,0,7,0,8,0
Pune Satara Road Jhamwar Eye,WEST,AVANTA KIDS,FRAME,TR|FULL|CAT EYE,KIDS,790,,,SYS168366,,790,FREE,SYS168366,AV 95010 - Avanta Kids - Kids - Black - 46 - Full Frame - Cat Eye - TR,0,1,1,WIDTH_INC,0,6,5,8,0
Pune Satara Road Jhamwar Eye,WEST,AVANTA KIDS,FRAME,TR|FULL|RECTANGLE,KIDS,790,,,SYS168343,,790,FREE,SYS168343,AV 95007 - Avanta Kids - Kids - MT.Pink - 45 - Full Frame - Rectangle - TR,0,1,1,WIDTH_INC,0,6,0,8,0
Pune Satara Road Jhamwar Eye,WEST,AVANTA KIDS,FRAME,TR|FULL|SQUARE,KIDS,790,,,SYS168290,,790,FREE,SYS168290,AV 95003 - Avanta Kids - Kids - MT.Grey - 44 - Full Frame - Square - TR,0,1,1,WIDTH_INC,0,7,5,8,0
Pune Satara Road Jhamwar Eye,WEST,AVANTA KIDS,FRAME,TR|FULL|SQUARE,KIDS,790,,,SYS168306,,790,FREE,SYS168306,AV 95005 - Avanta Kids - Kids - MT.Brown - 45 - Full Frame - Square - TR,0,1,1,WIDTH_INC,0,7,0,8,0
Noida Spectrum Mall,NORTH,TOMMY HILFIGER,FRAME,SHEET|FULL|ROUND,MALE,7490,,,SYS56146,,7490,FREE,SYS56146,TH 6231 - Tommy Hilfiger - Male - C4 - 48 - Full Frame - Round - Sheet,0,1,1,WIDTH_INC,0,1,0,7,3
Prayagraj Tashkent Marg,NORTH,AVANTA,FRAME,METAL|SUPRA|RECTANGLE,MALE,790,,,SYS168387,,790,FREE,SYS168387,AV ZXA42005 - Avanta - Male - Gun - 49 - Supra - Rectangle - Metal,0,1,1,WIDTH_INC,0,24,10,19,0
Ghaziabad Nehru Nagar,NORTH,FRENCH CONNECTION,FRAME,SHEET|FULL|SQUARE,MALE,5990,,,SYS88672,,5990,FREE,SYS88672,FCL 4326 - French Connection - Male - C2 - 51 - Full Frame - Square - Sheet,0,1,1,WIDTH_INC,0,2,0,8,6
Jaipur Vaishali Nagar,WEST,AVANTA,FRAME,METAL|FULL|SQUARE,MALE,1090,,,SYS168613,,1090,FREE,SYS168613,AV 66003 - Avanta - Male - Gold - 53 - Full Frame - Square - Metal,0,1,1,WIDTH_INC,0,15,9,10,0
Greater Noida West Nirala Estate,NORTH,AVANTA,FRAME,TR|FULL|SQUARE,MALE,990,,,SYS166959,,990,FREE,SYS166959,AV TB6041 - Avanta - Male - C1/5 - 51 - Full Frame - Square - TR,0,1,1,WIDTH_INC,0,12,0,4,0
Noida Spectrum Mall,NORTH,ADMYRA,FRAME,SHEET|FULL|SQUARE,MALE,2490,,,SYS67559,,2490,FREE,SYS67559,AM 001 - Admyra - Male - MT.Black - 53 - Full Frame - Square - Sheet,0,1,1,WIDTH_INC,0,61,44,25,9
Noida Spectrum Mall,NORTH,ADMYRA,FRAME,SHEET|FULL|SQUARE,MALE,2490,,,SYS67558,,2490,FREE,SYS67558,AM 001 - Admyra - Male - Transparent - 53 - Full Frame - Square - Sheet,0,1,1,WIDTH_INC,0,84,54,25,9
Noida Spectrum Mall,NORTH,ADMYRA,FRAME,SHEET|FULL|SQUARE,MALE,2490,,,SYS67555,,2490,FREE,SYS67555,AM 001 - Admyra - Male - Black - 53 - Full Frame - Square - Sheet,0,1,1,WIDTH_INC,0,132,84,25,9
Siliguri Sevoke Road,WEST,ADMYRA,FRAME,SHEET|FULL|RECTANGLE,MALE,2490,,,SYS67859,,2490,FREE,SYS67859,AM 039 - Admyra - Male - MT.Black - 51 - Full Frame - Rectangle - Sheet,0,1,1,WIDTH_INC,0,70,44,12,3
Siliguri Sevoke Road,WEST,ADMYRA,FRAME,SHEET|FULL|RECTANGLE,MALE,2490,,,SYS67860,,2490,FREE,SYS67860,AM 039 - Admyra - Male - MT.Blue - 51 - Full Frame - Rectangle - Sheet,0,1,1,WIDTH_INC,0,106,69,12,3
Siliguri Sevoke Road,WEST,ADMYRA,FRAME,SHEET|FULL|RECTANGLE,MALE,2490,,,SYS67856,,2490,FREE,SYS67856,AM 039 - Admyra - Male - Black - 51 - Full Frame - Rectangle - Sheet,0,1,1,WIDTH_INC,0,103,53,12,3
Jabalpur Napier Town,SOUTH,AVANTA,FRAME,METAL|FULL|SQUARE,MALE,790,,,SYS168775,,790,FREE,SYS168775,AV 8253205 - Avanta - Male - Gun - 48 - Full Frame - Square - Metal,0,1,1,WIDTH_INC,0,11,0,59,0
Noida GaurCity,NORTH,AVANTA,FRAME,TR|FULL|SQUARE,MALE,990,,,SYS166959,,990,FREE,SYS166959,AV TB6041 - Avanta - Male - C1/5 - 51 - Full Frame - Square - TR,0,1,1,WIDTH_INC,0,12,0,7,0
Patna RPS Mod,NORTH,OMBRA,SUNGLASS,SHEET|FULL|SQUARE,UNISEX,1590,,,SYS166499,,1590,FREE,SYS166499,OB 9864 - OMBRA - Unisex - C4 - 53 - Sunglass - Square - Sheet,0,1,1,WIDTH_INC,0,12,5,7,1
Noida GaurCity,NORTH,AVANTA,FRAME,TR|FULL|CAT EYE,FEMALE,990,,,SYS166990,,990,FREE,SYS166990,AV 250902 - Avanta - Female - Black - 47 - Full Frame - Cat Eye - TR,0,1,1,WIDTH_INC,0,7,0,7,0
Noida GaurCity,NORTH,AVANTA,FRAME,TR|FULL|RECTANGLE,MALE,990,,,SYS166997,,990,FREE,SYS166997,AV 250904 - Avanta - Male - Black - 53 - Full Frame - Rectangle - TR,0,1,1,WIDTH_INC,0,9,0,7,0
Noida GaurCity,NORTH,TOMMY HILFIGER,FRAME,SHEET|FULL|SQUARE,MALE,6490,,,SYS121678,,6490,FREE,SYS121678,TH 6247 - Tommy Hilfiger - Male - C3 - 50 - Full Frame - Square - Sheet,0,1,1,WIDTH_INC,0,1,0,11,2
Patna RPS Mod,NORTH,OMBRA,SUNGLASS,SHEET|FULL|ROUND,UNISEX,1590,,,SYS166464,,1590,FREE,SYS166464,OB 66518 - OMBRA - Unisex - C1 - 46 - Sunglass - Round - Sheet,0,1,1,WIDTH_INC,0,7,6,7,1
Pune Satara Road Jhamwar Eye,WEST,AVANTA,FRAME,TR|FULL|RECTANGLE,MALE,990,,,SYS166952,,990,FREE,SYS166952,AV 50046 - Avanta - Male - C3 - 50 - Full Frame - Rectangle - TR,0,1,1,WIDTH_INC,0,10,0,19,0
Patna RPS Mod,NORTH,OMBRA,SUNGLASS,SHEET|FULL|RECTANGLE,MALE,1190,,,SYS166384,,1190,FREE,SYS166384,OB 98201P - OMBRA - Male - C1 - 53 - Sunglass - Rectangle - Sheet,0,1,1,WIDTH_INC,0,10,1,7,1
Patna RPS Mod,NORTH,OMBRA,SUNGLASS,SHEET|FULL|RECTANGLE,MALE,1190,,,SYS166385,,1190,FREE,SYS166385,OB 98201P - OMBRA - Male - C2 - 53 - Sunglass - Rectangle - Sheet,0,1,1,WIDTH_INC,0,10,0,7,1
Ghaziabad RDC,NORTH,RAYBAN,SUNGLASS,METAL|FULL|ROUND,MALE,10790,,,SYS78222,,10790,FREE,SYS78222,RB3447I - Rayban - Male - 001/57 - 50 - Sunglass - Round - Metal,0,1,1,WIDTH_INC,0,1,0,8,0
Patna RPS Mod,NORTH,OMBRA,SUNGLASS,SHEET|FULL|RECTANGLE,MALE,1590,,,SYS166361,,1590,FREE,SYS166361,OB 9866P - OMBRA - Male - C1 - 50 - Sunglass - Rectangle - Sheet,0,1,1,WIDTH_INC,0,12,6,7,1
Patna RPS Mod,NORTH,OMBRA,SUNGLASS,SHEET|FULL|RECTANGLE,MALE,1590,,,SYS166363,,1590,FREE,SYS166363,OB 9866P - OMBRA - Male - C5 - 50 - Sunglass - Rectangle - Sheet,0,1,1,WIDTH_INC,0,10,4,7,1
Indore Sapna Sangeeta Road,NORTH,AVANTA,FRAME,TR|FULL|ROUND,UNISEX,990,,,SYS163222,,990,FREE,SYS163222,AV 303039 - Avanta - Unisex - MT.Green - 47 - Full Frame - Round - TR,0,1,1,WIDTH_INC,0,6,0,22,0
Ghaziabad RDC,NORTH,ADMYRA,FRAME,TR|FULL|CAT EYE,FEMALE,2190,,,SYS163988,,2190,FREE,SYS163988,AM 9909 - Admyra - Female - C2 - 51 - Full Frame - Cat Eye - TR,0,1,1,WIDTH_INC,0,3,0,14,6
Ghaziabad RDC,NORTH,ADMYRA,FRAME,TR|FULL|SQUARE,MALE,2190,,,SYS163979,,2190,FREE,SYS163979,AM 9907 - Admyra - Male - C1 - 53 - Full Frame - Square - TR,0,1,1,WIDTH_INC,0,12,0,14,6
Indirapuram Shakti Khand Eros Market,NORTH,AVANTA KIDS,FRAME,PEDIATRIC|FULL|SQUARE,KIDS,1690,,,SYS116790,,1690,FREE,SYS116790,AV BY96010 - Avanta Kids - Kids - C1 - 46 - Full Frame - Square - Pediatric,0,1,1,WIDTH_INC,0,5,0,14,0
Indirapuram Shakti Khand Eros Market,NORTH,AVANTA,FRAME,SHEET|FULL|SQUARE,MALE,1190,,,SYS158368,,1190,FREE,SYS158368,AV 0064 - Avanta - Male - Black - 54 - Full Frame - Square - Sheet,0,1,1,WIDTH_INC,0,170,140,32,0
Srinagar Baghat Fazili,NORTH,AVANTA,FRAME,METAL|SUPRA|RECTANGLE,MALE,790,,,SYS168394,,790,FREE,SYS168394,AV ZXA42003 - Avanta - Male - Gun - 48 - Supra - Rectangle - Metal,0,1,1,WIDTH_INC,0,24,0,10,0
Srinagar Baghat Fazili,NORTH,AVANTA,FRAME,METAL|SUPRA|RECTANGLE,MALE,990,,,SYS168555,,990,FREE,SYS168555,AV 8825712 - Avanta - Male - Gun - 52 - Supra - Rectangle - Metal,0,1,1,WIDTH_INC,0,15,0,10,0
Indirapuram Shakti Khand Eros Market,NORTH,AVANTA,FRAME,SHEET|FULL|RECTANGLE,MALE,1190,,,SYS158432,,1190,FREE,SYS158432,AV 0063 - Avanta - Male - Trans/Brown - 51 - Full Frame - Rectangle - Sheet,0,1,1,WIDTH_INC,0,115,106,32,0
Indirapuram Shakti Khand Eros Market,NORTH,AVANTA,FRAME,SHEET|FULL|ROUND,UNISEX,1190,,,SYS158414,,1190,FREE,SYS158414,AV 0068HD - Avanta - Unisex - D/Wine - 48 - Full Frame - Round - Sheet,0,1,1,WIDTH_INC,0,74,64,32,0
Panvel Laxmi Eye,WEST,AVANTA,FRAME,METAL|FULL|RECTANGLE,MALE,690,,,SYS113113,,690,FREE,SYS113113,AV 31004 - Avanta - Male - Gun - 48 - Full Frame - Rectangle - Metal,0,1,1,WIDTH_INC,0,12,0,37,0
Delhi Dwarka Krishna Mall,NORTH,EMPORIO ARMANI,FRAME,SHEET|FULL|CAT EYE,FEMALE,13390,,,SYS168928,,13390,FREE,SYS168928,EA3282BU - Emporio Armani - Female - 5026 - 52 - Full Frame - Cat Eye - Sheet,0,1,1,WIDTH_INC,0,2,0,3,0
Delhi Dwarka Sec 09,NORTH,ADMYRA,FRAME,TITANIUM|FULL|CAT EYE,FEMALE,4790,,,SYS142350,,4790,FREE,SYS142350,AM IP8021 - Admyra - Female - C1 - 54 - Full Frame - Cat Eye - Titanium,0,1,1,WIDTH_INC,0,1,0,48,22
Hyderabad Hayathnagar,SOUTH,ADMYRA,FRAME,SHEET|FULL|RECTANGLE,MALE,2490,,,SYS67856,,2490,FREE,SYS67856,AM 039 - Admyra - Male - Black - 51 - Full Frame - Rectangle - Sheet,0,1,1,WIDTH_INC,0,103,53,20,5
Hyderabad Hayathnagar,SOUTH,ADMYRA,FRAME,SHEET|FULL|RECTANGLE,MALE,2490,,,SYS67859,,2490,FREE,SYS67859,AM 039 - Admyra - Male - MT.Black - 51 - Full Frame - Rectangle - Sheet,0,1,1,WIDTH_INC,0,70,44,20,5
Hyderabad Hayathnagar,SOUTH,ADMYRA,FRAME,SHEET|FULL|RECTANGLE,MALE,2490,,,SYS67858,,2490,FREE,SYS67858,AM 039 - Admyra - Male - D/Grey - 51 - Full Frame - Rectangle - Sheet,0,1,1,WIDTH_INC,0,74,53,20,5
Hyderabad Hayathnagar,SOUTH,ADMYRA,FRAME,SHEET|FULL|RECTANGLE,MALE,2490,,,SYS67860,,2490,FREE,SYS67860,AM 039 - Admyra - Male - MT.Blue - 51 - Full Frame - Rectangle - Sheet,0,1,1,WIDTH_INC,0,106,69,20,5
Surat Rander Road,WEST,ADMYRA,FRAME,SHEET|FULL|RECTANGLE,MALE,2490,,,SYS67856,,2490,FREE,SYS67856,AM 039 - Admyra - Male - Black - 51 - Full Frame - Rectangle - Sheet,0,1,1,WIDTH_INC,0,103,53,7,0
Surat Rander Road,WEST,ADMYRA,FRAME,SHEET|FULL|RECTANGLE,MALE,2490,,,SYS67857,,2490,FREE,SYS67857,AM 039 - Admyra - Male - D/Brown - 51 - Full Frame - Rectangle - Sheet,0,1,1,WIDTH_INC,0,48,34,7,0
Gurgaon Sec 29,NORTH,STEPPER,FRAME,TITANIUM|RIMLESS|AVIATOR,MALE,8250,,,SYS92201,,8250,FREE,SYS92201,SI/82251 - Stepper - Male - F010 - 53 - Rimless - Aviator - Titanium,0,1,1,WIDTH_INC,0,3,0,2,0
Hyderabad Hayathnagar,SOUTH,AVANTA KIDS,FRAME,TR|FULL|RECTANGLE,KIDS,990,,,SYS161398,,990,FREE,SYS161398,AV 968004 - Avanta Kids - Kids - MT.Green - 44 - Full Frame - Rectangle - TR,0,1,1,WIDTH_INC,0,1,0,3,0
Hyderabad Hayathnagar,SOUTH,ADMYRA,FRAME,SHEET|FULL|SQUARE,MALE,2490,,,SYS67555,,2490,FREE,SYS67555,AM 001 - Admyra - Male - Black - 53 - Full Frame - Square - Sheet,0,1,1,WIDTH_INC,0,132,84,20,5
Hyderabad Hayathnagar,SOUTH,ADMYRA,FRAME,SHEET|FULL|SQUARE,MALE,2490,,,SYS67557,,2490,FREE,SYS67557,AM 001 - Admyra - Male - D/Grey - 53 - Full Frame - Square - Sheet,0,1,1,WIDTH_INC,0,72,40,20,5
Hyderabad Hayathnagar,SOUTH,ADMYRA,FRAME,SHEET|FULL|SQUARE,MALE,2490,,,SYS67559,,2490,FREE,SYS67559,AM 001 - Admyra - Male - MT.Black - 53 - Full Frame - Square - Sheet,0,1,1,WIDTH_INC,0,61,44,20,5
Hyderabad Hayathnagar,SOUTH,ADMYRA,FRAME,SHEET|FULL|SQUARE,MALE,2490,,,SYS67558,,2490,FREE,SYS67558,AM 001 - Admyra - Male - Transparent - 53 - Full Frame - Square - Sheet,0,1,1,WIDTH_INC,0,84,54,20,5
Delhi Dwarka Krishna Mall,NORTH,STEPPER,FRAME,TITANIUM|HALF|RECTANGLE,MALE,7480,,,SYS78813,,7480,FREE,SYS78813,SI/4105 - Stepper - Male - F029 - 51 - Half Frame - Rectangle - Titanium,0,1,1,WIDTH_INC,0,2,0,4,0
Ajmer Ramganj,WEST,ADMYRA,FRAME,SHEET|FULL|RECTANGLE,MALE,2490,,,SYS67856,,2490,FREE,SYS67856,AM 039 - Admyra - Male - Black - 51 - Full Frame - Rectangle - Sheet,0,1,1,WIDTH_INC,0,103,53,5,1
Delhi Dwarka Sec 09,NORTH,SILHOUETTE,FRAME,SHEET|FULL|RECTANGLE,MALE,24250,,,SYS121255,,24250,FREE,SYS121255,SILH 2942/75 - Silhouette - Male - 5710 - 54 - Full Frame - Rectangle - Sheet,0,1,1,WIDTH_INC,0,1,0,4,1
Delhi Dwarka Sec 09,NORTH,AVANTA,FRAME,TR|FULL|SQUARE,MALE,990,,,SYS166960,,990,FREE,SYS166960,AV TB6041 - Avanta - Male - C1/6 - 51 - Full Frame - Square - TR,0,1,1,WIDTH_INC,0,14,0,21,0
Noida GaurCity,NORTH,RAYBAN,FRAME,METAL|FULL|AVIATOR,MALE,3990,,,SYS55387,,3990,FREE,SYS55387,RX6049I - Rayban - Male - 2538 - 55 - Full Frame - Aviator - Metal,0,1,1,WIDTH_INC,0,1,0,12,1
Delhi Dwarka Sec 09,NORTH,AVANTA,FRAME,TR|FULL|ROUND,UNISEX,990,,,SYS167109,,990,FREE,SYS167109,AV 250986 - Avanta - Unisex - C1 - 48 - Full Frame - Round - TR,0,1,1,WIDTH_INC,0,9,0,21,0
Dombivli (East) Laxmi Eye,WEST,ADMYRA,FRAME,METAL|RIMLESS|RECTANGLE,MALE,2190,,,SYS104416,,2190,FREE,SYS104416,AM 10018 - Admyra - Male - C5 - 53 - Rimless - Rectangle - Metal,0,1,1,WIDTH_INC,0,1,0,4,0
Sikar Police Line Road I Max,WEST,AVANTA,FRAME,METAL|FULL|ROUND,UNISEX,790,,,SYS168788,,790,FREE,SYS168788,AV 8253203 - Avanta - Unisex - Silver - 47 - Full Frame - Round - Metal,0,1,1,WIDTH_INC,0,11,3,29,0
Sikar Police Line Road I Max,WEST,AVANTA,FRAME,METAL|FULL|HEXAGON,MALE,790,,,SYS168797,,790,FREE,SYS168797,AV 85003 - Avanta - Male - Black - 49 - Full Frame - Hexagon - Metal,0,1,1,WIDTH_INC,0,6,0,29,0
Noida GaurCity,NORTH,RAYBAN,FRAME,METAL|RIMLESS|RECTANGLE,MALE,12290,,,SYS166611,,12290,FREE,SYS166611,RX8423 - Rayban - Male - 2501 - 54 - Rimless - Rectangle - Metal,0,1,1,WIDTH_INC,0,2,0,12,1
Noida GaurCity,NORTH,RAYBAN,SUNGLASS,SHEET|FULL|RECTANGLE,MALE,11690,,,SYS166653,,11690,FREE,SYS166653,RB2225 - Rayban - Male - 710/58 - 57 - Sunglass - Rectangle - Sheet,0,1,1,WIDTH_INC,0,2,0,7,0
Noida GaurCity,NORTH,RAYBAN,SUNGLASS,METAL|FULL|RECTANGLE,MALE,12790,,,SYS166656,,12790,FREE,SYS166656,RB3779 - Rayban - Male - 001/31 - 56 - Sunglass - Rectangle - Metal,0,1,1,WIDTH_INC,0,2,0,7,0
Noida GaurCity,NORTH,RAYBAN,SUNGLASS,METAL|FULL|RECTANGLE,MALE,13090,,,SYS166657,,13090,FREE,SYS166657,RB3779 - Rayban - Male - 001/57 - 56 - Sunglass - Rectangle - Metal,0,1,1,WIDTH_INC,0,2,0,7,0
Noida GaurCity,NORTH,RAYBAN,FRAME,SHEET|FULL|SQUARE,MALE,6290,,,SYS166664,,6290,FREE,SYS166664,RX5452I - Rayban - Male - 2000 - 53 - Full Frame - Square - Sheet,0,1,1,WIDTH_INC,0,1,0,12,1
Pune Satara Road Jhamwar Eye,WEST,AVANTA,FRAME,METAL|FULL|HEXAGON,MALE,790,,,SYS168796,,790,FREE,SYS168796,AV 85003 - Avanta - Male - Gun - 49 - Full Frame - Hexagon - Metal,0,1,1,WIDTH_INC,0,8,1,19,0
Delhi Rajouri Garden,NORTH,ADMYRA,FRAME,SHEET|FULL|CAT EYE,FEMALE,2790,,,SYS162316,,2790,FREE,SYS162316,AM 0133 - Admyra - Female - Black - 53 - Full Frame - Cat Eye - Sheet,0,1,1,WIDTH_INC,0,49,19,10,0
Delhi Dwarka Vegas Mall Sec 14,NORTH,EMPORIO ARMANI,SUNGLASS,SHEET|FULL|RECTANGLE,MALE,15490,,,SYS77042,,15490,FREE,SYS77042,EA4160 - Emporio Armani - Male - 50421W - 55 - Clip on - Rectangle - Sheet,0,1,1,WIDTH_INC,0,1,0,4,0
Surat Rander Road,WEST,ADMYRA,FRAME,SHEET|FULL|SQUARE,MALE,2490,,,SYS67555,,2490,FREE,SYS67555,AM 001 - Admyra - Male - Black - 53 - Full Frame - Square - Sheet,0,1,1,WIDTH_INC,0,132,84,7,0
Surat Rander Road,WEST,ADMYRA,FRAME,SHEET|FULL|SQUARE,MALE,2490,,,SYS67557,,2490,FREE,SYS67557,AM 001 - Admyra - Male - D/Grey - 53 - Full Frame - Square - Sheet,0,1,1,WIDTH_INC,0,72,40,7,0
Faridabad Sec 16A,NORTH,AVANTA KIDS,FRAME,PEDIATRIC|FULL|RECTANGLE,KIDS,1690,,,SYS114635,,1690,FREE,SYS114635,AV TR803 - Avanta Kids - Kids - C1 - 47 - Full Frame - Rectangle - Pediatric,0,1,1,WIDTH_INC,0,6,0,3,0
Ajmer Ramganj,WEST,ADMYRA,FRAME,SHEET|FULL|SQUARE,MALE,2490,,,SYS67555,,2490,FREE,SYS67555,AM 001 - Admyra - Male - Black - 53 - Full Frame - Square - Sheet,0,1,1,WIDTH_INC,0,132,84,5,1
Pune Satara Road Jhamwar Eye,WEST,AVANTA KIDS,FRAME,TR|FULL|ROUND,KIDS,890,,,SYS168248,,890,FREE,SYS168248,AV 83009 - Avanta Kids - Kids - MT.Blue - 44 - Full Frame - Round - TR,0,1,1,WIDTH_INC,0,5,2,8,0
Pune Satara Road Jhamwar Eye,WEST,AVANTA KIDS,FRAME,TR|FULL|ROUND,KIDS,890,,,SYS168241,,890,FREE,SYS168241,AV 83009 - Avanta Kids - Kids - Black - 44 - Full Frame - Round - TR,0,1,1,WIDTH_INC,0,6,0,8,0
Hisar Sec 14,NORTH,AVANTA,FRAME,TR|FULL|RECTANGLE,MALE,790,,,SYS118601,,790,FREE,SYS118601,AV 8021 - Avanta - Male - Black - 50 - Full Frame - Rectangle - TR,0,1,1,WIDTH_INC,0,10,0,11,0
Noida MOI,NORTH,VOGUE JUNIOR,FRAME,SHEET|FULL|ROUND,KIDS,3890,,,SYS115883,,3890,FREE,SYS115883,VY2029 - Vogue Junior - Kids - 2613 - 47 - Full Frame - Round - Sheet,0,1,1,WIDTH_INC,0,1,0,9,5
Delhi Dwarka Sec 09,NORTH,RAYBAN,FRAME,SHEET|FULL|RECTANGLE,MALE,5490,,,SYS121188,,5490,FREE,SYS121188,RX5389I - Rayban - Male - 2000 - 54 - Full Frame - Rectangle - Sheet,0,1,1,WIDTH_INC,0,4,0,12,0
Delhi Rajouri Garden,NORTH,ADMYRA,FRAME,SHEET|FULL|CAT EYE,FEMALE,2490,,,SYS162297,,2490,FREE,SYS162297,AM 0127 - Admyra - Female - D/Brown - 53 - Full Frame - Cat Eye - Sheet,0,1,1,WIDTH_INC,0,15,11,10,0
Delhi Rajouri Garden,NORTH,ADMYRA,FRAME,SHEET|FULL|CAT EYE,FEMALE,2790,,,SYS162306,,2790,FREE,SYS162306,AM 0131 - Admyra - Female - Black - 51 - Full Frame - Cat Eye - Sheet,0,1,1,WIDTH_INC,0,47,41,10,0
Noida Spectrum Mall,NORTH,ADMYRA,FRAME,SHEET|FULL|RECTANGLE,MALE,2490,,,SYS67857,,2490,FREE,SYS67857,AM 039 - Admyra - Male - D/Brown - 51 - Full Frame - Rectangle - Sheet,0,1,1,WIDTH_INC,0,48,34,25,9
Noida Spectrum Mall,NORTH,ADMYRA,FRAME,SHEET|FULL|RECTANGLE,MALE,2490,,,SYS67858,,2490,FREE,SYS67858,AM 039 - Admyra - Male - D/Grey - 51 - Full Frame - Rectangle - Sheet,0,1,1,WIDTH_INC,0,74,53,25,9
Noida Spectrum Mall,NORTH,ADMYRA,FRAME,SHEET|FULL|RECTANGLE,MALE,2490,,,SYS67856,,2490,FREE,SYS67856,AM 039 - Admyra - Male - Black - 51 - Full Frame - Rectangle - Sheet,0,1,1,WIDTH_INC,0,103,53,25,9
Bhopal Hoshangabad Road,WEST,ADMYRA,FRAME,SHEET|FULL|CAT EYE,FEMALE,2790,,,SYS162320,,2790,FREE,SYS162320,AM 0133 - Admyra - Female - D/Burgundy - 53 - Full Frame - Cat Eye - Sheet,0,1,1,WIDTH_INC,0,44,39,11,1
Bhopal Hoshangabad Road,WEST,ADMYRA,FRAME,SHEET|FULL|CAT EYE,FEMALE,2790,,,SYS162311,,2790,FREE,SYS162311,AM 0132 - Admyra - Female - Black - 52 - Full Frame - Cat Eye - Sheet,0,1,1,WIDTH_INC,0,44,41,11,1
Bhopal Hoshangabad Road,WEST,ADMYRA,FRAME,SHEET|FULL|CAT EYE,FEMALE,2790,,,SYS162309,,2790,FREE,SYS162309,AM 0131 - Admyra - Female - D/Green - 51 - Full Frame - Cat Eye - Sheet,0,1,1,WIDTH_INC,0,50,38,11,1
Bhopal Hoshangabad Road,WEST,ADMYRA,FRAME,SHEET|FULL|CAT EYE,FEMALE,2790,,,SYS162310,,2790,FREE,SYS162310,AM 0131 - Admyra - Female - Trans/Blue - 51 - Full Frame - Cat Eye - Sheet,0,1,1,WIDTH_INC,0,49,19,11,1
Siliguri Sevoke Road,WEST,ADMYRA,FRAME,SHEET|FULL|SQUARE,MALE,2490,,,SYS67555,,2490,FREE,SYS67555,AM 001 - Admyra - Male - Black - 53 - Full Frame - Square - Sheet,0,1,1,WIDTH_INC,0,132,84,12,3
Sikar Police Line Road I Max,WEST,AVANTA KIDS,FRAME,TR|FULL|RECTANGLE,KIDS,790,,,SYS168344,,790,FREE,SYS168344,AV 95007 - Avanta Kids - Kids - D/Purple - 45 - Full Frame - Rectangle - TR,0,1,1,WIDTH_INC,0,7,0,4,0
Sikar Police Line Road I Max,WEST,AVANTA KIDS,FRAME,TR|FULL|SQUARE,KIDS,790,,,SYS168284,,790,FREE,SYS168284,AV 95001 - Avanta Kids - Kids - Trans/Grey - 43 - Full Frame - Square - TR,0,1,1,WIDTH_INC,0,7,1,4,0
Agra Ashoka Plaza,NORTH,AVANTA,FRAME,METAL|FULL|RECTANGLE,MALE,1190,,,SYS160402,,1190,FREE,SYS160402,AV T03013 - Avanta - Male - Silver/Grey - 53 - Full Frame - Rectangle - Metal,0,1,1,WIDTH_INC,0,3,0,30,0
Ajmer Ramganj,WEST,AVANTA,FRAME,METAL|SUPRA|RECTANGLE,MALE,490,,,SYS160681,,490,FREE,SYS160681,AV 31010 - Avanta - Male - Gun - 51 - Supra - Rectangle - Metal,0,1,1,WIDTH_INC,0,10,0,21,0
Vadodara Genda Circle,NORTH,AVANTA KIDS,FRAME,TR|FULL|SQUARE,KIDS,790,,,SYS168299,,790,FREE,SYS168299,AV 95005 - Avanta Kids - Kids - MT.Blue - 45 - Full Frame - Square - TR,0,1,1,WIDTH_INC,0,10,0,1,0
Patiala Randhawa Eye,NORTH,AVANTA,FRAME,METAL|HALF|RECTANGLE,FEMALE,990,,,SYS163559,,990,FREE,SYS163559,AV 202438 - Avanta - Female - Silver/Blk - 48 - Half Frame - Rectangle - Metal,0,1,1,WIDTH_INC,0,5,0,29,0
Jhunjhunu Indra Nagar,WEST,AVANTA,FRAME,METAL|SUPRA|RECTANGLE,MALE,890,,,SYS148040,,890,FREE,SYS148040,AV 31001 - Avanta - Male - Gun - 51 - Supra - Rectangle - Metal,0,1,1,WIDTH_INC,0,11,10,149,0
Noida Sec 50,NORTH,STEPPER,FRAME,SHEET|FULL|ROUND,UNISEX,6600,,,SYS113876,,6600,FREE,SYS113876,SI/20050 - Stepper - Unisex - F290 - 50 - Full Frame - Round - Sheet,0,1,1,WIDTH_INC,0,1,0,3,0
Agra Ashoka Plaza,NORTH,AVANTA,FRAME,METAL|SUPRA|RECTANGLE,MALE,490,,,SYS160681,,490,FREE,SYS160681,AV 31010 - Avanta - Male - Gun - 51 - Supra - Rectangle - Metal,0,1,1,WIDTH_INC,0,10,0,30,0
Ghaziabad Nehru Nagar,NORTH,AVANTA,FRAME,METAL|SUPRA|RECTANGLE,MALE,990,,,SYS168555,,990,FREE,SYS168555,AV 8825712 - Avanta - Male - Gun - 52 - Supra - Rectangle - Metal,0,1,1,WIDTH_INC,0,15,0,19,0
Vijayawada Mogalrajpuram,SOUTH,AVANTA,FRAME,METAL|FULL|AVIATOR,MALE,1190,,,SYS164719,,1190,FREE,SYS164719,AV PB001 - Avanta - Male - Silver - 56 - Full Frame - Aviator - Metal,0,1,1,WIDTH_INC,0,12,9,38,0
Delhi Dwarka Sec 09,NORTH,RAYBAN,FRAME,SHEET|FULL|SQUARE,MALE,6290,,,SYS166666,,6290,FREE,SYS166666,RX5452I - Rayban - Male - 8449 - 53 - Full Frame - Square - Sheet,0,1,1,WIDTH_INC,0,2,0,12,0
Delhi Dwarka Sec 09,NORTH,RAYBAN,FRAME,METAL|HALF|RECTANGLE,MALE,6290,,,SYS166618,,6290,FREE,SYS166618,RX6555I - Rayban - Male - 2890 - 53 - Supra - Rectangle - Metal,0,1,1,WIDTH_INC,0,2,0,12,0
Kanpur Mall Road,NORTH,AVANTA,FRAME,METAL|SUPRA|RECTANGLE,MALE,490,,,SYS147815,,490,FREE,SYS147815,AV 31004 - Avanta - Male - Gun - 48 - Supra - Rectangle - Metal,0,1,1,WIDTH_INC,0,9,3,33,0
Sikar Police Line Road I Max,WEST,AVANTA,FRAME,TR|FULL|RECTANGLE,MALE,890,,,SYS166800,,890,FREE,SYS166800,AV 270812 - Avanta - Male - Black - 50 - Full Frame - Rectangle - TR,0,1,1,WIDTH_INC,0,20,0,29,0
Ghaziabad Nehru Nagar,NORTH,AVANTA,FRAME,METAL|SUPRA|RECTANGLE,MALE,790,,,SYS168394,,790,FREE,SYS168394,AV ZXA42003 - Avanta - Male - Gun - 48 - Supra - Rectangle - Metal,0,1,1,WIDTH_INC,0,24,0,19,0
Srinagar Baghat Fazili,NORTH,AVANTA KIDS,FRAME,TR|FULL|SQUARE,KIDS,990,,,SYS91387,,990,FREE,SYS91387,AV 442103 - Avanta Kids - Kids - C7 - 44 - Full Frame - Square - TR,0,1,1,WIDTH_INC,0,1,0,2,0
Indore Vijay Nagar,NORTH,AVANTA,FRAME,METAL|FULL|SQUARE,MALE,990,,,SYS164810,,990,FREE,SYS164810,AV 7412205 - Avanta - Male - Gold/Blk - 51 - Full Frame - Square - Metal,0,1,1,WIDTH_INC,0,9,0,17,0
Vijayawada Mogalrajpuram,SOUTH,AVANTA,FRAME,METAL|HALF|CAT EYE,FEMALE,1190,,,SYS165357,,1190,FREE,SYS165357,AV JM8811 - Avanta - Female - C3 - 53 - Half Frame - Cat Eye - Metal,0,1,1,WIDTH_INC,0,2,0,38,0
Vijayawada Mogalrajpuram,SOUTH,AVANTA,FRAME,METAL|HALF|CAT EYE,FEMALE,1190,,,SYS165356,,1190,FREE,SYS165356,AV JM8811 - Avanta - Female - C2 - 53 - Half Frame - Cat Eye - Metal,0,1,1,WIDTH_INC,0,2,0,38,0
Gorakhpur Mughlaha,NORTH,AVANTA KIDS,FRAME,TR|FULL|SQUARE,KIDS,790,,,SYS168299,,790,FREE,SYS168299,AV 95005 - Avanta Kids - Kids - MT.Blue - 45 - Full Frame - Square - TR,0,1,1,WIDTH_INC,0,10,0,5,0
Gorakhpur Mughlaha,NORTH,AVANTA KIDS,FRAME,TR|FULL|ROUND,KIDS,790,,,SYS168320,,790,FREE,SYS168320,AV 95008 - Avanta Kids - Kids - Grey/Pink - 43 - Full Frame - Round - TR,0,1,1,WIDTH_INC,0,6,0,5,0
Sikar Police Line Road I Max,WEST,AVANTA,FRAME,TR|FULL|ROUND,UNISEX,890,,,SYS168083,,890,FREE,SYS168083,AV 8029 - Avanta - Unisex - Black - 46 - Full Frame - Round - TR,0,1,1,WIDTH_INC,0,8,4,29,0
Sikar Police Line Road I Max,WEST,AVANTA,FRAME,TR|FULL|CAT EYE,FEMALE,890,,,SYS168103,,890,FREE,SYS168103,AV 8019 - Avanta - Female - Black - 51 - Full Frame - Cat Eye - TR,0,1,1,WIDTH_INC,0,9,0,29,0
Sikar Police Line Road I Max,WEST,AVANTA,FRAME,TR|FULL|RECTANGLE,MALE,890,,,SYS168079,,890,FREE,SYS168079,AV 8061 - Avanta - Male - Black - 53 - Full Frame - Rectangle - TR,0,1,1,WIDTH_INC,0,11,0,29,0
Ghaziabad Nehru Nagar,NORTH,AVANTA,FRAME,METAL|FULL|SQUARE,MALE,790,,,SYS168774,,790,FREE,SYS168774,AV 8253205 - Avanta - Male - Silver - 48 - Full Frame - Square - Metal,0,1,1,WIDTH_INC,0,11,2,19,0
Delhi Safdarjung Enclave,NORTH,STEPPER,FRAME,TITANIUM|RIMLESS|SQUARE,FEMALE,10340,,,SYS157095,,10340,FREE,SYS157095,SI/98328 - Stepper - Female - F017 - 54 - Rimless - Square - Titanium,0,1,1,WIDTH_INC,0,2,0,6,0
Jabalpur Napier Town,SOUTH,AVANTA,FRAME,METAL|FULL|ROUND,UNISEX,790,,,SYS168788,,790,FREE,SYS168788,AV 8253203 - Avanta - Unisex - Silver - 47 - Full Frame - Round - Metal,0,1,1,WIDTH_INC,0,11,3,59,0
Jabalpur Napier Town,SOUTH,AVANTA,FRAME,METAL|FULL|HEXAGON,MALE,790,,,SYS168796,,790,FREE,SYS168796,AV 85003 - Avanta - Male - Gun - 49 - Full Frame - Hexagon - Metal,0,1,1,WIDTH_INC,0,8,1,59,0
Ahemdabad CG Road,WEST,AVANTA,FRAME,METAL|SUPRA|RECTANGLE,MALE,790,,,SYS168387,,790,FREE,SYS168387,AV ZXA42005 - Avanta - Male - Gun - 49 - Supra - Rectangle - Metal,0,1,1,WIDTH_INC,0,24,10,7,0
Sikar Police Line Road I Max,WEST,AVANTA,FRAME,TR|FULL|CAT EYE,FEMALE,990,,,SYS167985,,990,FREE,SYS167985,AV 9952214 - Avanta - Female - Trans/Pink - 51 - Full Frame - Cat Eye - TR,0,1,1,WIDTH_INC,0,6,0,29,0
Sikar Police Line Road I Max,WEST,AVANTA,FRAME,TR|FULL|SQUARE,UNISEX,990,,,SYS167958,,990,FREE,SYS167958,AV 9952202 - Avanta - Unisex - Trans/Grey - 52 - Full Frame - Square - TR,0,1,1,WIDTH_INC,0,16,3,29,0
Sikar Police Line Road I Max,WEST,AVANTA,FRAME,TR|FULL|RECTANGLE,UNISEX,890,,,SYS167910,,890,FREE,SYS167910,AV 202532 - Avanta - Unisex - MT.Grey - 51 - Full Frame - Rectangle - TR,0,1,1,WIDTH_INC,0,10,3,29,0
Sikar Police Line Road I Max,WEST,AVANTA,FRAME,TR|FULL|RECTANGLE,UNISEX,890,,,SYS167908,,890,FREE,SYS167908,AV 202532 - Avanta - Unisex - Black - 51 - Full Frame - Rectangle - TR,0,1,1,WIDTH_INC,0,8,4,29,0
Delhi Rohini Ring Road Mall,NORTH,OMBRA,SUNGLASS,SHEET|FULL|RECTANGLE,MALE,1590,,,SYS166361,,1590,FREE,SYS166361,OB 9866P - OMBRA - Male - C1 - 50 - Sunglass - Rectangle - Sheet,0,1,1,WIDTH_INC,0,12,6,1,0
Indore Vijay Nagar,NORTH,ADMYRA,FRAME,METAL|FULL|CAT EYE,FEMALE,2190,,,SYS165445,,2190,FREE,SYS165445,AM RD9008 - Admyra - Female - C3 - 53 - Full Frame - Cat Eye - Metal,0,1,1,WIDTH_INC,0,1,0,29,9
Kharghar Laxmi Eye,WEST,AVANTA,FRAME,METAL|HALF|RECTANGLE,MALE,500,,,SYS68123,,500,FREE,SYS68123,AV 31002 - Avanta - Male - Gun - 49 - Supra - Rectangle - Metal,0,1,1,WIDTH_INC,0,9,4,11,0
Greater Noida West Nirala Estate,NORTH,AVANTA,FRAME,METAL|FULL|ROUND,FEMALE,990,,,SYS167574,,990,FREE,SYS167574,AV 253004 - Avanta - Female - Copper - 51 - Full Frame - Round - Metal,0,1,1,WIDTH_INC,0,6,2,4,0
Jabalpur Napier Town,SOUTH,AVANTA,FRAME,TR|FULL|SQUARE,MALE,790,,,SYS166697,,790,FREE,SYS166697,AV 77085 - Avanta - Male - MT.Blue - 50 - Full Frame - Square - TR,0,1,1,WIDTH_INC,0,3,1,59,0
Jaipur Vaishali Nagar,WEST,AVANTA KIDS,FRAME,TR|FULL|ROUND,KIDS,790,,,SYS168315,,790,FREE,SYS168315,AV 95008 - Avanta Kids - Kids - Black - 43 - Full Frame - Round - TR,0,1,1,WIDTH_INC,0,6,0,1,0
Ghaziabad Nehru Nagar,NORTH,AVANTA,FRAME,METAL|SUPRA|RECTANGLE,MALE,690,,,SYS143384,,690,FREE,SYS143384,AV 31004 - Avanta - Male - Black - 51 - Supra - Rectangle - Metal,0,1,1,WIDTH_INC,0,5,0,19,0
Jabalpur Napier Town,SOUTH,AVANTA,FRAME,TR|FULL|RECTANGLE,MALE,890,,,SYS168067,,890,FREE,SYS168067,AV 8027 - Avanta - Male - Black - 49 - Full Frame - Rectangle - TR,0,1,1,WIDTH_INC,0,12,4,59,0
Pune Satara Road Jhamwar Eye,WEST,AVANTA,FRAME,METAL|RIMLESS|RECTANGLE,MALE,990,,,SYS168746,,990,FREE,SYS168746,AV ST1006 - Avanta - Male - Gun - 52 - Rimless - Rectangle - Metal,0,1,1,WIDTH_INC,0,9,4,19,0
Jabalpur Napier Town,SOUTH,AVANTA,FRAME,TR|FULL|ROUND,UNISEX,890,,,SYS168083,,890,FREE,SYS168083,AV 8029 - Avanta - Unisex - Black - 46 - Full Frame - Round - TR,0,1,1,WIDTH_INC,0,8,4,59,0
Noida GaurCity,NORTH,SILHOUETTE,FRAME,TITANIUM|FULL|SQUARE,MALE,41300,,,SYS166608,,41300,FREE,SYS166608,SILH 5570/75 - Silhouette - Male - 7730 - 55 - Full Frame - Square - Titanium,0,1,1,WIDTH_INC,0,1,0,1,0
Noida GaurCity,NORTH,OMBRA,SUNGLASS,SHEET|FULL|RECTANGLE,MALE,1390,,,SYS166351,,1390,FREE,SYS166351,OB 66607 - OMBRA - Male - C6 - 54 - Sunglass - Rectangle - Sheet,0,1,1,WIDTH_INC,0,11,0,9,3
Noida GaurCity,NORTH,OMBRA,SUNGLASS,SHEET|FULL|RECTANGLE,MALE,1590,,,SYS166361,,1590,FREE,SYS166361,OB 9866P - OMBRA - Male - C1 - 50 - Sunglass - Rectangle - Sheet,0,1,1,WIDTH_INC,0,12,6,9,3
Noida GaurCity,NORTH,OMBRA,SUNGLASS,SHEET|FULL|SQUARE,MALE,1190,,,SYS166360,,1190,FREE,SYS166360,OB 66528 - OMBRA - Male - C9 - 54 - Sunglass - Square - Sheet,0,1,1,WIDTH_INC,0,12,3,9,3
Jabalpur Napier Town,SOUTH,AVANTA,FRAME,TR|FULL|RECTANGLE,MALE,690,,,SYS168026,,690,FREE,SYS168026,AV T018 - Avanta - Male - Trans/Grey - 51 - Full Frame - Rectangle - TR,0,1,1,WIDTH_INC,0,7,1,59,0
Jhunjhunu Indra Nagar,WEST,AVANTA,FRAME,METAL|HALF|SQUARE,MALE,1490,,,SYS153000,,1490,FREE,SYS153000,AV 56123 - Avanta - Male - C3 - 49 - Half Frame - Square - Metal,0,1,1,WIDTH_INC,0,3,1,149,0
Vijayawada Mogalrajpuram,SOUTH,AVANTA,FRAME,TR|FULL|SQUARE,MALE,990,,,SYS165095,,990,FREE,SYS165095,AV 202533 - Avanta - Male - MT.Green - 52 - Full Frame - Square - TR,0,1,1,WIDTH_INC,0,9,0,38,0
Ahemdabad CG Road,WEST,AVANTA,FRAME,METAL|FULL|SQUARE,MALE,790,,,SYS168774,,790,FREE,SYS168774,AV 8253205 - Avanta - Male - Silver - 48 - Full Frame - Square - Metal,0,1,1,WIDTH_INC,0,11,2,7,0
Ghaziabad Nehru Nagar,NORTH,AVANTA,FRAME,METAL|FULL|RECTANGLE,MALE,790,,,SYS168380,,790,FREE,SYS168380,AV ZXA42009 - Avanta - Male - Gun - 49 - Full Frame - Rectangle - Metal,0,1,1,WIDTH_INC,0,24,6,19,0
Jabalpur Napier Town,SOUTH,AVANTA,FRAME,TR|FULL|SQUARE,UNISEX,990,,,SYS167958,,990,FREE,SYS167958,AV 9952202 - Avanta - Unisex - Trans/Grey - 52 - Full Frame - Square - TR,0,1,1,WIDTH_INC,0,16,3,59,0
Jabalpur Napier Town,SOUTH,AVANTA,FRAME,TR|FULL|SQUARE,MALE,890,,,SYS167925,,890,FREE,SYS167925,AV 202534 - Avanta - Male - Black - 53 - Full Frame - Square - TR,0,1,1,WIDTH_INC,0,7,0,59,0
Jabalpur Napier Town,SOUTH,AVANTA,FRAME,TR|FULL|CAT EYE,FEMALE,990,,,SYS168002,,990,FREE,SYS168002,AV 9952213 - Avanta - Female - Trans/Pink - 51 - Full Frame - Cat Eye - TR,0,1,1,WIDTH_INC,0,7,0,59,0
Jabalpur Napier Town,SOUTH,AVANTA,FRAME,TR|FULL|CAT EYE,FEMALE,990,,,SYS167981,,990,FREE,SYS167981,AV 9952214 - Avanta - Female - Trans/Purple - 51 - Full Frame - Cat Eye - TR,0,1,1,WIDTH_INC,0,6,3,59,0
Noida GaurCity,NORTH,OMBRA,SUNGLASS,SHEET|FULL|SQUARE,MALE,1590,,,SYS166473,,1590,FREE,SYS166473,OB 66804 - OMBRA - Male - C2 - 55 - Sunglass - Square - Sheet,0,1,1,WIDTH_INC,0,11,8,9,3
Noida GaurCity,NORTH,OMBRA,SUNGLASS,SHEET|FULL|RECTANGLE,MALE,1590,,,SYS166512,,1590,FREE,SYS166512,OB 9870P - OMBRA - Male - C6 - 50 - Sunglass - Rectangle - Sheet,0,1,1,WIDTH_INC,0,11,0,9,3
Noida GaurCity,NORTH,OMBRA,SUNGLASS,SHEET|FULL|RECTANGLE,MALE,1590,,,SYS166510,,1590,FREE,SYS166510,OB 9870P - OMBRA - Male - C4 - 50 - Sunglass - Rectangle - Sheet,0,1,1,WIDTH_INC,0,11,0,9,3
Patna RPS Mod,NORTH,AVANTA,FRAME,TR|FULL|SQUARE,MALE,990,,,SYS166959,,990,FREE,SYS166959,AV TB6041 - Avanta - Male - C1/5 - 51 - Full Frame - Square - TR,0,1,1,WIDTH_INC,0,12,0,24,0
Indore Vijay Nagar,NORTH,ADMYRA,FRAME,METAL|FULL|RECTANGLE,FEMALE,2190,,,SYS165427,,2190,FREE,SYS165427,AM 25060 - Admyra - Female - C6 - 52 - Full Frame - Rectangle - Metal,0,1,1,WIDTH_INC,0,2,0,29,9
Jabalpur Napier Town,SOUTH,AVANTA KIDS,FRAME,TR|FULL|RECTANGLE,KIDS,790,,,SYS168338,,790,FREE,SYS168338,AV 95007 - Avanta Kids - Kids - Grey/Pink - 45 - Full Frame - Rectangle - TR,0,1,1,WIDTH_INC,0,6,0,2,0
Sikar Police Line Road I Max,WEST,AVANTA,FRAME,TR|FULL|RECTANGLE,MALE,990,,,SYS166956,,990,FREE,SYS166956,AV TB6034 - Avanta - Male - C6 - 51 - Full Frame - Rectangle - TR,0,1,1,WIDTH_INC,0,11,0,29,0
Noida GaurCity,NORTH,EMPORIO ARMANI,FRAME,TITANIUM|FULL|RECTANGLE,MALE,11590,,,SYS166321,,11590,FREE,SYS166321,EA1044TD - Emporio Armani - Male - 3001 - 55 - Supra - Rectangle - Titanium,0,1,1,WIDTH_INC,0,2,0,4,0
Patna RPS Mod,NORTH,AVANTA,FRAME,METAL|FULL|ROUND,FEMALE,990,,,SYS167574,,990,FREE,SYS167574,AV 253004 - Avanta - Female - Copper - 51 - Full Frame - Round - Metal,0,1,1,WIDTH_INC,0,6,2,24,0
Delhi Preet Vihar Vikas Marg,NORTH,ADMYRA,FRAME,METAL|FULL|CAT EYE,FEMALE,2190,,,SYS107563,,2190,FREE,SYS107563,AM SSE1006 - Admyra - Female - C7 - 50 - Full Frame - Cat Eye - Metal,0,1,1,WIDTH_INC,0,1,0,19,5
Gurgaon Dhanak Basti New Railway Road,NORTH,ADMYRA,FRAME,SHEET|FULL|SQUARE,MALE,2490,,,SYS67555,,2490,FREE,SYS67555,AM 001 - Admyra - Male - Black - 53 - Full Frame - Square - Sheet,0,1,1,WIDTH_INC,0,132,84,1,0
Jabalpur Napier Town,SOUTH,AVANTA,FRAME,TR|FULL|SQUARE,MALE,1090,,,SYS166867,,1090,FREE,SYS166867,AV 135021 - Avanta - Male - White - 49 - Full Frame - Square - TR,0,1,1,WIDTH_INC,0,2,1,59,0
Ghaziabad RDC,NORTH,AVANTA,FRAME,TR|FULL|RECTANGLE,MALE,990,,,SYS166997,,990,FREE,SYS166997,AV 250904 - Avanta - Male - Black - 53 - Full Frame - Rectangle - TR,0,1,1,WIDTH_INC,0,9,0,12,0
Ghaziabad RDC,NORTH,AVANTA,FRAME,TR|FULL|SQUARE,MALE,990,,,SYS166959,,990,FREE,SYS166959,AV TB6041 - Avanta - Male - C1/5 - 51 - Full Frame - Square - TR,0,1,1,WIDTH_INC,0,12,0,12,0
Ghaziabad RDC,NORTH,RAYBAN,FRAME,METAL|FULL|AVIATOR,MALE,3790,,,SYS49120,,3790,FREE,SYS49120,RX6049I - Rayban - Male - 2500 - 55 - Full Frame - Aviator - Metal,0,1,1,WIDTH_INC,0,1,0,9,5
Navi Mumbai Nerul ( Shivam ),WEST,ADMYRA,FRAME,SHEET|FULL|RECTANGLE,MALE,2490,,,SYS67858,,2490,FREE,SYS67858,AM 039 - Admyra - Male - D/Grey - 51 - Full Frame - Rectangle - Sheet,0,1,1,WIDTH_INC,0,74,53,17,1
Navi Mumbai Nerul ( Shivam ),WEST,ADMYRA,FRAME,SHEET|FULL|RECTANGLE,MALE,2490,,,SYS67859,,2490,FREE,SYS67859,AM 039 - Admyra - Male - MT.Black - 51 - Full Frame - Rectangle - Sheet,0,1,1,WIDTH_INC,0,70,44,17,1
Navi Mumbai Nerul ( Shivam ),WEST,ADMYRA,FRAME,SHEET|FULL|RECTANGLE,MALE,2490,,,SYS67860,,2490,FREE,SYS67860,AM 039 - Admyra - Male - MT.Blue - 51 - Full Frame - Rectangle - Sheet,0,1,1,WIDTH_INC,0,106,69,17,1
Navi Mumbai Nerul ( Shivam ),WEST,ADMYRA,FRAME,SHEET|FULL|RECTANGLE,MALE,2490,,,SYS67856,,2490,FREE,SYS67856,AM 039 - Admyra - Male - Black - 51 - Full Frame - Rectangle - Sheet,0,1,1,WIDTH_INC,0,103,53,17,1
Patiala Randhawa Eye,NORTH,AVANTA,FRAME,TR|FULL|RECTANGLE,MALE,990,,,SYS166956,,990,FREE,SYS166956,AV TB6034 - Avanta - Male - C6 - 51 - Full Frame - Rectangle - TR,0,1,1,WIDTH_INC,0,11,0,29,0
Siliguri Sevoke Road,WEST,ADMYRA,FRAME,SHEET|FULL|CAT EYE,FEMALE,2790,,,SYS162314,,2790,FREE,SYS162314,AM 0132 - Admyra - Female - Lchm - 52 - Full Frame - Cat Eye - Sheet,0,1,1,WIDTH_INC,0,42,39,12,3
Siliguri Sevoke Road,WEST,ADMYRA,FRAME,SHEET|FULL|CAT EYE,FEMALE,2790,,,SYS162308,,2790,FREE,SYS162308,AM 0131 - Admyra - Female - Purple - 51 - Full Frame - Cat Eye - Sheet,0,1,1,WIDTH_INC,0,44,39,12,3
Siliguri Sevoke Road,WEST,ADMYRA,FRAME,SHEET|FULL|CAT EYE,FEMALE,2790,,,SYS162319,,2790,FREE,SYS162319,AM 0133 - Admyra - Female - Trans/Green - 53 - Full Frame - Cat Eye - Sheet,0,1,1,WIDTH_INC,0,44,39,12,3
Noida GaurCity,NORTH,VERSACE,FRAME,SHEET|FULL|RECTANGLE,MALE,17390,,,SYS92155,,17390,FREE,SYS92155,VE3342 - Versace - Male - 148 - 55 - Full Frame - Rectangle - Sheet,0,1,1,WIDTH_INC,0,1,0,3,1
Panvel Laxmi Eye,WEST,TOMMY HILFIGER,FRAME,SHEET|FULL|RECTANGLE,UNISEX,8490,,,SYS161913,,8490,FREE,SYS161913,TH 6362 - Tommy Hilfiger - Unisex - C3 - 52 - Full Frame - Rectangle - Sheet,0,1,1,WIDTH_INC,0,1,0,11,4
Patiala Randhawa Eye,NORTH,AVANTA,FRAME,TR|FULL|RECTANGLE,MALE,890,,,SYS166801,,890,FREE,SYS166801,AV 270812 - Avanta - Male - Blk/Red - 50 - Full Frame - Rectangle - TR,0,1,1,WIDTH_INC,0,12,0,29,0
Vijayawada Mogalrajpuram,SOUTH,AVANTA,FRAME,METAL|SUPRA|RECTANGLE,MALE,690,,,SYS143390,,690,FREE,SYS143390,AV 31004 - Avanta - Male - Gun - 51 - Supra - Rectangle - Metal,0,1,1,WIDTH_INC,0,8,0,38,0
Noida Spectrum Mall,NORTH,RAYBAN,FRAME,METAL|FULL|RECTANGLE,UNISEX,8690,,,SYS162277,,8690,FREE,SYS162277,RX6647 - Rayban - Unisex - 2501 - 53 - Full Frame - Rectangle - Metal,0,1,1,WIDTH_INC,0,2,1,8,6
Noida Spectrum Mall,NORTH,VOGUE JUNIOR,FRAME,SHEET|FULL|SQUARE,KIDS,3590,,,SYS162055,,3590,FREE,SYS162055,VY2001 - Vogue Junior - Kids - 2966 - 49 - Full Frame - Square - Sheet,0,1,1,WIDTH_INC,0,2,0,4,0
Hyderabad Banjara Hills,SOUTH,MIRAFLEX,FRAME,SHEET|FULL|SQUARE,KIDS,2990,,,SYS168991,,2990,FREE,SYS168991,MF4030 - MiraFlex - Kids - N228 - 42 - Full Frame - Square - Sheet,0,1,1,WIDTH_INC,0,2,1,1,0
Hyderabad Banjara Hills,SOUTH,BURBERRY,FRAME,SHEET|FULL|RECTANGLE,MALE,17790,,,SYS168944,,17790,FREE,SYS168944,BE2452U - Burberry - Male - 4234 - 53 - Full Frame - Rectangle - Sheet,0,1,1,WIDTH_INC,0,2,0,4,2
Hyderabad Banjara Hills,SOUTH,BURBERRY,FRAME,SHEET|FULL|RECTANGLE,MALE,17790,,,SYS168943,,17790,FREE,SYS168943,BE2452U - Burberry - Male - 3464 - 53 - Full Frame - Rectangle - Sheet,0,1,1,WIDTH_INC,0,2,0,4,2
Pune Satara Road Jhamwar Eye,WEST,AVANTA,FRAME,METAL|SUPRA|RECTANGLE,MALE,690,,,SYS143106,,690,FREE,SYS143106,AV MH2007 - Avanta - Male - Copper - 49 - Supra - Rectangle - Metal,0,1,1,WIDTH_INC,0,1,0,19,0
Vijayawada Mogalrajpuram,SOUTH,AVANTA,FRAME,METAL|SUPRA|RECTANGLE,MALE,990,,,SYS168555,,990,FREE,SYS168555,AV 8825712 - Avanta - Male - Gun - 52 - Supra - Rectangle - Metal,0,1,1,WIDTH_INC,0,15,0,38,0
Kharghar Laxmi Eye,WEST,AVANTA,FRAME,SHEET|FULL|SQUARE,MALE,1190,,,SYS162649,,1190,FREE,SYS162649,AV 0063 - Avanta - Male - Trans/Grey - 51 - Full Frame - Square - Sheet,0,1,1,WIDTH_INC,0,267,247,11,0
Hyderabad Banjara Hills,SOUTH,AVANTA KIDS,FRAME,TR|FULL|RECTANGLE,KIDS,790,,,SYS168343,,790,FREE,SYS168343,AV 95007 - Avanta Kids - Kids - MT.Pink - 45 - Full Frame - Rectangle - TR,0,1,1,WIDTH_INC,0,6,0,1,0
Indirapuram Shakti Khand Eros Market,NORTH,ADMYRA,FRAME,SHEET|FULL|SQUARE,MALE,2490,,,SYS67559,,2490,FREE,SYS67559,AM 001 - Admyra - Male - MT.Black - 53 - Full Frame - Square - Sheet,0,1,1,WIDTH_INC,0,61,44,3,0
Indirapuram Shakti Khand Eros Market,NORTH,ADMYRA,FRAME,SHEET|FULL|SQUARE,MALE,2490,,,SYS67558,,2490,FREE,SYS67558,AM 001 - Admyra - Male - Transparent - 53 - Full Frame - Square - Sheet,0,1,1,WIDTH_INC,0,84,54,3,0
Vijayawada Mogalrajpuram,SOUTH,AVANTA,FRAME,METAL|SUPRA|RECTANGLE,MALE,790,,,SYS168394,,790,FREE,SYS168394,AV ZXA42003 - Avanta - Male - Gun - 48 - Supra - Rectangle - Metal,0,1,1,WIDTH_INC,0,24,0,38,0
Vijayawada Mogalrajpuram,SOUTH,AVANTA,FRAME,METAL|FULL|RECTANGLE,MALE,790,,,SYS168401,,790,FREE,SYS168401,AV ZXA42008 - Avanta - Male - Gun - 50 - Full Frame - Rectangle - Metal,0,1,1,WIDTH_INC,0,24,13,38,0
Pune Satara Road Jhamwar Eye,WEST,AVANTA,FRAME,METAL|FULL|RECTANGLE,MALE,790,,,SYS168380,,790,FREE,SYS168380,AV ZXA42009 - Avanta - Male - Gun - 49 - Full Frame - Rectangle - Metal,0,1,1,WIDTH_INC,0,24,6,19,0
Kolkata Madhyamgram,EAST,AVANTA,FRAME,SHEET|FULL|RECTANGLE,MALE,1190,,,SYS158378,,1190,FREE,SYS158378,AV 0061 - Avanta - Male - Black - 53 - Full Frame - Rectangle - Sheet,0,1,1,WIDTH_INC,0,143,113,4,0
Ranchi Kutchery Road,EAST,AVANTA,FRAME,METAL|FULL|RECTANGLE,MALE,690,,,SYS113113,,690,FREE,SYS113113,AV 31004 - Avanta - Male - Gun - 48 - Full Frame - Rectangle - Metal,0,1,1,WIDTH_INC,0,12,0,21,0
Pune Satara Road Jhamwar Eye,WEST,AVANTA,FRAME,TR|FULL|SQUARE,MALE,690,,,SYS168626,,690,FREE,SYS168626,AV 701015 - Avanta - Male - MT.Blk - 53 - Full Frame - Square - TR,0,1,1,WIDTH_INC,0,18,10,19,0
Pune Satara Road Jhamwar Eye,WEST,AVANTA,FRAME,METAL|FULL|SQUARE,MALE,1090,,,SYS168613,,1090,FREE,SYS168613,AV 66003 - Avanta - Male - Gold - 53 - Full Frame - Square - Metal,0,1,1,WIDTH_INC,0,15,9,19,0
Pune Satara Road Jhamwar Eye,WEST,AVANTA,FRAME,METAL|HALF|SQUARE,MALE,1090,,,SYS168608,,1090,FREE,SYS168608,AV 66004 - Avanta - Male - Gold - 55 - Half Frame - Square - Metal,0,1,1,WIDTH_INC,0,15,14,19,0
Faridabad Sec 16A,NORTH,VOGUE,FRAME,METAL|HALF|SQUARE,MALE,4390,,,SYS68524,,4390,FREE,SYS68524,VO4278I - Vogue - Male - 548 - 54 - Half Frame - Square - Metal,0,1,1,WIDTH_INC,0,1,0,2,0
Vijayawada Mogalrajpuram,SOUTH,AVANTA,FRAME,METAL|FULL|RECTANGLE,MALE,790,,,SYS168380,,790,FREE,SYS168380,AV ZXA42009 - Avanta - Male - Gun - 49 - Full Frame - Rectangle - Metal,0,1,1,WIDTH_INC,0,24,6,38,0
Kolkata Madhyamgram,EAST,AVANTA,FRAME,SHEET|FULL|ROUND,UNISEX,1190,,,SYS158417,,1190,FREE,SYS158417,AV 0068HD - Avanta - Unisex - Trans/Purple - 48 - Full Frame - Round - Sheet,0,1,1,WIDTH_INC,0,55,39,4,0
Navi Mumbai Nerul ( Shivam ),WEST,ADMYRA,FRAME,SHEET|FULL|SQUARE,MALE,2490,,,SYS67555,,2490,FREE,SYS67555,AM 001 - Admyra - Male - Black - 53 - Full Frame - Square - Sheet,0,1,1,WIDTH_INC,0,132,84,17,1
Navi Mumbai Nerul ( Shivam ),WEST,ADMYRA,FRAME,SHEET|FULL|SQUARE,MALE,2490,,,SYS67557,,2490,FREE,SYS67557,AM 001 - Admyra - Male - D/Grey - 53 - Full Frame - Square - Sheet,0,1,1,WIDTH_INC,0,72,40,17,1
Navi Mumbai Nerul ( Shivam ),WEST,ADMYRA,FRAME,SHEET|FULL|SQUARE,MALE,2490,,,SYS67558,,2490,FREE,SYS67558,AM 001 - Admyra - Male - Transparent - 53 - Full Frame - Square - Sheet,0,1,1,WIDTH_INC,0,84,54,17,1
Warangal Hanamkonda Kakathiya,SOUTH,AVANTA KIDS,FRAME,TR|FULL|RECTANGLE,KIDS,1090,,,SYS167665,,1090,FREE,SYS167665,AV 77071 - Avanta Kids - Kids - Black - 45 - Clip on - Rectangle - TR,0,1,1,WIDTH_INC,0,8,0,2,0
Indore Vijay Nagar,NORTH,AVANTA,FRAME,TR|FULL|RECTANGLE,MALE,990,,,SYS166956,,990,FREE,SYS166956,AV TB6034 - Avanta - Male - C6 - 51 - Full Frame - Rectangle - TR,0,1,1,WIDTH_INC,0,11,0,17,0
Prayagraj Tashkent Marg,NORTH,ADMYRA,FRAME,METAL|FULL|SQUARE,MALE,2190,,,SYS106246,,2190,FREE,SYS106246,AM 60006 - Admyra - Male - Silver/Blk - 53 - Full Frame - Square - Metal,0,1,1,WIDTH_INC,0,1,0,9,4
Indore Sapna Sangeeta Road,NORTH,AVANTA,FRAME,METAL|FULL|HEXAGON,UNISEX,990,,,SYS167580,,990,FREE,SYS167580,AV 253002 - Avanta - Unisex - Copper - 52 - Full Frame - Hexagon - Metal,0,1,1,WIDTH_INC,0,4,1,22,0
Indore Sapna Sangeeta Road,NORTH,AVANTA KIDS,FRAME,TR|FULL|RECTANGLE,KIDS,790,,,SYS167619,,790,FREE,SYS167619,AV TR11521 - Avanta Kids - Kids - Blue - 47 - Full Frame - Rectangle - TR,0,1,1,WIDTH_INC,0,6,0,6,0
Vijayawada Mogalrajpuram,SOUTH,AVANTA,FRAME,TR|FULL|RECTANGLE,MALE,1290,,,SYS168759,,1290,FREE,SYS168759,AV 7307 - Avanta - Male - C5 - 53 - Full Frame - Rectangle - TR,0,1,1,WIDTH_INC,0,10,8,38,0
Faridabad Sec 16A,NORTH,AVANTA,FRAME,METAL|SUPRA|RECTANGLE,MALE,490,,,SYS160681,,490,FREE,SYS160681,AV 31010 - Avanta - Male - Gun - 51 - Supra - Rectangle - Metal,0,1,1,WIDTH_INC,0,10,0,23,0
Vijayawada Mogalrajpuram,SOUTH,AVANTA,FRAME,TR|FULL|ROUND,UNISEX,690,,,SYS168634,,690,FREE,SYS168634,AV 701017 - Avanta - Unisex - MT.Blk - 49 - Full Frame - Round - TR,0,1,1,WIDTH_INC,0,12,8,38,0
Vijayawada Mogalrajpuram,SOUTH,AVANTA,FRAME,TR|FULL|ROUND,UNISEX,690,,,SYS168636,,690,FREE,SYS168636,AV 701017 - Avanta - Unisex - Blue - 49 - Full Frame - Round - TR,0,1,1,WIDTH_INC,0,7,5,38,0
Vijayawada Mogalrajpuram,SOUTH,AVANTA,FRAME,TR|FULL|SQUARE,MALE,690,,,SYS168628,,690,FREE,SYS168628,AV 701015 - Avanta - Male - Blk/Red - 53 - Full Frame - Square - TR,0,1,1,WIDTH_INC,0,11,10,38,0
Vijayawada Mogalrajpuram,SOUTH,AVANTA,FRAME,TR|FULL|SQUARE,MALE,690,,,SYS168626,,690,FREE,SYS168626,AV 701015 - Avanta - Male - MT.Blk - 53 - Full Frame - Square - TR,0,1,1,WIDTH_INC,0,18,10,38,0
Vijayawada Mogalrajpuram,SOUTH,AVANTA,FRAME,METAL|FULL|SQUARE,MALE,1090,,,SYS168613,,1090,FREE,SYS168613,AV 66003 - Avanta - Male - Gold - 53 - Full Frame - Square - Metal,0,1,1,WIDTH_INC,0,15,9,38,0
Indore Vijay Nagar,NORTH,AVANTA,FRAME,TR|FULL|RECTANGLE,MALE,890,,,SYS166801,,890,FREE,SYS166801,AV 270812 - Avanta - Male - Blk/Red - 50 - Full Frame - Rectangle - TR,0,1,1,WIDTH_INC,0,12,0,17,0
Badlapur Kulgaon Drishti Eye,WEST,AVANTA,FRAME,SHEET|FULL|RECTANGLE,MALE,1190,,,SYS158378,,1190,FREE,SYS158378,AV 0061 - Avanta - Male - Black - 53 - Full Frame - Rectangle - Sheet,0,1,1,WIDTH_INC,0,143,113,10,0
Badlapur Kulgaon Drishti Eye,WEST,AVANTA,FRAME,SHEET|FULL|CAT EYE,FEMALE,1190,,,SYS158408,,1190,FREE,SYS158408,AV 0072HD - Avanta - Female - Black - 51 - Full Frame - Cat Eye - Sheet,0,1,1,WIDTH_INC,0,55,43,10,0
Hyderabad Hayathnagar,SOUTH,ADMYRA,FRAME,SHEET|FULL|CAT EYE,FEMALE,2790,,,SYS162316,,2790,FREE,SYS162316,AM 0133 - Admyra - Female - Black - 53 - Full Frame - Cat Eye - Sheet,0,1,1,WIDTH_INC,0,49,19,20,5
Badlapur Kulgaon Drishti Eye,WEST,AVANTA,FRAME,SHEET|FULL|ROUND,UNISEX,1190,,,SYS158417,,1190,FREE,SYS158417,AV 0068HD - Avanta - Unisex - Trans/Purple - 48 - Full Frame - Round - Sheet,0,1,1,WIDTH_INC,0,55,39,10,0
Hyderabad Hayathnagar,SOUTH,ADMYRA,FRAME,SHEET|FULL|CAT EYE,FEMALE,2790,,,SYS162318,,2790,FREE,SYS162318,AM 0133 - Admyra - Female - D/Brown - 53 - Full Frame - Cat Eye - Sheet,0,1,1,WIDTH_INC,0,47,41,20,5
Hyderabad Hayathnagar,SOUTH,ADMYRA,FRAME,SHEET|FULL|CAT EYE,FEMALE,2790,,,SYS162310,,2790,FREE,SYS162310,AM 0131 - Admyra - Female - Trans/Blue - 51 - Full Frame - Cat Eye - Sheet,0,1,1,WIDTH_INC,0,49,19,20,5
Hyderabad Hayathnagar,SOUTH,ADMYRA,FRAME,SHEET|FULL|CAT EYE,FEMALE,2790,,,SYS162309,,2790,FREE,SYS162309,AM 0131 - Admyra - Female - D/Green - 51 - Full Frame - Cat Eye - Sheet,0,1,1,WIDTH_INC,0,50,38,20,5
Hyderabad Hayathnagar,SOUTH,ADMYRA,FRAME,SHEET|FULL|CAT EYE,FEMALE,2790,,,SYS162312,,2790,FREE,SYS162312,AM 0132 - Admyra - Female - D/Brown - 52 - Full Frame - Cat Eye - Sheet,0,1,1,WIDTH_INC,0,50,38,20,5
Hyderabad Hayathnagar,SOUTH,ADMYRA,FRAME,SHEET|FULL|CAT EYE,FEMALE,2790,,,SYS162311,,2790,FREE,SYS162311,AM 0132 - Admyra - Female - Black - 52 - Full Frame - Cat Eye - Sheet,0,1,1,WIDTH_INC,0,44,41,20,5
Noida Spectrum Mall,NORTH,FRENCH CONNECTION,FRAME,SHEET|FULL|RECTANGLE,MALE,3490,,,SYS75243,,3490,FREE,SYS75243,FC 9781 - French Connection - Male - C4 - 54 - Full Frame - Rectangle - Sheet,0,1,1,WIDTH_INC,0,9,0,7,6
Siliguri Sevoke Road,WEST,AVANTA,FRAME,TR|FULL|CAT EYE,FEMALE,690,,,SYS160605,,690,FREE,SYS160605,AV 202433 - Avanta - Female - Black - 50 - Full Frame - Cat Eye - TR,0,1,1,WIDTH_INC,0,5,1,20,0
Indore Sapna Sangeeta Road,NORTH,AVANTA,FRAME,TR|FULL|RECTANGLE,MALE,990,,,SYS166965,,990,FREE,SYS166965,AV 50043 - Avanta - Male - C2 - 51 - Full Frame - Rectangle - TR,0,1,1,WIDTH_INC,0,9,1,22,0
Indore Vijay Nagar,NORTH,AVANTA,FRAME,TR|FULL|SQUARE,UNISEX,990,,,SYS167958,,990,FREE,SYS167958,AV 9952202 - Avanta - Unisex - Trans/Grey - 52 - Full Frame - Square - TR,0,1,1,WIDTH_INC,0,16,3,17,0
Indore Vijay Nagar,NORTH,AVANTA,FRAME,TR|FULL|SQUARE,MALE,990,,,SYS167965,,990,FREE,SYS167965,AV 9952204 - Avanta - Male - Trans/Grey - 53 - Full Frame - Square - TR,0,1,1,WIDTH_INC,0,12,0,17,0
Indore Vijay Nagar,NORTH,AVANTA,FRAME,TR|FULL|CAT EYE,FEMALE,990,,,SYS168002,,990,FREE,SYS168002,AV 9952213 - Avanta - Female - Trans/Pink - 51 - Full Frame - Cat Eye - TR,0,1,1,WIDTH_INC,0,7,0,17,0
Faridabad Sec 16A,NORTH,AVANTA,FRAME,TR|FULL|CAT EYE,FEMALE,990,,,SYS162221,,990,FREE,SYS162221,AV 132008 - Avanta - Female - Green - 51 - Full Frame - Cat Eye - TR,0,1,1,WIDTH_INC,0,6,0,23,0
Noida Spectrum Mall,NORTH,VOGUE JUNIOR,FRAME,SHEET|FULL|OVAL,KIDS,2490,,,SYS75157,,2490,FREE,SYS75157,VY2011 - Vogue Junior - Kids - 2974 - 37 - Full Frame - Oval - Sheet,0,1,1,WIDTH_INC,0,7,0,4,0
Indore Vijay Nagar,NORTH,AVANTA,FRAME,TR|FULL|CAT EYE,FEMALE,890,,,SYS168103,,890,FREE,SYS168103,AV 8019 - Avanta - Female - Black - 51 - Full Frame - Cat Eye - TR,0,1,1,WIDTH_INC,0,9,0,17,0
Faridabad Sec 16A,NORTH,AVANTA,FRAME,METAL|FULL|RECTANGLE,MALE,1190,,,SYS160402,,1190,FREE,SYS160402,AV T03013 - Avanta - Male - Silver/Grey - 53 - Full Frame - Rectangle - Metal,0,1,1,WIDTH_INC,0,3,0,23,0
Noida Sec 50,NORTH,ADMYRA,FRAME,SHEET|FULL|RECTANGLE,MALE,2490,,,SYS67856,,2490,FREE,SYS67856,AM 039 - Admyra - Male - Black - 51 - Full Frame - Rectangle - Sheet,0,1,1,WIDTH_INC,0,103,53,3,0
Guwahati Rukminigaon TRC,EAST,AVANTA,FRAME,TR|FULL|ROUND,UNISEX,990,,,SYS163222,,990,FREE,SYS163222,AV 303039 - Avanta - Unisex - MT.Green - 47 - Full Frame - Round - TR,0,1,1,WIDTH_INC,0,6,0,6,0
Delhi Dwarka Sec 09,NORTH,VOGUE,FRAME,SHEET|FULL|CAT EYE,FEMALE,6090,,,SYS168910,,6090,FREE,SYS168910,VO5691 - Vogue - Female - 3288 - 52 - Full Frame - Cat Eye - Sheet,0,1,1,WIDTH_INC,0,1,0,17,2
Delhi Dwarka Sec 09,NORTH,VOGUE,FRAME,SHEET|FULL|CAT EYE,FEMALE,6090,,,SYS168909,,6090,FREE,SYS168909,VO5691 - Vogue - Female - 2966 - 52 - Full Frame - Cat Eye - Sheet,0,1,1,WIDTH_INC,0,1,0,17,2
Delhi Dwarka Sec 09,NORTH,RAYBAN,FRAME,SHEET|FULL|SQUARE,MALE,9290,,,SYS168942,,9290,FREE,SYS168942,RX5397 - Rayban - Male - 2001 - 50 - Full Frame - Square - Sheet,0,1,1,WIDTH_INC,0,2,0,12,0
Delhi Dwarka Sec 09,NORTH,RAYBAN,FRAME,SHEET|FULL|CAT EYE,FEMALE,10490,,,SYS168926,,10490,FREE,SYS168926,RX5362 - Rayban - Female - 8480 - 54 - Full Frame - Cat Eye - Sheet,0,1,1,WIDTH_INC,0,2,0,12,0
Delhi Dwarka Sec 09,NORTH,VOGUE,FRAME,SHEET|FULL|SQUARE,MALE,6090,,,SYS168938,,6090,FREE,SYS168938,VO5708 - Vogue - Male - 3294 - 49 - Full Frame - Square - Sheet,0,1,1,WIDTH_INC,0,2,0,17,2
Delhi Dwarka Sec 09,NORTH,PRADA,FRAME,SHEET|FULL|RECTANGLE,FEMALE,29590,,,SYS168953,,29590,FREE,SYS168953,PR D04V - Prada - Female - 20D1O1 - 52 - Full Frame - Rectangle - Sheet,0,1,1,WIDTH_INC,0,3,0,6,4
Delhi Dwarka Sec 09,NORTH,VERSACE,FRAME,SHEET|FULL|RECTANGLE,MALE,23190,,,SYS168964,,23190,FREE,SYS168964,VE3390U - Versace - Male - GB1 - 54 - Full Frame - Rectangle - Sheet,0,1,1,WIDTH_INC,0,1,0,4,0
Delhi Dwarka Sec 09,NORTH,VERSACE,FRAME,SHEET|FULL|CAT EYE,FEMALE,18090,,,SYS168968,,18090,FREE,SYS168968,VE3394D - Versace - Female - 5339 - 53 - Full Frame - Cat Eye - Sheet,0,1,1,WIDTH_INC,0,1,0,4,0
Moradabad Kanth Road,NORTH,AVANTA,FRAME,TR|FULL|ROUND,UNISEX,990,,,SYS167143,,990,FREE,SYS167143,AV 250983 - Avanta - Unisex - C4 - 46 - Full Frame - Round - TR,0,1,1,WIDTH_INC,0,9,0,20,0
Faridabad Sec 16A,NORTH,ADMYRA,FRAME,SHEET|FULL|CAT EYE,FEMALE,2790,,,SYS162319,,2790,FREE,SYS162319,AM 0133 - Admyra - Female - Trans/Green - 53 - Full Frame - Cat Eye - Sheet,0,1,1,WIDTH_INC,0,44,39,23,6
Faridabad Sec 16A,NORTH,ADMYRA,FRAME,SHEET|FULL|CAT EYE,FEMALE,2790,,,SYS162320,,2790,FREE,SYS162320,AM 0133 - Admyra - Female - D/Burgundy - 53 - Full Frame - Cat Eye - Sheet,0,1,1,WIDTH_INC,0,44,39,23,6
Indore Vijay Nagar,NORTH,AVANTA KIDS,FRAME,TR|FULL|ROUND,KIDS,790,,,SYS168316,,790,FREE,SYS168316,AV 95008 - Avanta Kids - Kids - Trans/Purple - 43 - Full Frame - Round - TR,0,1,1,WIDTH_INC,0,6,0,5,0
Faridabad Sec 16A,NORTH,ADMYRA,FRAME,SHEET|FULL|CAT EYE,FEMALE,2790,,,SYS162308,,2790,FREE,SYS162308,AM 0131 - Admyra - Female - Purple - 51 - Full Frame - Cat Eye - Sheet,0,1,1,WIDTH_INC,0,44,39,23,6
Faridabad Sec 16A,NORTH,ADMYRA,FRAME,SHEET|FULL|CAT EYE,FEMALE,2790,,,SYS162310,,2790,FREE,SYS162310,AM 0131 - Admyra - Female - Trans/Blue - 51 - Full Frame - Cat Eye - Sheet,0,1,1,WIDTH_INC,0,49,19,23,6
Faridabad Sec 16A,NORTH,ADMYRA,FRAME,SHEET|FULL|CAT EYE,FEMALE,2790,,,SYS162309,,2790,FREE,SYS162309,AM 0131 - Admyra - Female - D/Green - 51 - Full Frame - Cat Eye - Sheet,0,1,1,WIDTH_INC,0,50,38,23,6
Faridabad Sec 16A,NORTH,ADMYRA,FRAME,SHEET|FULL|CAT EYE,FEMALE,2790,,,SYS162316,,2790,FREE,SYS162316,AM 0133 - Admyra - Female - Black - 53 - Full Frame - Cat Eye - Sheet,0,1,1,WIDTH_INC,0,49,19,23,6
Faridabad Sec 16A,NORTH,ADMYRA,FRAME,SHEET|FULL|CAT EYE,FEMALE,2790,,,SYS162315,,2790,FREE,SYS162315,AM 0132 - Admyra - Female - Green - 52 - Full Frame - Cat Eye - Sheet,0,1,1,WIDTH_INC,0,45,42,23,6
Ghaziabad RDC,NORTH,AVANTA KIDS,FRAME,TR|FULL|RECTANGLE,KIDS,790,,,SYS167619,,790,FREE,SYS167619,AV TR11521 - Avanta Kids - Kids - Blue - 47 - Full Frame - Rectangle - TR,0,1,1,WIDTH_INC,0,6,0,7,0
Faridabad Sec 16A,NORTH,ADMYRA,FRAME,SHEET|FULL|CAT EYE,FEMALE,2790,,,SYS162314,,2790,FREE,SYS162314,AM 0132 - Admyra - Female - Lchm - 52 - Full Frame - Cat Eye - Sheet,0,1,1,WIDTH_INC,0,42,39,23,6
Indore Vijay Nagar,NORTH,AVANTA KIDS,FRAME,TR|FULL|RECTANGLE,KIDS,790,,,SYS168340,,790,FREE,SYS168340,AV 95007 - Avanta Kids - Kids - Yellow - 45 - Full Frame - Rectangle - TR,0,1,1,WIDTH_INC,0,6,0,5,0
Delhi Dwarka Sec 09,NORTH,AVANTA KIDS,FRAME,TR|FULL|CAT EYE,KIDS,790,,,SYS168177,,790,FREE,SYS168177,AV 1007 - Avanta Kids - Kids - Transparent - 42 - Full Frame - Cat Eye - TR,0,1,1,WIDTH_INC,0,8,0,14,0
Noida Sec 50,NORTH,RAYBAN,SUNGLASS,SHEET|FULL|RECTANGLE,MALE,10990,,,SYS162425,,10990,FREE,SYS162425,RB4396 - Rayban - Male - 667771 - 54 - Sunglass - Rectangle - Sheet,0,1,1,WIDTH_INC,0,3,0,6,0
Noida Sec 50,NORTH,RAYBAN,FRAME,METAL|FULL|SQUARE,MALE,5290,,,SYS162322,,5290,FREE,SYS162322,RX6544I - Rayban - Male - 2509 - 55 - Full Frame - Square - Metal,0,1,1,WIDTH_INC,0,1,0,6,4
LAJPAT NAGAR,NORTH,ADMYRA,FRAME,SHEET|FULL|RECTANGLE,MALE,2490,,,SYS67859,,2490,FREE,SYS67859,AM 039 - Admyra - Male - MT.Black - 51 - Full Frame - Rectangle - Sheet,0,1,1,WIDTH_INC,0,70,44,2,0
Noida MOI,NORTH,TOM FORD,FRAME,SHEET|FULL|RECTANGLE,MALE,38000,,,SYS162598,,38000,FREE,SYS162598,TF5757/B - Tom Ford - Male - 001 - 52 - Full Frame - Rectangle - Sheet,0,1,1,WIDTH_INC,0,1,0,5,2
Noida MOI,NORTH,TOM FORD,SUNGLASS,SHEET|FULL|RECTANGLE,MALE,40000,,,SYS162606,,40000,FREE,SYS162606,TF1303 - Tom Ford - Male - 52V - 53 - Sunglass - Rectangle - Sheet,0,1,1,WIDTH_INC,0,1,0,6,4
Warangal Hanamkonda Kakathiya,SOUTH,OMBRA,SUNGLASS,SHEET|FULL|RECTANGLE,MALE,1590,,,SYS166547,,1590,FREE,SYS166547,OB TSM3351 - OMBRA - Male - C1 - 50 - Sunglass - Rectangle - Sheet,0,1,1,WIDTH_INC,0,11,1,9,7
Warangal Hanamkonda Kakathiya,SOUTH,OMBRA,SUNGLASS,SHEET|FULL|RECTANGLE,MALE,1590,,,SYS166512,,1590,FREE,SYS166512,OB 9870P - OMBRA - Male - C6 - 50 - Sunglass - Rectangle - Sheet,0,1,1,WIDTH_INC,0,11,0,9,7
Indore Sapna Sangeeta Road,NORTH,AVANTA,FRAME,TR|FULL|RECTANGLE,MALE,890,,,SYS166800,,890,FREE,SYS166800,AV 270812 - Avanta - Male - Black - 50 - Full Frame - Rectangle - TR,0,1,1,WIDTH_INC,0,20,0,22,0
Noida Sec 50,NORTH,PRADA,FRAME,SHEET|FULL|CAT EYE,FEMALE,26790,,,SYS162413,,26790,FREE,SYS162413,PR C08V - Prada - Female - 20H1O1 - 52 - Full Frame - Cat Eye - Sheet,0,1,1,WIDTH_INC,0,1,0,8,4
Noida Sec 50,NORTH,PRADA,SUNGLASS,SHEET|FULL|CAT EYE,FEMALE,38190,,,SYS162405,,38190,FREE,SYS162405,PR C04S - Prada - Female - 22F90Q - 52 - Sunglass - Cat Eye - Sheet,0,1,1,WIDTH_INC,0,1,0,3,0
Noida Sec 50,NORTH,FRENCH CONNECTION,FRAME,SHEET|FULL|RECTANGLE,MALE,3490,,,SYS75243,,3490,FREE,SYS75243,FC 9781 - French Connection - Male - C4 - 54 - Full Frame - Rectangle - Sheet,0,1,1,WIDTH_INC,0,9,0,3,2
Noida Sec 50,NORTH,PRADA,SUNGLASS,SHEET|FULL|SQUARE,FEMALE,36290,,,SYS162575,,36290,FREE,SYS162575,PR B23S - Prada - Female - 20D50Q - 54 - Sunglass - Square - Sheet,0,1,1,WIDTH_INC,0,2,0,3,0
Faridabad Sec 16A,NORTH,TOMMY HILFIGER,FRAME,METAL|FULL|SQUARE,MALE,6990,,,SYS75283,,6990,FREE,SYS75283,TH 6293 - Tommy Hilfiger - Male - C1 - 50 - Full Frame - Square - Metal,0,1,1,WIDTH_INC,0,1,0,2,1
Delhi Dwarka Sec 09,NORTH,AVANTA KIDS,FRAME,TR|FULL|ROUND,KIDS,790,,,SYS168320,,790,FREE,SYS168320,AV 95008 - Avanta Kids - Kids - Grey/Pink - 43 - Full Frame - Round - TR,0,1,1,WIDTH_INC,0,6,0,14,0
Delhi Dwarka Sec 09,NORTH,AVANTA KIDS,FRAME,TR|FULL|RECTANGLE,KIDS,790,,,SYS168344,,790,FREE,SYS168344,AV 95007 - Avanta Kids - Kids - D/Purple - 45 - Full Frame - Rectangle - TR,0,1,1,WIDTH_INC,0,7,0,14,0
Delhi Dwarka Sec 09,NORTH,AVANTA KIDS,FRAME,TR|FULL|SQUARE,KIDS,790,,,SYS168306,,790,FREE,SYS168306,AV 95005 - Avanta Kids - Kids - MT.Brown - 45 - Full Frame - Square - TR,0,1,1,WIDTH_INC,0,7,0,14,0
Delhi Dwarka Sec 09,NORTH,AVANTA KIDS,FRAME,TR|FULL|ROUND,KIDS,790,,,SYS168311,,790,FREE,SYS168311,AV 95008 - Avanta Kids - Kids - Yellow - 43 - Full Frame - Round - TR,0,1,1,WIDTH_INC,0,6,0,14,0
Warangal Hanamkonda Kakathiya,SOUTH,VOGUE,FRAME,SHEET|FULL|SQUARE,MALE,6090,,,SYS166677,,6090,FREE,SYS166677,VO5708 - Vogue - Male - W44 - 49 - Full Frame - Square - Sheet,0,1,1,WIDTH_INC,0,2,0,6,4
Patna Kankarbagh,NORTH,STEPPER,FRAME,TITANIUM|FULL|SQUARE,MALE,12100,,,SYS92206,,12100,FREE,SYS92206,SI/60232 - Stepper - Male - F112 - 51 - Full Frame - Square - Titanium,0,1,1,WIDTH_INC,0,4,0,1,0
Jammu BC Road Rehari Chungi,NORTH,AVANTA,FRAME,METAL|SUPRA|RECTANGLE,MALE,790,,,SYS168394,,790,FREE,SYS168394,AV ZXA42003 - Avanta - Male - Gun - 48 - Supra - Rectangle - Metal,0,1,1,WIDTH_INC,0,24,0,15,0
Delhi Preet Vihar Vikas Marg,NORTH,EMPORIO ARMANI,FRAME,SHEET|FULL|RECTANGLE,MALE,12890,,,SYS111695,,12890,FREE,SYS111695,EA3233 - Emporio Armani - Male - 6102 - 56 - Full Frame - Rectangle - Sheet,0,1,1,WIDTH_INC,0,1,0,6,0
Noida MOI,NORTH,GUCCI,FRAME,METAL|FULL|RECTANGLE,MALE,24375,,,SYS161539,,24375,FREE,SYS161539,GG1801O - Gucci - Male - 001 - 54 - Full Frame - Rectangle - Metal,0,1,1,WIDTH_INC,0,1,0,4,1
Noida MOI,NORTH,GUCCI,FRAME,SHEET|FULL|ROUND,MALE,17906,,,SYS161528,,17906,FREE,SYS161528,GG1822O - Gucci - Male - 002 - 50 - Full Frame - Round - Sheet,0,1,1,WIDTH_INC,0,1,0,4,1
Delhi Dwarka Sec 09,NORTH,AVANTA,FRAME,TR|FULL|SQUARE,UNISEX,990,,,SYS167958,,990,FREE,SYS167958,AV 9952202 - Avanta - Unisex - Trans/Grey - 52 - Full Frame - Square - TR,0,1,1,WIDTH_INC,0,16,3,21,0
Indore Vijay Nagar,NORTH,AVANTA,FRAME,METAL|FULL|HEXAGON,MALE,790,,,SYS168796,,790,FREE,SYS168796,AV 85003 - Avanta - Male - Gun - 49 - Full Frame - Hexagon - Metal,0,1,1,WIDTH_INC,0,8,1,17,0
Indore Sapna Sangeeta Road,NORTH,AVANTA,FRAME,TR|FULL|SQUARE,UNISEX,990,,,SYS167958,,990,FREE,SYS167958,AV 9952202 - Avanta - Unisex - Trans/Grey - 52 - Full Frame - Square - TR,0,1,1,WIDTH_INC,0,16,3,22,0
Patiala Randhawa Eye,NORTH,AVANTA,FRAME,TR|FULL|SQUARE,MALE,990,,,SYS166960,,990,FREE,SYS166960,AV TB6041 - Avanta - Male - C1/6 - 51 - Full Frame - Square - TR,0,1,1,WIDTH_INC,0,14,0,29,0
Indore Sapna Sangeeta Road,NORTH,AVANTA,FRAME,TR|FULL|CAT EYE,FEMALE,990,,,SYS167994,,990,FREE,SYS167994,AV 9952215 - Avanta - Female - Black - 51 - Full Frame - Cat Eye - TR,0,1,1,WIDTH_INC,0,6,1,22,0
Jabalpur Napier Town,SOUTH,AVANTA,FRAME,METAL|SUPRA|RECTANGLE,MALE,490,,,SYS147815,,490,FREE,SYS147815,AV 31004 - Avanta - Male - Gun - 48 - Supra - Rectangle - Metal,0,1,1,WIDTH_INC,0,9,3,59,0
Indore Sapna Sangeeta Road,NORTH,AVANTA,FRAME,TR|FULL|SQUARE,MALE,990,,,SYS167965,,990,FREE,SYS167965,AV 9952204 - Avanta - Male - Trans/Grey - 53 - Full Frame - Square - TR,0,1,1,WIDTH_INC,0,12,0,22,0
Moradabad Kanth Road,NORTH,AVANTA,FRAME,TR|FULL|SQUARE,MALE,790,,,SYS166697,,790,FREE,SYS166697,AV 77085 - Avanta - Male - MT.Blue - 50 - Full Frame - Square - TR,0,1,1,WIDTH_INC,0,3,1,20,0
Delhi Dwarka Sec 09,NORTH,AVANTA,FRAME,TR|FULL|CAT EYE,FEMALE,890,,,SYS168103,,890,FREE,SYS168103,AV 8019 - Avanta - Female - Black - 51 - Full Frame - Cat Eye - TR,0,1,1,WIDTH_INC,0,9,0,21,0
Moradabad Kanth Road,NORTH,AVANTA,FRAME,TR|FULL|RECTANGLE,MALE,890,,,SYS166800,,890,FREE,SYS166800,AV 270812 - Avanta - Male - Black - 50 - Full Frame - Rectangle - TR,0,1,1,WIDTH_INC,0,20,0,20,0
Patna Kankarbagh,NORTH,PIERRE CARDIN,FRAME,METAL|FULL|SQUARE,FEMALE,8100,,,SYS92443,,8100,FREE,SYS92443,P.C. 8912 - Pierre Cardin - Female - 000 - 52 - Full Frame - Square - Metal,0,1,1,WIDTH_INC,0,1,0,6,5
Delhi Rajouri Garden,NORTH,OMBRA,SUNGLASS,SHEET|FULL|SQUARE,MALE,1190,,,SYS166360,,1190,FREE,SYS166360,OB 66528 - OMBRA - Male - C9 - 54 - Sunglass - Square - Sheet,0,1,1,WIDTH_INC,0,12,3,10,5
Delhi Rajouri Garden,NORTH,OMBRA,SUNGLASS,SHEET|FULL|RECTANGLE,UNISEX,1590,,,SYS166372,,1590,FREE,SYS166372,OB TSM3242 - OMBRA - Unisex - C4 - 51 - Sunglass - Rectangle - Sheet,0,1,1,WIDTH_INC,0,12,11,10,5
Delhi Rajouri Garden,NORTH,OMBRA,SUNGLASS,TR|FULL|SQUARE,UNISEX,1190,,,SYS166374,,1190,FREE,SYS166374,OB TR9901 - OMBRA - Unisex - C1 - 53 - Sunglass - Square - TR,0,1,1,WIDTH_INC,0,13,11,10,5
Jaipur Malviya Nagar,WEST,STEPPER,FRAME,TITANIUM|FULL|CAT EYE,FEMALE,9790,,,SYS157087,,9790,FREE,SYS157087,SI/50042 - Stepper - Female - F014 - 53 - Full Frame - Cat Eye - Titanium,0,1,1,WIDTH_INC,0,2,0,3,0
Delhi Rajouri Garden,NORTH,OMBRA,SUNGLASS,SHEET|FULL|SQUARE,MALE,1190,,,SYS166358,,1190,FREE,SYS166358,OB 66528 - OMBRA - Male - C2 - 54 - Sunglass - Square - Sheet,0,1,1,WIDTH_INC,0,12,9,10,5
Indore Sapna Sangeeta Road,NORTH,AVANTA KIDS,FRAME,TR|FULL|SQUARE,KIDS,790,,,SYS168299,,790,FREE,SYS168299,AV 95005 - Avanta Kids - Kids - MT.Blue - 45 - Full Frame - Square - TR,0,1,1,WIDTH_INC,0,10,0,6,0
Ajmer Ramganj,WEST,AVANTA,FRAME,METAL|HALF|RECTANGLE,MALE,1790,,,SYS165486,,1790,FREE,SYS165486,AV 7233 - Avanta - Male - C4 - 52 - Half Frame - Rectangle - Metal,0,1,1,WIDTH_INC,0,4,2,21,0
Indore Sapna Sangeeta Road,NORTH,AVANTA KIDS,FRAME,TR|FULL|RECTANGLE,KIDS,790,,,SYS168337,,790,FREE,SYS168337,AV 95007 - Avanta Kids - Kids - Brown - 45 - Full Frame - Rectangle - TR,0,1,1,WIDTH_INC,0,6,0,6,0
Indore Sapna Sangeeta Road,NORTH,AVANTA KIDS,FRAME,TR|FULL|ROUND,KIDS,790,,,SYS168314,,790,FREE,SYS168314,AV 95008 - Avanta Kids - Kids - Brown - 43 - Full Frame - Round - TR,0,1,1,WIDTH_INC,0,6,0,6,0
Indore Sapna Sangeeta Road,NORTH,AVANTA KIDS,FRAME,TR|FULL|ROUND,KIDS,790,,,SYS168311,,790,FREE,SYS168311,AV 95008 - Avanta Kids - Kids - Yellow - 43 - Full Frame - Round - TR,0,1,1,WIDTH_INC,0,6,0,6,0
Moradabad Kanth Road,NORTH,AVANTA,FRAME,TR|FULL|SQUARE,MALE,1090,,,SYS166877,,1090,FREE,SYS166877,AV 135027 - Avanta - Male - Black - 49 - Full Frame - Square - TR,0,1,1,WIDTH_INC,0,2,0,20,0
Indore Vijay Nagar,NORTH,AVANTA,FRAME,METAL|SUPRA|RECTANGLE,MALE,690,,,SYS143393,,690,FREE,SYS143393,AV 31004 - Avanta - Male - Gold - 51 - Supra - Rectangle - Metal,0,1,1,WIDTH_INC,0,4,0,17,0
Moradabad Kanth Road,NORTH,AVANTA,FRAME,TR|FULL|SQUARE,MALE,990,,,SYS167965,,990,FREE,SYS167965,AV 9952204 - Avanta - Male - Trans/Grey - 53 - Full Frame - Square - TR,0,1,1,WIDTH_INC,0,12,0,20,0
Delhi Rohini Ring Road Mall,NORTH,AVANTA,FRAME,METAL|SUPRA|RECTANGLE,MALE,690,,,SYS143390,,690,FREE,SYS143390,AV 31004 - Avanta - Male - Gun - 51 - Supra - Rectangle - Metal,0,1,1,WIDTH_INC,0,8,0,11,0
Delhi Dwarka Sec 09,NORTH,AVANTA,FRAME,TR|FULL|RECTANGLE,MALE,890,,,SYS166800,,890,FREE,SYS166800,AV 270812 - Avanta - Male - Black - 50 - Full Frame - Rectangle - TR,0,1,1,WIDTH_INC,0,20,0,21,0
Patiala Randhawa Eye,NORTH,AVANTA,FRAME,TR|FULL|ROUND,UNISEX,990,,,SYS167143,,990,FREE,SYS167143,AV 250983 - Avanta - Unisex - C4 - 46 - Full Frame - Round - TR,0,1,1,WIDTH_INC,0,9,0,29,0
Indore Sapna Sangeeta Road,NORTH,AVANTA,FRAME,TR|FULL|RECTANGLE,MALE,790,,,SYS168050,,790,FREE,SYS168050,AV 270805 - Avanta - Male - Grey - 52 - Full Frame - Rectangle - TR,0,1,1,WIDTH_INC,0,7,6,22,0
Guwahati Rukminigaon TRC,EAST,AVANTA,FRAME,TR|FULL|SQUARE,MALE,990,,,SYS165095,,990,FREE,SYS165095,AV 202533 - Avanta - Male - MT.Green - 52 - Full Frame - Square - TR,0,1,1,WIDTH_INC,0,9,0,6,0
LAJPAT NAGAR,NORTH,AVANTA,FRAME,TR|FULL|ROUND,UNISEX,790,,,SYS161196,,790,FREE,SYS161196,AV 18886 - Avanta - Unisex - MT.D/Green - 49 - Full Frame - Round - TR,0,1,1,WIDTH_INC,0,1,0,14,0
Noida Sec 50,NORTH,RAYBAN,SUNGLASS,SHEET|FULL|WAYFARER,MALE,13290,,,SYS55484,,13290,FREE,SYS55484,RB2140 - Rayban - Male - 902/57 - 50 - Sunglass - Wayfarer - Sheet,0,1,1,WIDTH_INC,0,4,0,6,0
Noida Sec 50,NORTH,RAYBAN,SUNGLASS,SHEET|FULL|WAYFARER,MALE,10490,,,SYS47150,,10490,FREE,SYS47150,RB2132 - Rayban - Male - 901 - 52 - Sunglass - Wayfarer - Sheet,0,1,1,WIDTH_INC,0,2,0,6,0
Delhi Dwarka Sec 09,NORTH,AVANTA,FRAME,TR|FULL|RECTANGLE,MALE,990,,,SYS166956,,990,FREE,SYS166956,AV TB6034 - Avanta - Male - C6 - 51 - Full Frame - Rectangle - TR,0,1,1,WIDTH_INC,0,11,0,21,0
Indirapuram Shakti Khand Eros Market,NORTH,AVANTA,FRAME,TR|FULL|ROUND,UNISEX,790,,,SYS161200,,790,FREE,SYS161200,AV 18886 - Avanta - Unisex - MT.Black - 49 - Full Frame - Round - TR,0,1,1,WIDTH_INC,0,1,0,32,0
Patiala Randhawa Eye,NORTH,AVANTA,FRAME,METAL|SUPRA|RECTANGLE,MALE,890,,,SYS167427,,890,FREE,SYS167427,AV 825071 - Avanta - Male - Gun - 48 - Supra - Rectangle - Metal,0,1,1,WIDTH_INC,0,12,1,29,0
Rewari Sector 5,NORTH,AVANTA,FRAME,METAL|HALF|RECTANGLE,FEMALE,990,,,SYS163565,,990,FREE,SYS163565,AV 202438 - Avanta - Female - Copper/Gold - 48 - Half Frame - Rectangle - Metal,0,1,1,WIDTH_INC,0,9,4,39,0
Agra Ashoka Plaza,NORTH,AVANTA,FRAME,METAL|FULL|SQUARE,MALE,990,,,SYS164810,,990,FREE,SYS164810,AV 7412205 - Avanta - Male - Gold/Blk - 51 - Full Frame - Square - Metal,0,1,1,WIDTH_INC,0,9,0,30,0
Delhi Dwarka Krishna Mall,NORTH,TOMMY HILFIGER,SUNGLASS,SHEET|FULL|WAYFARER,MALE,10990,,,SYS148353,,10990,FREE,SYS148353,TH 2658 - Tommy Hilfiger - Male - C5 - 54 - Sunglass - Wayfarer - Sheet,0,1,1,WIDTH_INC,0,2,0,5,0
Kanpur Mall Road,NORTH,RAYBAN,FRAME,METAL|RIMLESS|RECTANGLE,MALE,4590,,,SYS45939,,4590,FREE,SYS45939,RX6303I - Rayban - Male - 2500 - 53 - Rimless - Rectangle - Metal,0,1,1,WIDTH_INC,0,1,0,2,1
Delhi Safdarjung Enclave,NORTH,MIRAFLEX,FRAME,SHEET|FULL|SQUARE,KIDS,2090,,,SYS111710,,2090,FREE,SYS111710,MF4001 - MiraFlex - Kids - K591 - 44 - Full Frame - Square - Sheet,0,1,1,WIDTH_INC,0,1,0,1,0
Greater Noida West Nirala Estate,NORTH,AVANTA KIDS,FRAME,TR|FULL|RECTANGLE,KIDS,790,,,SYS168339,,790,FREE,SYS168339,AV 95007 - Avanta Kids - Kids - Trans/Pink - 45 - Full Frame - Rectangle - TR,0,1,1,WIDTH_INC,0,6,0,3,0
Moradabad Kanth Road,NORTH,AVANTA,FRAME,TR|FULL|RECTANGLE,MALE,990,,,SYS166956,,990,FREE,SYS166956,AV TB6034 - Avanta - Male - C6 - 51 - Full Frame - Rectangle - TR,0,1,1,WIDTH_INC,0,11,0,20,0
Ajmer Ramganj,WEST,AVANTA KIDS,FRAME,PEDIATRIC|FULL|OVAL,KIDS,1690,,,SYS165246,,1690,FREE,SYS165246,AV ZC1603 - Avanta Kids - Kids - C10 - 44 - Full Frame - Oval - Pediatric,0,1,1,WIDTH_INC,0,3,1,5,0
Surat Rander Road,WEST,AVANTA KIDS,FRAME,TR|FULL|CAT EYE,KIDS,890,,,SYS164061,,890,FREE,SYS164061,AV 169406 - Avanta Kids - Kids - C8 - 46 - Full Frame - Cat Eye - TR,0,1,1,WIDTH_INC,0,1,0,4,0
Delhi Rajouri Garden,NORTH,OMBRA,SUNGLASS,TR|FULL|SQUARE,UNISEX,1190,,,SYS166395,,1190,FREE,SYS166395,OB TR9903 - OMBRA - Unisex - C4 - 52 - Sunglass - Square - TR,0,1,1,WIDTH_INC,0,14,10,10,5
Ajmer Ramganj,WEST,AVANTA KIDS,FRAME,PEDIATRIC|FULL|ROUND,KIDS,1690,,,SYS165266,,1690,FREE,SYS165266,AV ZC1611 - Avanta Kids - Kids - C2 - 48 - Full Frame - Round - Pediatric,0,1,1,WIDTH_INC,0,4,1,5,0
Siliguri Sevoke Road,WEST,RAYBAN,FRAME,SHEET|FULL|RECTANGLE,MALE,4890,,,SYS10667,,4890,FREE,SYS10667,RX7129II - Rayban - Male - 5577 - 54 - Full Frame - Rectangle - Sheet,0,1,1,WIDTH_INC,0,1,0,7,4
Vijayawada Mogalrajpuram,SOUTH,RAYBAN,FRAME,SHEET|FULL|SQUARE,UNISEX,11090,,,SYS168901,,11090,FREE,SYS168901,RX7397 - Rayban - Unisex - 8062 - 52 - Full Frame - Square - Sheet,0,1,1,WIDTH_INC,0,2,0,9,7
Delhi Preet Vihar Vikas Marg,NORTH,VOGUE JUNIOR,FRAME,SHEET|FULL|CAT EYE,KIDS,3190,,,SYS111547,,3190,FREE,SYS111547,VY2019 - Vogue Junior - Kids - 3064 - 48 - Full Frame - Cat Eye - Sheet,0,1,1,WIDTH_INC,0,2,0,5,0
LAJPAT NAGAR,NORTH,ADMYRA,FRAME,SHEET|FULL|SQUARE,MALE,2490,,,SYS67555,,2490,FREE,SYS67555,AM 001 - Admyra - Male - Black - 53 - Full Frame - Square - Sheet,0,1,1,WIDTH_INC,0,132,84,2,0
Hyderabad Banjara Hills Dr Challa,SOUTH,STEPPER,FRAME,TITANIUM|RIMLESS|SQUARE,FEMALE,10340,,,SYS157095,,10340,FREE,SYS157095,SI/98328 - Stepper - Female - F017 - 54 - Rimless - Square - Titanium,0,1,1,WIDTH_INC,0,2,0,2,0
Delhi Rohini Ring Road Mall,NORTH,FRENCH CONNECTION,FRAME,SHEET|FULL|SQUARE,MALE,3490,,,SYS88651,,3490,FREE,SYS88651,FC 9761 - French Connection - Male - C1 - 53 - Full Frame - Square - Sheet,0,1,1,WIDTH_INC,0,4,0,6,4
Vijayawada Mogalrajpuram,SOUTH,RAYBAN,FRAME,SHEET|FULL|SQUARE,UNISEX,8290,,,SYS168940,,8290,FREE,SYS168940,RX5451 - Rayban - Unisex - 2001 - 50 - Full Frame - Square - Sheet,0,1,1,WIDTH_INC,0,2,1,9,7
Delhi Safdarjung Enclave,NORTH,CALVIN KLEIN,FRAME,METAL|FULL|SQUARE,MALE,7990,,,SYS111629,,7990,FREE,SYS111629,CK 18106 - Calvin Klein - Male - 006 - 55 - Full Frame - Square - Metal,0,1,1,WIDTH_INC,0,1,0,2,1
Varanasi Mahmoorganj,NORTH,AVANTA,FRAME,SHEET|FULL|RECTANGLE,MALE,1190,,,SYS158381,,1190,FREE,SYS158381,AV 0061 - Avanta - Male - Trans/Grey - 53 - Full Frame - Rectangle - Sheet,0,1,1,WIDTH_INC,0,128,109,29,0
Varanasi Mahmoorganj,NORTH,AVANTA,FRAME,SHEET|FULL|SQUARE,MALE,1190,,,SYS158369,,1190,FREE,SYS158369,AV 0064 - Avanta - Male - D/Brown - 54 - Full Frame - Square - Sheet,0,1,1,WIDTH_INC,0,157,148,29,0
Delhi Rohini Ring Road Mall,NORTH,RAYBAN JUNIOR,FRAME,SHEET|FULL|RECTANGLE,KIDS,3790,,,SYS92034,,3790,FREE,SYS92034,RY1621 - Rayban Junior - Kids - 3937 - 47 - Full Frame - Rectangle - Sheet,0,1,1,WIDTH_INC,0,3,0,7,2
Varanasi Mahmoorganj,NORTH,AVANTA,FRAME,SHEET|FULL|ROUND,UNISEX,1190,,,SYS158414,,1190,FREE,SYS158414,AV 0068HD - Avanta - Unisex - D/Wine - 48 - Full Frame - Round - Sheet,0,1,1,WIDTH_INC,0,74,64,29,0
Delhi Safdarjung Enclave,NORTH,RAYBAN,FRAME,METAL|FULL|CLUB MASTER,MALE,9390,,,SYS111493,,9390,FREE,SYS111493,RX5154 - Rayban - Male - 2000 - 53 - Full Frame - Club Master - Metal,0,1,1,WIDTH_INC,0,2,0,10,0
Panvel Laxmi Eye,WEST,AVANTA,FRAME,SHEET|FULL|ROUND,UNISEX,1190,,,SYS158417,,1190,FREE,SYS158417,AV 0068HD - Avanta - Unisex - Trans/Purple - 48 - Full Frame - Round - Sheet,0,1,1,WIDTH_INC,0,55,39,37,0
Indirapuram Shakti Khand Eros Market,NORTH,AVANTA,FRAME,METAL|HALF|RECTANGLE,MALE,890,,,SYS68118,,890,FREE,SYS68118,AV 31002 - Avanta - Male - Black - 49 - Supra - Rectangle - Metal,0,1,1,WIDTH_INC,0,7,5,32,0
Panvel Laxmi Eye,WEST,AVANTA,FRAME,SHEET|FULL|SQUARE,MALE,1190,,,SYS158368,,1190,FREE,SYS158368,AV 0064 - Avanta - Male - Black - 54 - Full Frame - Square - Sheet,0,1,1,WIDTH_INC,0,170,140,37,0
Vijayawada Mogalrajpuram,SOUTH,AVANTA,FRAME,TR|FULL|RECTANGLE,MALE,890,,,SYS168067,,890,FREE,SYS168067,AV 8027 - Avanta - Male - Black - 49 - Full Frame - Rectangle - TR,0,1,1,WIDTH_INC,0,12,4,38,0
Panvel Laxmi Eye,WEST,AVANTA,FRAME,SHEET|FULL|RECTANGLE,MALE,1190,,,SYS158381,,1190,FREE,SYS158381,AV 0061 - Avanta - Male - Trans/Grey - 53 - Full Frame - Rectangle - Sheet,0,1,1,WIDTH_INC,0,128,109,37,0
Panvel Laxmi Eye,WEST,AVANTA,FRAME,SHEET|FULL|SQUARE,MALE,1190,,,SYS158369,,1190,FREE,SYS158369,AV 0064 - Avanta - Male - D/Brown - 54 - Full Frame - Square - Sheet,0,1,1,WIDTH_INC,0,157,148,37,0
Indirapuram Shakti Khand Eros Market,NORTH,AVANTA,FRAME,METAL|HALF|RECTANGLE,MALE,500,,,SYS68123,,500,FREE,SYS68123,AV 31002 - Avanta - Male - Gun - 49 - Supra - Rectangle - Metal,0,1,1,WIDTH_INC,0,9,4,32,0
Vijayawada Mogalrajpuram,SOUTH,AVANTA,FRAME,TR|FULL|RECTANGLE,MALE,890,,,SYS168079,,890,FREE,SYS168079,AV 8061 - Avanta - Male - Black - 53 - Full Frame - Rectangle - TR,0,1,1,WIDTH_INC,0,11,0,38,0
Delhi Dwarka Krishna Mall,NORTH,STEPPER,FRAME,TITANIUM|RIMLESS|AVIATOR,MALE,8250,,,SYS92201,,8250,FREE,SYS92201,SI/82251 - Stepper - Male - F010 - 53 - Rimless - Aviator - Titanium,0,1,1,WIDTH_INC,0,3,0,4,0
Ghaziabad RDC,NORTH,OMBRA,SUNGLASS,SHEET|FULL|RECTANGLE,MALE,1590,,,SYS166547,,1590,FREE,SYS166547,OB TSM3351 - OMBRA - Male - C1 - 50 - Sunglass - Rectangle - Sheet,0,1,1,WIDTH_INC,0,11,1,3,0
Ghaziabad RDC,NORTH,OMBRA,SUNGLASS,SHEET|FULL|RECTANGLE,MALE,1590,,,SYS166510,,1590,FREE,SYS166510,OB 9870P - OMBRA - Male - C4 - 50 - Sunglass - Rectangle - Sheet,0,1,1,WIDTH_INC,0,11,0,3,0
Ghaziabad RDC,NORTH,OMBRA,SUNGLASS,SHEET|FULL|SQUARE,UNISEX,1590,,,SYS166499,,1590,FREE,SYS166499,OB 9864 - OMBRA - Unisex - C4 - 53 - Sunglass - Square - Sheet,0,1,1,WIDTH_INC,0,12,5,3,0
Navi Mumbai Nerul ( Shivam ),WEST,AVANTA,FRAME,SHEET|FULL|RECTANGLE,MALE,1190,,,SYS158432,,1190,FREE,SYS158432,AV 0063 - Avanta - Male - Trans/Brown - 51 - Full Frame - Rectangle - Sheet,0,1,1,WIDTH_INC,0,115,106,3,0
Indirapuram Shakti Khand Eros Market,NORTH,AVANTA KIDS,FRAME,PLASTIC|FULL|RECTANGLE,KIDS,1690,,,SYS68478,,1690,FREE,SYS68478,AV TR867 - Avanta Kids - Kids - C1 - 46 - Full Frame - Rectangle - Pediatric,0,1,1,WIDTH_INC,0,6,3,14,0
Vijayawada Mogalrajpuram,SOUTH,AVANTA,FRAME,TR|FULL|CAT EYE,FEMALE,990,,,SYS167985,,990,FREE,SYS167985,AV 9952214 - Avanta - Female - Trans/Pink - 51 - Full Frame - Cat Eye - TR,0,1,1,WIDTH_INC,0,6,0,38,0
Vijayawada Mogalrajpuram,SOUTH,AVANTA,FRAME,TR|FULL|CAT EYE,FEMALE,990,,,SYS167981,,990,FREE,SYS167981,AV 9952214 - Avanta - Female - Trans/Purple - 51 - Full Frame - Cat Eye - TR,0,1,1,WIDTH_INC,0,6,3,38,0
Navi Mumbai Nerul ( Shivam ),WEST,AVANTA,FRAME,SHEET|FULL|SQUARE,MALE,1190,,,SYS158368,,1190,FREE,SYS158368,AV 0064 - Avanta - Male - Black - 54 - Full Frame - Square - Sheet,0,1,1,WIDTH_INC,0,170,140,3,0
Navi Mumbai Nerul ( Shivam ),WEST,AVANTA,FRAME,SHEET|FULL|CAT EYE,FEMALE,1190,,,SYS158411,,1190,FREE,SYS158411,AV 0072HD - Avanta - Female - Blue - 51 - Full Frame - Cat Eye - Sheet,0,1,1,WIDTH_INC,0,52,48,3,0
Hyderabad Hayathnagar,SOUTH,AVANTA,FRAME,SHEET|FULL|SQUARE,MALE,1190,,,SYS162649,,1190,FREE,SYS162649,AV 0063 - Avanta - Male - Trans/Grey - 51 - Full Frame - Square - Sheet,0,1,1,WIDTH_INC,0,267,247,13,0
Vijayawada Mogalrajpuram,SOUTH,AVANTA KIDS,FRAME,TR|FULL|RECTANGLE,KIDS,790,,,SYS168337,,790,FREE,SYS168337,AV 95007 - Avanta Kids - Kids - Brown - 45 - Full Frame - Rectangle - TR,0,1,1,WIDTH_INC,0,6,0,4,0
Vijayawada Mogalrajpuram,SOUTH,AVANTA KIDS,FRAME,TR|FULL|ROUND,KIDS,790,,,SYS168315,,790,FREE,SYS168315,AV 95008 - Avanta Kids - Kids - Black - 43 - Full Frame - Round - TR,0,1,1,WIDTH_INC,0,6,0,4,0
Vijayawada Mogalrajpuram,SOUTH,AVANTA KIDS,FRAME,TR|FULL|CAT EYE,KIDS,790,,,SYS168177,,790,FREE,SYS168177,AV 1007 - Avanta Kids - Kids - Transparent - 42 - Full Frame - Cat Eye - TR,0,1,1,WIDTH_INC,0,8,0,4,0
Rewari Sector 5,NORTH,AVANTA,FRAME,METAL|HALF|CAT EYE,FEMALE,790,,,SYS165005,,790,FREE,SYS165005,AV 7310 - Avanta - Female - Copper - 50 - Half Frame - Cat Eye - Metal,0,1,1,WIDTH_INC,0,2,0,39,0
Indirapuram Shakti Khand Eros Market,NORTH,AVANTA,FRAME,TR|FULL|CAT EYE,FEMALE,690,,,SYS160605,,690,FREE,SYS160605,AV 202433 - Avanta - Female - Black - 50 - Full Frame - Cat Eye - TR,0,1,1,WIDTH_INC,0,5,1,32,0
Mohali Sector 62,NORTH,ADMYRA,FRAME,SHEET|FULL|RECTANGLE,MALE,2490,,,SYS67856,,2490,FREE,SYS67856,AM 039 - Admyra - Male - Black - 51 - Full Frame - Rectangle - Sheet,0,1,1,WIDTH_INC,0,103,53,5,2
Mohali Sector 62,NORTH,ADMYRA,FRAME,SHEET|FULL|RECTANGLE,MALE,2490,,,SYS67860,,2490,FREE,SYS67860,AM 039 - Admyra - Male - MT.Blue - 51 - Full Frame - Rectangle - Sheet,0,1,1,WIDTH_INC,0,106,69,5,2
Indirapuram Shakti Khand Eros Market,NORTH,ADMYRA,FRAME,SHEET|FULL|CAT EYE,FEMALE,2790,,,SYS162316,,2790,FREE,SYS162316,AM 0133 - Admyra - Female - Black - 53 - Full Frame - Cat Eye - Sheet,0,1,1,WIDTH_INC,0,49,19,3,0
Ranchi Kutchery Road,EAST,VOGUE,FRAME,SHEET|FULL|SQUARE,FEMALE,7190,,,SYS115877,,7190,FREE,SYS115877,VO5611B - Vogue - Female - 2940 - 50 - Full Frame - Square - Sheet,0,1,1,WIDTH_INC,0,1,0,5,2
Rewari Sector 5,NORTH,AVANTA,FRAME,METAL|SUPRA|RECTANGLE,MALE,590,,,SYS164845,,590,FREE,SYS164845,AV 25035524 - Avanta - Male - Black - 48 - Supra - Rectangle - Metal,0,1,1,WIDTH_INC,0,3,0,39,0
Delhi Dwarka Vegas Mall Sec 14,NORTH,EMPORIO ARMANI,SUNGLASS,SHEET|FULL|WAYFARER,MALE,15290,,,SYS165300,,15290,FREE,SYS165300,EA4115F - Emporio Armani - Male - 50171W - 54 - Clip on - Wayfarer - Sheet,0,1,1,WIDTH_INC,0,2,0,4,0
Delhi Dwarka Vegas Mall Sec 14,NORTH,CALVIN KLEIN,FRAME,SHEET|FULL|WAYFARER,MALE,9390,,,SYS165847,,9390,FREE,SYS165847,CK 23519 - Calvin Klein - Male - 414 - 52 - Full Frame - Wayfarer - Sheet,0,1,1,WIDTH_INC,0,1,0,1,0
Patna RPS Mod,NORTH,AVANTA,FRAME,METAL|SUPRA|RECTANGLE,MALE,690,,,SYS143393,,690,FREE,SYS143393,AV 31004 - Avanta - Male - Gold - 51 - Supra - Rectangle - Metal,0,1,1,WIDTH_INC,0,4,0,24,0
Kolkata Madhyamgram,EAST,AVANTA KIDS,FRAME,PEDIATRIC|FULL|RECTANGLE,KIDS,1690,,,SYS114635,,1690,FREE,SYS114635,AV TR803 - Avanta Kids - Kids - C1 - 47 - Full Frame - Rectangle - Pediatric,0,1,1,WIDTH_INC,0,6,0,8,0
Mumbai Ghatkopar Dr Mehta Eye,WEST,AVANTA,FRAME,SHEET|FULL|ROUND,UNISEX,1190,,,SYS158414,,1190,FREE,SYS158414,AV 0068HD - Avanta - Unisex - D/Wine - 48 - Full Frame - Round - Sheet,0,1,1,WIDTH_INC,0,74,64,11,0
Noida MOI,NORTH,VOGUE JUNIOR,FRAME,SHEET|FULL|OVAL,KIDS,2490,,,SYS75157,,2490,FREE,SYS75157,VY2011 - Vogue Junior - Kids - 2974 - 37 - Full Frame - Oval - Sheet,0,1,1,WIDTH_INC,0,7,0,9,5
Noida MOI,NORTH,VERSACE,FRAME,SHEET|FULL|RECTANGLE,MALE,18690,,,SYS162343,,18690,FREE,SYS162343,VE3380 - Versace - Male - GB1 - 56 - Full Frame - Rectangle - Sheet,0,1,1,WIDTH_INC,0,1,0,3,0
Noida MOI,NORTH,PRADA,SUNGLASS,SHEET|FULL|RECTANGLE,MALE,32290,,,SYS162339,,32290,FREE,SYS162339,PR C03S - Prada - Male - 17N70B - 54 - Sunglass - Rectangle - Sheet,0,1,1,WIDTH_INC,0,1,0,10,8
Noida MOI,NORTH,PRADA,FRAME,SHEET|FULL|SQUARE,FEMALE,28390,,,SYS162338,,28390,FREE,SYS162338,PR B11V - Prada - Female - 08Q1O1 - 52 - Full Frame - Square - Sheet,0,1,1,WIDTH_INC,0,1,0,4,0
Hisar Sec 14,NORTH,AVANTA,FRAME,TR|FULL|RECTANGLE,MALE,990,,,SYS167097,,990,FREE,SYS167097,AV 250984 - Avanta - Male - C1 - 48 - Full Frame - Rectangle - TR,0,1,1,WIDTH_INC,0,9,0,11,0
Vijayawada Mogalrajpuram,SOUTH,AVANTA,FRAME,TR|FULL|RECTANGLE,MALE,890,,,SYS166806,,890,FREE,SYS166806,AV 270812 - Avanta - Male - Grey - 50 - Full Frame - Rectangle - TR,0,1,1,WIDTH_INC,0,10,8,38,0
Rewari Sector 5,NORTH,AVANTA,FRAME,TR|FULL|CAT EYE,FEMALE,1190,,,SYS164750,,1190,FREE,SYS164750,AV 149005 - Avanta - Female - Maroon - 54 - Full Frame - Cat Eye - TR,0,1,1,WIDTH_INC,0,2,0,39,0
Noida MOI,NORTH,PRADA,FRAME,SHEET|FULL|CAT EYE,FEMALE,26790,,,SYS162412,,26790,FREE,SYS162412,PR C08V - Prada - Female - 16K1O1 - 52 - Full Frame - Cat Eye - Sheet,0,1,1,WIDTH_INC,0,1,0,4,0
Noida MOI,NORTH,RAYBAN JUNIOR,FRAME,SHEET|FULL|CAT EYE,KIDS,4690,,,SYS162436,,4690,FREE,SYS162436,RY1950 - Rayban Junior - Kids - 7206 - 46 - Full Frame - Cat Eye - Sheet,0,1,1,WIDTH_INC,0,1,0,5,3
Panvel Laxmi Eye,WEST,AVANTA,FRAME,METAL|HALF|RECTANGLE,FEMALE,1190,,,SYS159085,,1190,FREE,SYS159085,AV JP244102 - Avanta - Female - Purple - 50 - Half Frame - Rectangle - Metal,0,1,1,WIDTH_INC,0,2,0,37,0
Noida MOI,NORTH,TOM FORD,FRAME,SHEET|FULL|SQUARE,MALE,42500,,,SYS162445,,42500,FREE,SYS162445,TF5970/B - Tom Ford - Male - 001 - 50 - Clip on - Square - Sheet,0,1,1,WIDTH_INC,0,1,0,5,2
Mumbai Ghatkopar Dr Mehta Eye,WEST,AVANTA,FRAME,SHEET|FULL|RECTANGLE,MALE,1190,,,SYS158378,,1190,FREE,SYS158378,AV 0061 - Avanta - Male - Black - 53 - Full Frame - Rectangle - Sheet,0,1,1,WIDTH_INC,0,143,113,11,0
Siliguri Sevoke Road,WEST,AVANTA,FRAME,SHEET|FULL|SQUARE,MALE,1190,,,SYS162649,,1190,FREE,SYS162649,AV 0063 - Avanta - Male - Trans/Grey - 51 - Full Frame - Square - Sheet,0,1,1,WIDTH_INC,0,267,247,20,0
Noida MOI,NORTH,RAYBAN,FRAME,SHEET|FULL|WAYFARER,UNISEX,8690,,,SYS162271,,8690,FREE,SYS162271,RX4340V - Rayban - Unisex - 2034 - 50 - Full Frame - Wayfarer - Sheet,0,1,1,WIDTH_INC,0,1,0,11,0
Delhi Rohini Ring Road Mall,NORTH,AVANTA,FRAME,METAL|FULL|SQUARE,MALE,790,,,SYS168774,,790,FREE,SYS168774,AV 8253205 - Avanta - Male - Silver - 48 - Full Frame - Square - Metal,0,1,1,WIDTH_INC,0,11,2,11,0
Noida MOI,NORTH,VOGUE,FRAME,SHEET|FULL|CAT EYE,FEMALE,5590,,,SYS162049,,5590,FREE,SYS162049,VO5676 - Vogue - Female - 2726 - 51 - Full Frame - Cat Eye - Sheet,0,1,1,WIDTH_INC,0,1,0,3,2
Delhi Rohini Ring Road Mall,NORTH,AVANTA,FRAME,METAL|SUPRA|RECTANGLE,MALE,790,,,SYS168394,,790,FREE,SYS168394,AV ZXA42003 - Avanta - Male - Gun - 48 - Supra - Rectangle - Metal,0,1,1,WIDTH_INC,0,24,0,11,0
Delhi Dwarka Vegas Mall Sec 14,NORTH,OMBRA,SUNGLASS,SHEET|FULL|RECTANGLE,MALE,1590,,,SYS166363,,1590,FREE,SYS166363,OB 9866P - OMBRA - Male - C5 - 50 - Sunglass - Rectangle - Sheet,0,1,1,WIDTH_INC,0,10,4,6,0
Delhi Dwarka Vegas Mall Sec 14,NORTH,OMBRA,SUNGLASS,SHEET|FULL|RECTANGLE,MALE,1390,,,SYS166351,,1390,FREE,SYS166351,OB 66607 - OMBRA - Male - C6 - 54 - Sunglass - Rectangle - Sheet,0,1,1,WIDTH_INC,0,11,0,6,0
Delhi Dwarka Vegas Mall Sec 14,NORTH,OMBRA,SUNGLASS,SHEET|FULL|RECTANGLE,MALE,1590,,,SYS166361,,1590,FREE,SYS166361,OB 9866P - OMBRA - Male - C1 - 50 - Sunglass - Rectangle - Sheet,0,1,1,WIDTH_INC,0,12,6,6,0
Gurgaon Sec 29,NORTH,STEPPER,FRAME,SHEET|FULL|ROUND,UNISEX,6490,,,SYS106066,,6490,FREE,SYS106066,STS/10129 - Stepper - Unisex - F170 - 49 - Full Frame - Round - Sheet,0,1,1,WIDTH_INC,0,1,0,2,0
Noida MOI,NORTH,GUCCI,SUNGLASS,SHEET|FULL|CAT EYE,FEMALE,15700,,,SYS161591,,15700,FREE,SYS161591,GG1714S - Gucci - Female - 003 - 54 - Sunglass - Cat Eye - Sheet,0,1,1,WIDTH_INC,0,4,2,8,5
Noida MOI,NORTH,GUCCI,SUNGLASS,SHEET|FULL|SQUARE,MALE,21400,,,SYS161563,,21400,FREE,SYS161563,GG1794S - Gucci - Male - 003 - 54 - Sunglass - Square - Sheet,0,1,1,WIDTH_INC,0,1,0,8,5
Delhi Dwarka Vegas Mall Sec 14,NORTH,OMBRA,SUNGLASS,SHEET|FULL|RECTANGLE,MALE,1590,,,SYS166512,,1590,FREE,SYS166512,OB 9870P - OMBRA - Male - C6 - 50 - Sunglass - Rectangle - Sheet,0,1,1,WIDTH_INC,0,11,0,6,0
Delhi Dwarka Vegas Mall Sec 14,NORTH,OMBRA,SUNGLASS,SHEET|FULL|RECTANGLE,MALE,1590,,,SYS166510,,1590,FREE,SYS166510,OB 9870P - OMBRA - Male - C4 - 50 - Sunglass - Rectangle - Sheet,0,1,1,WIDTH_INC,0,11,0,6,0
Delhi Dwarka Vegas Mall Sec 14,NORTH,OMBRA,SUNGLASS,SHEET|FULL|RECTANGLE,MALE,1590,,,SYS166547,,1590,FREE,SYS166547,OB TSM3351 - OMBRA - Male - C1 - 50 - Sunglass - Rectangle - Sheet,0,1,1,WIDTH_INC,0,11,1,6,0
Delhi Dwarka Sec 09,NORTH,PRADA,FRAME,SHEET|FULL|SQUARE,MALE,30290,,,SYS88797,,30290,FREE,SYS88797,PR 08ZV - Prada - Male - 1AB1O1 - 54 - Full Frame - Square - Sheet,0,1,1,WIDTH_INC,0,1,0,6,4
Bhopal Hoshangabad Road,WEST,RAYBAN,FRAME,METAL|HALF|ROUND,UNISEX,8190,,,SYS56527,,8190,FREE,SYS56527,RX3947V - Rayban - Unisex - 2501 - 51 - Half Frame - Round - Metal,0,1,1,WIDTH_INC,0,2,0,4,1
Faridabad Sec 16A,NORTH,ADMYRA,FRAME,SHEET|FULL|SQUARE,MALE,2490,,,SYS67558,,2490,FREE,SYS67558,AM 001 - Admyra - Male - Transparent - 53 - Full Frame - Square - Sheet,0,1,1,WIDTH_INC,0,84,54,23,6
Faridabad Sec 16A,NORTH,ADMYRA,FRAME,SHEET|FULL|SQUARE,MALE,2490,,,SYS67559,,2490,FREE,SYS67559,AM 001 - Admyra - Male - MT.Black - 53 - Full Frame - Square - Sheet,0,1,1,WIDTH_INC,0,61,44,23,6
Faridabad Sec 16A,NORTH,ADMYRA,FRAME,SHEET|FULL|SQUARE,MALE,2490,,,SYS67557,,2490,FREE,SYS67557,AM 001 - Admyra - Male - D/Grey - 53 - Full Frame - Square - Sheet,0,1,1,WIDTH_INC,0,72,40,23,6
Faridabad Sec 16A,NORTH,AVANTA,FRAME,SHEET|FULL|CAT EYE,FEMALE,1490,,,SYS67568,,1490,FREE,SYS67568,AV 020 - Avanta - Female - Wine - 50 - Full Frame - Cat Eye - Sheet,0,1,1,WIDTH_INC,0,2,0,23,0
Indore Vijay Nagar,NORTH,AVANTA,FRAME,METAL|HALF|RECTANGLE,FEMALE,1090,,,SYS167549,,1090,FREE,SYS167549,AV 220181 - Avanta - Female - Gun - 51 - Half Frame - Rectangle - Metal,0,1,1,WIDTH_INC,0,6,0,17,0
Delhi Dwarka Sec 09,NORTH,FRENCH CONNECTION,FRAME,SHEET|FULL|ROUND,UNISEX,5990,,,SYS88662,,5990,FREE,SYS88662,FCL 4321 - French Connection - Unisex - C7 - 47 - Full Frame - Round - Sheet,0,1,1,WIDTH_INC,0,1,0,23,20
Delhi Dwarka Vegas Mall Sec 14,NORTH,VOGUE,SUNGLASS,SHEET|FULL|CAT EYE,FEMALE,6290,,,SYS166343,,6290,FREE,SYS166343,VO5586S - Vogue - Female - W44/87 - 53 - Sunglass - Cat Eye - Sheet,0,1,1,WIDTH_INC,0,2,0,3,0
Patna RPS Mod,NORTH,AVANTA,FRAME,METAL|FULL|RECTANGLE,MALE,790,,,SYS168380,,790,FREE,SYS168380,AV ZXA42009 - Avanta - Male - Gun - 49 - Full Frame - Rectangle - Metal,0,1,1,WIDTH_INC,0,24,6,24,0
Faridabad Sec 16A,NORTH,ADMYRA,FRAME,SHEET|FULL|RECTANGLE,MALE,2490,,,SYS67857,,2490,FREE,SYS67857,AM 039 - Admyra - Male - D/Brown - 51 - Full Frame - Rectangle - Sheet,0,1,1,WIDTH_INC,0,48,34,23,6
Faridabad Sec 16A,NORTH,ADMYRA,FRAME,SHEET|FULL|RECTANGLE,MALE,2490,,,SYS67860,,2490,FREE,SYS67860,AM 039 - Admyra - Male - MT.Blue - 51 - Full Frame - Rectangle - Sheet,0,1,1,WIDTH_INC,0,106,69,23,6
Faridabad Sec 16A,NORTH,ADMYRA,FRAME,SHEET|FULL|RECTANGLE,MALE,2490,,,SYS67858,,2490,FREE,SYS67858,AM 039 - Admyra - Male - D/Grey - 51 - Full Frame - Rectangle - Sheet,0,1,1,WIDTH_INC,0,74,53,23,6
Faridabad Sec 16A,NORTH,ADMYRA,FRAME,SHEET|FULL|RECTANGLE,MALE,2490,,,SYS67859,,2490,FREE,SYS67859,AM 039 - Admyra - Male - MT.Black - 51 - Full Frame - Rectangle - Sheet,0,1,1,WIDTH_INC,0,70,44,23,6
Faridabad Sec 16A,NORTH,ADMYRA,FRAME,SHEET|FULL|RECTANGLE,MALE,2490,,,SYS67856,,2490,FREE,SYS67856,AM 039 - Admyra - Male - Black - 51 - Full Frame - Rectangle - Sheet,0,1,1,WIDTH_INC,0,103,53,23,6
Indore Vijay Nagar,NORTH,AVANTA,FRAME,METAL|FULL|ROUND,FEMALE,990,,,SYS167388,,990,FREE,SYS167388,AV 527339 - Avanta - Female - Silver - 50 - Full Frame - Round - Metal,0,1,1,WIDTH_INC,0,7,0,17,0
Ajmer Ramganj,WEST,AVANTA,FRAME,TR|FULL|ROUND,UNISEX,990,,,SYS163224,,990,FREE,SYS163224,AV 303039 - Avanta - Unisex - Trans/Green - 47 - Full Frame - Round - TR,0,1,1,WIDTH_INC,0,7,0,21,0
Delhi Rohini Ring Road Mall,NORTH,AVANTA KIDS,FRAME,TR|FULL|ROUND,KIDS,790,,,SYS168316,,790,FREE,SYS168316,AV 95008 - Avanta Kids - Kids - Trans/Purple - 43 - Full Frame - Round - TR,0,1,1,WIDTH_INC,0,6,0,4,0
Delhi Rohini Ring Road Mall,NORTH,AVANTA KIDS,FRAME,TR|FULL|CAT EYE,KIDS,790,,,SYS168368,,790,FREE,SYS168368,AV 95010 - Avanta Kids - Kids - D/Purple - 46 - Full Frame - Cat Eye - TR,0,1,1,WIDTH_INC,0,7,0,4,0
LAJPAT NAGAR,NORTH,AVANTA,FRAME,SHEET|FULL|RECTANGLE,MALE,1190,,,SYS158378,,1190,FREE,SYS158378,AV 0061 - Avanta - Male - Black - 53 - Full Frame - Rectangle - Sheet,0,1,1,WIDTH_INC,0,143,113,14,0
Gurgaon Sec 29,NORTH,RAYBAN JUNIOR,FRAME,SHEET|FULL|RECTANGLE,KIDS,4490,,,SYS152664,,4490,FREE,SYS152664,RY1586 - Rayban Junior - Kids - 3776 - 47 - Full Frame - Rectangle - Sheet,0,1,1,WIDTH_INC,0,4,0,6,3
Jammu BC Road Rehari Chungi,NORTH,AVANTA,FRAME,TR|FULL|RECTANGLE,MALE,890,,,SYS166800,,890,FREE,SYS166800,AV 270812 - Avanta - Male - Black - 50 - Full Frame - Rectangle - TR,0,1,1,WIDTH_INC,0,20,0,15,0
LAJPAT NAGAR,NORTH,AVANTA,FRAME,SHEET|FULL|CAT EYE,FEMALE,1190,,,SYS158408,,1190,FREE,SYS158408,AV 0072HD - Avanta - Female - Black - 51 - Full Frame - Cat Eye - Sheet,0,1,1,WIDTH_INC,0,55,43,14,0
LAJPAT NAGAR,NORTH,AVANTA,FRAME,SHEET|FULL|ROUND,UNISEX,1190,,,SYS158415,,1190,FREE,SYS158415,AV 0068HD - Avanta - Unisex - Transparent - 48 - Full Frame - Round - Sheet,0,1,1,WIDTH_INC,0,64,59,14,0
Noida Sec 50,NORTH,ADMYRA,FRAME,SHEET|FULL|SQUARE,MALE,2490,,,SYS67557,,2490,FREE,SYS67557,AM 001 - Admyra - Male - D/Grey - 53 - Full Frame - Square - Sheet,0,1,1,WIDTH_INC,0,72,40,3,0
Noida Sec 50,NORTH,ADMYRA,FRAME,SHEET|FULL|SQUARE,MALE,2490,,,SYS67555,,2490,FREE,SYS67555,AM 001 - Admyra - Male - Black - 53 - Full Frame - Square - Sheet,0,1,1,WIDTH_INC,0,132,84,3,0
Hyderabad Kukatpally Nizampet X Roads,SOUTH,AVANTA KIDS,FRAME,PEDIATRIC|FULL|ROUND,KIDS,1690,,,SYS165271,,1690,FREE,SYS165271,AV ZC1611 - Avanta Kids - Kids - C8 - 48 - Full Frame - Round - Pediatric,0,1,1,WIDTH_INC,0,4,0,12,0
Delhi Rohini Ring Road Mall,NORTH,EMPORIO ARMANI,FRAME,SHEET|FULL|RECTANGLE,MALE,12490,,,SYS168948,,12490,FREE,SYS168948,EA3280U - Emporio Armani - Male - 5001 - 53 - Full Frame - Rectangle - Sheet,0,1,1,WIDTH_INC,0,2,0,3,1
Delhi Rohini Ring Road Mall,NORTH,EMPORIO ARMANI,FRAME,METAL|SUPRA|RECTANGLE,MALE,12490,,,SYS168973,,12490,FREE,SYS168973,EA1182 - Emporio Armani - Male - 3010 - 55 - Supra - Rectangle - Metal,0,1,1,WIDTH_INC,0,2,0,3,1
Jammu BC Road Rehari Chungi,NORTH,AVANTA,FRAME,TR|FULL|RECTANGLE,MALE,990,,,SYS166956,,990,FREE,SYS166956,AV TB6034 - Avanta - Male - C6 - 51 - Full Frame - Rectangle - TR,0,1,1,WIDTH_INC,0,11,0,15,0
Agra Ashoka Plaza,NORTH,AVANTA,FRAME,TR|FULL|ROUND,UNISEX,990,,,SYS163224,,990,FREE,SYS163224,AV 303039 - Avanta - Unisex - Trans/Green - 47 - Full Frame - Round - TR,0,1,1,WIDTH_INC,0,7,0,30,0
Jammu BC Road Rehari Chungi,NORTH,AVANTA,FRAME,TR|FULL|RECTANGLE,MALE,790,,,SYS168052,,790,FREE,SYS168052,AV 270805 - Avanta - Male - Black - 52 - Full Frame - Rectangle - TR,0,1,1,WIDTH_INC,0,9,0,15,0
Ajmer Ramganj,WEST,AVANTA,FRAME,METAL|HALF|RECTANGLE,FEMALE,990,,,SYS163559,,990,FREE,SYS163559,AV 202438 - Avanta - Female - Silver/Blk - 48 - Half Frame - Rectangle - Metal,0,1,1,WIDTH_INC,0,5,0,21,0
Indore Sapna Sangeeta Road,NORTH,AVANTA KIDS,FRAME,TR|FULL|SQUARE,KIDS,1090,,,SYS167676,,1090,FREE,SYS167676,AV 77072 - Avanta Kids - Kids - Black - 45 - Clip on - Square - TR,0,1,1,WIDTH_INC,0,8,0,6,0
Gurgaon Sector 51 M2K,NORTH,RAYBAN,SUNGLASS,METAL|FULL|SQUARE,UNISEX,8370,,,SYS166226,,8370,FREE,SYS166226,RB3785I - Rayban - Unisex - 004/9A - 58 - Sunglass - Square - Metal,0,1,1,WIDTH_INC,0,2,0,6,0
Gurgaon Sector 51 M2K,NORTH,RAYBAN,SUNGLASS,METAL|FULL|SQUARE,UNISEX,8190,,,SYS166225,,8190,FREE,SYS166225,RB3785I - Rayban - Unisex - 001/71 - 58 - Sunglass - Square - Metal,0,1,1,WIDTH_INC,0,2,1,6,0
Moradabad Kanth Road,NORTH,AVANTA,FRAME,METAL|SUPRA|RECTANGLE,MALE,790,,,SYS168387,,790,FREE,SYS168387,AV ZXA42005 - Avanta - Male - Gun - 49 - Supra - Rectangle - Metal,0,1,1,WIDTH_INC,0,24,10,20,0
Delhi Rajouri Garden,NORTH,AVANTA,FRAME,METAL|FULL|SQUARE,MALE,1190,,,SYS164724,,1190,FREE,SYS164724,AV PB005 - Avanta - Male - Black - 52 - Full Frame - Square - Metal,0,1,1,WIDTH_INC,0,12,4,14,0
Jammu BC Road Rehari Chungi,NORTH,AVANTA KIDS,FRAME,TR|FULL|SQUARE,KIDS,790,,,SYS168306,,790,FREE,SYS168306,AV 95005 - Avanta Kids - Kids - MT.Brown - 45 - Full Frame - Square - TR,0,1,1,WIDTH_INC,0,7,0,10,0
Jammu BC Road Rehari Chungi,NORTH,AVANTA KIDS,FRAME,TR|FULL|ROUND,KIDS,790,,,SYS168310,,790,FREE,SYS168310,AV 95008 - Avanta Kids - Kids - Blue - 43 - Full Frame - Round - TR,0,1,1,WIDTH_INC,0,6,2,10,0
Hyderabad Banjara Hills Dr Challa,SOUTH,STEPPER,FRAME,TITANIUM|HALF|RECTANGLE,MALE,9130,,,SYS106073,,9130,FREE,SYS106073,SI/60070 - Stepper - Male - F012 - 53 - Half Frame - Rectangle - Titanium,0,1,1,WIDTH_INC,0,1,0,2,0
Moradabad Kanth Road,NORTH,AVANTA,FRAME,METAL|SUPRA|RECTANGLE,MALE,690,,,SYS143390,,690,FREE,SYS143390,AV 31004 - Avanta - Male - Gun - 51 - Supra - Rectangle - Metal,0,1,1,WIDTH_INC,0,8,0,20,0
Patna RPS Mod,NORTH,AVANTA,FRAME,METAL|SUPRA|RECTANGLE,MALE,990,,,SYS168568,,990,FREE,SYS168568,AV 8825711 - Avanta - Male - Gun - 52 - Supra - Rectangle - Metal,0,1,1,WIDTH_INC,0,15,9,24,0
Delhi Rajouri Garden,NORTH,ADMYRA,FRAME,METAL|FULL|ROUND,FEMALE,2190,,,SYS165460,,2190,FREE,SYS165460,AM DS8017 - Admyra - Female - C1 - 52 - Full Frame - Round - Metal,0,1,1,WIDTH_INC,0,1,0,10,0
Delhi Rohini Ring Road Mall,NORTH,AVANTA,FRAME,TR|FULL|SQUARE,MALE,990,,,SYS167965,,990,FREE,SYS167965,AV 9952204 - Avanta - Male - Trans/Grey - 53 - Full Frame - Square - TR,0,1,1,WIDTH_INC,0,12,0,11,0
Patna RPS Mod,NORTH,AVANTA,FRAME,TR|FULL|RECTANGLE,FEMALE,890,,,SYS168523,,890,FREE,SYS168523,AV 87009 - Avanta - Female - Black - 50 - Full Frame - Rectangle - TR,0,1,1,WIDTH_INC,0,7,0,24,0
Jammu BC Road Rehari Chungi,NORTH,AVANTA KIDS,FRAME,TR|FULL|CAT EYE,KIDS,790,,,SYS168367,,790,FREE,SYS168367,AV 95010 - Avanta Kids - Kids - Trans/Purple - 46 - Full Frame - Cat Eye - TR,0,1,1,WIDTH_INC,0,6,0,10,0
Jammu BC Road Rehari Chungi,NORTH,AVANTA KIDS,FRAME,TR|FULL|RECTANGLE,KIDS,790,,,SYS168339,,790,FREE,SYS168339,AV 95007 - Avanta Kids - Kids - Trans/Pink - 45 - Full Frame - Rectangle - TR,0,1,1,WIDTH_INC,0,6,0,10,0
Jammu BC Road Rehari Chungi,NORTH,AVANTA KIDS,FRAME,TR|FULL|ROUND,KIDS,790,,,SYS168314,,790,FREE,SYS168314,AV 95008 - Avanta Kids - Kids - Brown - 43 - Full Frame - Round - TR,0,1,1,WIDTH_INC,0,6,0,10,0
Karnal Model Town,NORTH,ADMYRA,FRAME,SHEET|FULL|CAT EYE,FEMALE,2790,,,SYS162316,,2790,FREE,SYS162316,AM 0133 - Admyra - Female - Black - 53 - Full Frame - Cat Eye - Sheet,0,1,1,WIDTH_INC,0,49,19,5,0
Karnal Model Town,NORTH,ADMYRA,FRAME,SHEET|FULL|CAT EYE,FEMALE,2790,,,SYS162310,,2790,FREE,SYS162310,AM 0131 - Admyra - Female - Trans/Blue - 51 - Full Frame - Cat Eye - Sheet,0,1,1,WIDTH_INC,0,49,19,5,0
Patna Kankarbagh,NORTH,EMPORIO ARMANI,FRAME,METAL|SUPRA|RECTANGLE,MALE,13590,,,SYS144471,,13590,FREE,SYS144471,EA1171 - Emporio Armani - Male - 3004 - 55 - Supra - Rectangle - Metal,0,1,1,WIDTH_INC,0,1,0,5,2
Patna RPS Mod,NORTH,AVANTA,FRAME,METAL|SUPRA|RECTANGLE,MALE,790,,,SYS168387,,790,FREE,SYS168387,AV ZXA42005 - Avanta - Male - Gun - 49 - Supra - Rectangle - Metal,0,1,1,WIDTH_INC,0,24,10,24,0
Delhi Dwarka Sec 09,NORTH,AVANTA,FRAME,TR|FULL|SQUARE,MALE,890,,,SYS168465,,890,FREE,SYS168465,AV 303032 - Avanta - Male - Black - 52 - Full Frame - Square - TR,0,1,1,WIDTH_INC,0,8,0,21,0
Patna RPS Mod,NORTH,AVANTA,FRAME,METAL|FULL|RECTANGLE,MALE,790,,,SYS168401,,790,FREE,SYS168401,AV ZXA42008 - Avanta - Male - Gun - 50 - Full Frame - Rectangle - Metal,0,1,1,WIDTH_INC,0,24,13,24,0
Delhi Dwarka Sec 09,NORTH,AVANTA,FRAME,METAL|SUPRA|RECTANGLE,MALE,790,,,SYS168394,,790,FREE,SYS168394,AV ZXA42003 - Avanta - Male - Gun - 48 - Supra - Rectangle - Metal,0,1,1,WIDTH_INC,0,24,0,21,0
Delhi Rajouri Garden,NORTH,AVANTA,FRAME,METAL|HALF|SQUARE,MALE,1190,,,SYS165372,,1190,FREE,SYS165372,AV 7604 - Avanta - Male - C3 - 53 - Half Frame - Square - Metal,0,1,1,WIDTH_INC,0,4,3,14,0
Delhi Safdarjung Enclave,NORTH,AVANTA KIDS,FRAME,PEDIATRIC|FULL|RECTANGLE,KIDS,1690,,,SYS115062,,1690,FREE,SYS115062,AV TR819 - Avanta Kids - kids - C1 - 45 - Full Frame - Rectangle - Pediatric,0,1,1,WIDTH_INC,0,6,0,9,0
Moradabad Kanth Road,NORTH,AVANTA,FRAME,SHEET|FULL|SQUARE,FEMALE,1290,,,SYS168768,,1290,FREE,SYS168768,AV 9773 - Avanta - Female - C1 - 52 - Full Frame - Square - Sheet,0,1,1,WIDTH_INC,0,8,0,20,0
Moradabad Kanth Road,NORTH,AVANTA,FRAME,METAL|FULL|SQUARE,MALE,790,,,SYS168775,,790,FREE,SYS168775,AV 8253205 - Avanta - Male - Gun - 48 - Full Frame - Square - Metal,0,1,1,WIDTH_INC,0,11,0,20,0
Mohali Sector 62,NORTH,GUCCI,SUNGLASS,SHEET|FULL|CAT EYE,FEMALE,15700,,,SYS161591,,15700,FREE,SYS161591,GG1714S - Gucci - Female - 003 - 54 - Sunglass - Cat Eye - Sheet,0,1,1,WIDTH_INC,0,4,2,4,0
Jammu BC Road Rehari Chungi,NORTH,AVANTA KIDS,FRAME,TR|FULL|CAT EYE,KIDS,790,,,SYS168177,,790,FREE,SYS168177,AV 1007 - Avanta Kids - Kids - Transparent - 42 - Full Frame - Cat Eye - TR,0,1,1,WIDTH_INC,0,8,0,10,0
Delhi Dwarka Sec 09,NORTH,AVANTA,FRAME,METAL|SUPRA|RECTANGLE,MALE,990,,,SYS168555,,990,FREE,SYS168555,AV 8825712 - Avanta - Male - Gun - 52 - Supra - Rectangle - Metal,0,1,1,WIDTH_INC,0,15,0,21,0
Varanasi Mahmoorganj,NORTH,AVANTA,FRAME,SHEET|FULL|CAT EYE,FEMALE,1490,,,SYS67568,,1490,FREE,SYS67568,AV 020 - Avanta - Female - Wine - 50 - Full Frame - Cat Eye - Sheet,0,1,1,WIDTH_INC,0,2,0,29,0
Varanasi Mahmoorganj,NORTH,ADMYRA,FRAME,SHEET|FULL|SQUARE,MALE,2490,,,SYS67555,,2490,FREE,SYS67555,AM 001 - Admyra - Male - Black - 53 - Full Frame - Square - Sheet,0,1,1,WIDTH_INC,0,132,84,14,4
Varanasi Mahmoorganj,NORTH,ADMYRA,FRAME,SHEET|FULL|SQUARE,MALE,2490,,,SYS67558,,2490,FREE,SYS67558,AM 001 - Admyra - Male - Transparent - 53 - Full Frame - Square - Sheet,0,1,1,WIDTH_INC,0,84,54,14,4
Gurgaon Sector 51 M2K,NORTH,RAYBAN,SUNGLASS,METAL|FULL|OVAL,UNISEX,11890,,,SYS166342,,11890,FREE,SYS166342,RB3774D - Rayban - Unisex - 001/73 - 55 - Sunglass - Oval - Metal,0,1,1,WIDTH_INC,0,2,1,6,0
Jammu BC Road Rehari Chungi,NORTH,AVANTA KIDS,FRAME,TR|FULL|SQUARE,KIDS,790,,,SYS168277,,790,FREE,SYS168277,AV 95001 - Avanta Kids - Kids - MT/D/Green - 43 - Full Frame - Square - TR,0,1,1,WIDTH_INC,0,7,2,10,0
Gurgaon Sector 51 M2K,NORTH,RAYBAN,SUNGLASS,METAL|FULL|ROUND,UNISEX,15790,,,SYS166339,,15790,FREE,SYS166339,RB3647N - Rayban - Unisex - 001/57 - 51 - Sunglass - Round - Metal,0,1,1,WIDTH_INC,0,2,1,6,0
Hisar Sec 14,NORTH,AVANTA,FRAME,TR|FULL|RECTANGLE,UNISEX,890,,,SYS167910,,890,FREE,SYS167910,AV 202532 - Avanta - Unisex - MT.Grey - 51 - Full Frame - Rectangle - TR,0,1,1,WIDTH_INC,0,10,3,11,0
Siliguri Sevoke Road,WEST,AVANTA,FRAME,TR|FULL|CAT EYE,FEMALE,790,,,SYS60536,,790,FREE,SYS60536,AV 8019 - Avanta - Female - Blk/Red - 51 - Full Frame - Cat Eye - TR,0,1,1,WIDTH_INC,0,3,0,20,0
Delhi Dwarka Sec 09,NORTH,AVANTA,FRAME,METAL|FULL|SQUARE,MALE,790,,,SYS168775,,790,FREE,SYS168775,AV 8253205 - Avanta - Male - Gun - 48 - Full Frame - Square - Metal,0,1,1,WIDTH_INC,0,11,0,21,0
Jammu BC Road Rehari Chungi,NORTH,AVANTA,FRAME,METAL|FULL|HEXAGON,MALE,790,,,SYS168797,,790,FREE,SYS168797,AV 85003 - Avanta - Male - Black - 49 - Full Frame - Hexagon - Metal,0,1,1,WIDTH_INC,0,6,0,15,0
Hisar Sec 14,NORTH,AVANTA KIDS,FRAME,TR|FULL|ROUND,KIDS,890,,,SYS168241,,890,FREE,SYS168241,AV 83009 - Avanta Kids - Kids - Black - 44 - Full Frame - Round - TR,0,1,1,WIDTH_INC,0,6,0,1,0
Moradabad Kanth Road,NORTH,AVANTA,FRAME,METAL|SUPRA|RECTANGLE,MALE,990,,,SYS168555,,990,FREE,SYS168555,AV 8825712 - Avanta - Male - Gun - 52 - Supra - Rectangle - Metal,0,1,1,WIDTH_INC,0,15,0,20,0
Varanasi Mahmoorganj,NORTH,AVANTA,FRAME,TR|FULL|ROUND,UNISEX,790,,,SYS161209,,790,FREE,SYS161209,AV 18887 - Avanta - Unisex - MT.D/Blue - 50 - Full Frame - Round - TR,0,1,1,WIDTH_INC,0,1,0,29,0
Vijayawada Mogalrajpuram,SOUTH,AVANTA,FRAME,METAL|HALF|RECTANGLE,FEMALE,1090,,,SYS167549,,1090,FREE,SYS167549,AV 220181 - Avanta - Female - Gun - 51 - Half Frame - Rectangle - Metal,0,1,1,WIDTH_INC,0,6,0,38,0
Vijayawada Mogalrajpuram,SOUTH,AVANTA,FRAME,METAL|FULL|CAT EYE,FEMALE,1090,,,SYS167551,,1090,FREE,SYS167551,AV 220188 - Avanta - Female - Gold - 54 - Full Frame - Cat Eye - Metal,0,1,1,WIDTH_INC,0,7,0,38,0
Hisar Sec 14,NORTH,AVANTA,FRAME,TR|FULL|RECTANGLE,MALE,890,,,SYS166801,,890,FREE,SYS166801,AV 270812 - Avanta - Male - Blk/Red - 50 - Full Frame - Rectangle - TR,0,1,1,WIDTH_INC,0,12,0,11,0
Agra Ashoka Plaza,NORTH,AVANTA,FRAME,METAL|HALF|RECTANGLE,FEMALE,990,,,SYS163559,,990,FREE,SYS163559,AV 202438 - Avanta - Female - Silver/Blk - 48 - Half Frame - Rectangle - Metal,0,1,1,WIDTH_INC,0,5,0,30,0
Gurgaon Sector 51 M2K,NORTH,MONTBLANC,FRAME,METAL|RIMLESS|SQUARE,MALE,22200,,,SYS166583,,22200,FREE,SYS166583,MB0431O - Montblanc - Male - 003 - 53 - Rimless - Square - Metal,0,1,1,WIDTH_INC,0,1,0,2,0
Gurgaon Sector 51 M2K,NORTH,MONTBLANC,FRAME,SHEET|FULL|SQUARE,MALE,19900,,,SYS166584,,19900,FREE,SYS166584,MB0433O - Montblanc - Male - 001 - 51 - Full Frame - Square - Sheet,0,1,1,WIDTH_INC,0,1,0,2,0
Ghaziabad Nehru Nagar,NORTH,AVANTA,FRAME,TR|FULL|ROUND,UNISEX,790,,,SYS148222,,790,FREE,SYS148222,AV 18925 - Avanta - Unisex - Trans/Purple - 50 - Full Frame - Round - TR,0,1,1,WIDTH_INC,0,1,0,19,0
Hisar Sec 14,NORTH,AVANTA,FRAME,TR|FULL|RECTANGLE,MALE,890,,,SYS168079,,890,FREE,SYS168079,AV 8061 - Avanta - Male - Black - 53 - Full Frame - Rectangle - TR,0,1,1,WIDTH_INC,0,11,0,11,0
Delhi Rajouri Garden,NORTH,AVANTA KIDS,FRAME,PEDIATRIC|FULL|ROUND,KIDS,1690,,,SYS165271,,1690,FREE,SYS165271,AV ZC1611 - Avanta Kids - Kids - C8 - 48 - Full Frame - Round - Pediatric,0,1,1,WIDTH_INC,0,4,0,7,0
Varanasi Mahmoorganj,NORTH,ADMYRA,FRAME,SHEET|FULL|RECTANGLE,MALE,2490,,,SYS67860,,2490,FREE,SYS67860,AM 039 - Admyra - Male - MT.Blue - 51 - Full Frame - Rectangle - Sheet,0,1,1,WIDTH_INC,0,106,69,14,4
Varanasi Mahmoorganj,NORTH,ADMYRA,FRAME,SHEET|FULL|RECTANGLE,MALE,2490,,,SYS67858,,2490,FREE,SYS67858,AM 039 - Admyra - Male - D/Grey - 51 - Full Frame - Rectangle - Sheet,0,1,1,WIDTH_INC,0,74,53,14,4
Varanasi Mahmoorganj,NORTH,ADMYRA,FRAME,SHEET|FULL|RECTANGLE,MALE,2490,,,SYS67859,,2490,FREE,SYS67859,AM 039 - Admyra - Male - MT.Black - 51 - Full Frame - Rectangle - Sheet,0,1,1,WIDTH_INC,0,70,44,14,4
Varanasi Mahmoorganj,NORTH,ADMYRA,FRAME,SHEET|FULL|RECTANGLE,MALE,2490,,,SYS67857,,2490,FREE,SYS67857,AM 039 - Admyra - Male - D/Brown - 51 - Full Frame - Rectangle - Sheet,0,1,1,WIDTH_INC,0,48,34,14,4
Vijayawada Mogalrajpuram,SOUTH,AVANTA,FRAME,TR|FULL|ROUND,UNISEX,990,,,SYS167145,,990,FREE,SYS167145,AV 250983 - Avanta - Unisex - C6 - 46 - Full Frame - Round - TR,0,1,1,WIDTH_INC,0,6,5,38,0
Delhi Rajouri Garden,NORTH,AVANTA KIDS,FRAME,PEDIATRIC|FULL|ROUND,KIDS,1190,,,SYS165294,,1190,FREE,SYS165294,AV 1511 - Avanta Kids - Kids - C1 - 48 - Full Frame - Round - Pediatric,0,1,1,WIDTH_INC,0,2,0,7,0
Ghaziabad RDC,NORTH,TOMMY HILFIGER,FRAME,SHEET|FULL|SQUARE,MALE,7490,,,SYS119626,,7490,FREE,SYS119626,TH 4422 - Tommy Hilfiger - Male - C2 - 52 - Full Frame - Square - Sheet,0,1,1,WIDTH_INC,0,3,0,4,2
Delhi Rajouri Garden,NORTH,AVANTA,FRAME,TR|FULL|RECTANGLE,MALE,890,,,SYS168067,,890,FREE,SYS168067,AV 8027 - Avanta - Male - Black - 49 - Full Frame - Rectangle - TR,0,1,1,WIDTH_INC,0,12,4,14,0
Guwahati Bhangagarh,NORTH,ADMYRA,FRAME,METAL|FULL|CAT EYE,FEMALE,2490,,,SYS107518,,2490,FREE,SYS107518,AM 28003 - Admyra - Female - C2 - 52 - Full Frame - Cat Eye - Metal,0,1,1,WIDTH_INC,0,1,0,28,16
Hyderabad Hayathnagar,SOUTH,AVANTA,FRAME,METAL|HALF|RECTANGLE,FEMALE,990,,,SYS163559,,990,FREE,SYS163559,AV 202438 - Avanta - Female - Silver/Blk - 48 - Half Frame - Rectangle - Metal,0,1,1,WIDTH_INC,0,5,0,13,0
Agra Ashoka Plaza,NORTH,AVANTA KIDS,FRAME,TR|FULL|ROUND,KIDS,890,,,SYS168241,,890,FREE,SYS168241,AV 83009 - Avanta Kids - Kids - Black - 44 - Full Frame - Round - TR,0,1,1,WIDTH_INC,0,6,0,6,0
Palwal New Colony,NORTH,ADMYRA,FRAME,SHEET|FULL|SQUARE,MALE,2490,,,SYS67555,,2490,FREE,SYS67555,AM 001 - Admyra - Male - Black - 53 - Full Frame - Square - Sheet,0,1,1,WIDTH_INC,0,132,84,8,0
Palwal New Colony,NORTH,ADMYRA,FRAME,SHEET|FULL|SQUARE,MALE,2490,,,SYS67559,,2490,FREE,SYS67559,AM 001 - Admyra - Male - MT.Black - 53 - Full Frame - Square - Sheet,0,1,1,WIDTH_INC,0,61,44,8,0
Palwal New Colony,NORTH,ADMYRA,FRAME,SHEET|FULL|SQUARE,MALE,2490,,,SYS67558,,2490,FREE,SYS67558,AM 001 - Admyra - Male - Transparent - 53 - Full Frame - Square - Sheet,0,1,1,WIDTH_INC,0,84,54,8,0
Delhi Rajouri Garden,NORTH,AVANTA KIDS,FRAME,TR|FULL|RECTANGLE,KIDS,790,,,SYS168343,,790,FREE,SYS168343,AV 95007 - Avanta Kids - Kids - MT.Pink - 45 - Full Frame - Rectangle - TR,0,1,1,WIDTH_INC,0,6,0,7,0
Delhi Rajouri Garden,NORTH,AVANTA KIDS,FRAME,TR|FULL|ROUND,KIDS,790,,,SYS168320,,790,FREE,SYS168320,AV 95008 - Avanta Kids - Kids - Grey/Pink - 43 - Full Frame - Round - TR,0,1,1,WIDTH_INC,0,6,0,7,0
Agra Ashoka Plaza,NORTH,AVANTA KIDS,FRAME,TR|FULL|ROUND,KIDS,790,,,SYS168311,,790,FREE,SYS168311,AV 95008 - Avanta Kids - Kids - Yellow - 43 - Full Frame - Round - TR,0,1,1,WIDTH_INC,0,6,0,6,0
Agra Ashoka Plaza,NORTH,AVANTA KIDS,FRAME,TR|FULL|ROUND,KIDS,790,,,SYS168313,,790,FREE,SYS168313,AV 95008 - Avanta Kids - Kids - Purple - 43 - Full Frame - Round - TR,0,1,1,WIDTH_INC,0,6,0,6,0
Delhi Vikaspuri Najafgarh Road,NORTH,AVANTA,FRAME,SHEET|FULL|ROUND,UNISEX,1190,,,SYS158417,,1190,FREE,SYS158417,AV 0068HD - Avanta - Unisex - Trans/Purple - 48 - Full Frame - Round - Sheet,0,1,1,WIDTH_INC,0,55,39,5,0
Delhi Vikaspuri Najafgarh Road,NORTH,AVANTA,FRAME,SHEET|FULL|CAT EYE,FEMALE,1190,,,SYS158408,,1190,FREE,SYS158408,AV 0072HD - Avanta - Female - Black - 51 - Full Frame - Cat Eye - Sheet,0,1,1,WIDTH_INC,0,55,43,5,0
Delhi Vikaspuri Najafgarh Road,NORTH,AVANTA,FRAME,SHEET|FULL|SQUARE,MALE,1190,,,SYS158368,,1190,FREE,SYS158368,AV 0064 - Avanta - Male - Black - 54 - Full Frame - Square - Sheet,0,1,1,WIDTH_INC,0,170,140,5,0
Delhi Vikaspuri Najafgarh Road,NORTH,AVANTA,FRAME,SHEET|FULL|RECTANGLE,MALE,1190,,,SYS158378,,1190,FREE,SYS158378,AV 0061 - Avanta - Male - Black - 53 - Full Frame - Rectangle - Sheet,0,1,1,WIDTH_INC,0,143,113,5,0
Rewari Sector 5,NORTH,OMBRA,SUNGLASS,SHEET|FULL|RECTANGLE,MALE,1590,,,SYS166512,,1590,FREE,SYS166512,OB 9870P - OMBRA - Male - C6 - 50 - Sunglass - Rectangle - Sheet,0,1,1,WIDTH_INC,0,11,0,1,0
Delhi Rajouri Garden,NORTH,AVANTA KIDS,FRAME,TR|FULL|ROUND,KIDS,890,,,SYS168241,,890,FREE,SYS168241,AV 83009 - Avanta Kids - Kids - Black - 44 - Full Frame - Round - TR,0,1,1,WIDTH_INC,0,6,0,7,0
Agra Ashoka Plaza,NORTH,AVANTA,FRAME,TR|FULL|RECTANGLE,UNISEX,890,,,SYS167910,,890,FREE,SYS167910,AV 202532 - Avanta - Unisex - MT.Grey - 51 - Full Frame - Rectangle - TR,0,1,1,WIDTH_INC,0,10,3,30,0
Agra Ashoka Plaza,NORTH,AVANTA,FRAME,TR|FULL|SQUARE,UNISEX,990,,,SYS167958,,990,FREE,SYS167958,AV 9952202 - Avanta - Unisex - Trans/Grey - 52 - Full Frame - Square - TR,0,1,1,WIDTH_INC,0,16,3,30,0
Agra Ashoka Plaza,NORTH,AVANTA,FRAME,TR|FULL|SQUARE,MALE,990,,,SYS167965,,990,FREE,SYS167965,AV 9952204 - Avanta - Male - Trans/Grey - 53 - Full Frame - Square - TR,0,1,1,WIDTH_INC,0,12,0,30,0
Agra Ashoka Plaza,NORTH,AVANTA,FRAME,TR|FULL|CAT EYE,FEMALE,990,,,SYS168001,,990,FREE,SYS168001,AV 9952213 - Avanta - Female - Trans/Purple - 51 - Full Frame - Cat Eye - TR,0,1,1,WIDTH_INC,0,6,0,30,0
Delhi Rajouri Garden,NORTH,AVANTA KIDS,FRAME,TR|FULL|SQUARE,KIDS,790,,,SYS168277,,790,FREE,SYS168277,AV 95001 - Avanta Kids - Kids - MT/D/Green - 43 - Full Frame - Square - TR,0,1,1,WIDTH_INC,0,7,2,7,0
Agra Ashoka Plaza,NORTH,AVANTA,FRAME,TR|FULL|CAT EYE,FEMALE,990,,,SYS167985,,990,FREE,SYS167985,AV 9952214 - Avanta - Female - Trans/Pink - 51 - Full Frame - Cat Eye - TR,0,1,1,WIDTH_INC,0,6,0,30,0
Noida Spectrum Mall,NORTH,TOMMY HILFIGER,FRAME,METAL|FULL|RECTANGLE,MALE,7990,,,SYS78526,,7990,FREE,SYS78526,TH 6300 - Tommy Hilfiger - Male - C4 - 53 - Full Frame - Rectangle - Metal,0,1,1,WIDTH_INC,0,1,0,7,3
Noida Spectrum Mall,NORTH,TOMMY HILFIGER,FRAME,SHEET|FULL|CAT EYE,FEMALE,6990,,,SYS78522,,6990,FREE,SYS78522,TH 6294 - Tommy Hilfiger - Female - C5 - 52 - Full Frame - Cat Eye - Sheet,0,1,1,WIDTH_INC,0,6,0,7,3
Mumbai Ghatkopar Dr Mehta Eye,WEST,ADMYRA,FRAME,SHEET|FULL|SQUARE,MALE,2490,,,SYS67557,,2490,FREE,SYS67557,AM 001 - Admyra - Male - D/Grey - 53 - Full Frame - Square - Sheet,0,1,1,WIDTH_INC,0,72,40,7,3
Mumbai Ghatkopar Dr Mehta Eye,WEST,ADMYRA,FRAME,SHEET|FULL|SQUARE,MALE,2490,,,SYS67555,,2490,FREE,SYS67555,AM 001 - Admyra - Male - Black - 53 - Full Frame - Square - Sheet,0,1,1,WIDTH_INC,0,132,84,7,3
Gurgaon Dhanak Basti New Railway Road,NORTH,AVANTA,FRAME,METAL|FULL|SQUARE,MALE,990,,,SYS164812,,990,FREE,SYS164812,AV 7412205 - Avanta - Male - Silver - 51 - Full Frame - Square - Metal,0,1,1,WIDTH_INC,0,7,4,17,0
Faridabad Sec 16A,NORTH,AVANTA,FRAME,METAL|HALF|SQUARE,MALE,1190,,,SYS163750,,1190,FREE,SYS163750,AV 222570 - Avanta - Male - C4 - 51 - Half Frame - Square - Metal,0,1,1,WIDTH_INC,0,6,0,23,0
Faridabad Sec 16A,NORTH,ADMYRA,FRAME,TR|FULL|SQUARE,MALE,2190,,,SYS163979,,2190,FREE,SYS163979,AM 9907 - Admyra - Male - C1 - 53 - Full Frame - Square - TR,0,1,1,WIDTH_INC,0,12,0,23,6
Vijayawada Mogalrajpuram,SOUTH,AVANTA,FRAME,METAL|SUPRA|RECTANGLE,MALE,490,,,SYS147793,,490,FREE,SYS147793,AV 31004 - Avanta - Male - Burgundy - 48 - Supra - Rectangle - Metal,0,1,1,WIDTH_INC,0,4,2,38,0
Kolkata AJC Bose Road,EAST,AVANTA,FRAME,SHEET|FULL|ROUND,UNISEX,1190,,,SYS158417,,1190,FREE,SYS158417,AV 0068HD - Avanta - Unisex - Trans/Purple - 48 - Full Frame - Round - Sheet,0,1,1,WIDTH_INC,0,55,39,17,0
Kolkata AJC Bose Road,EAST,AVANTA,FRAME,SHEET|FULL|CAT EYE,FEMALE,1190,,,SYS158410,,1190,FREE,SYS158410,AV 0072HD - Avanta - Female - Purple - 51 - Full Frame - Cat Eye - Sheet,0,1,1,WIDTH_INC,0,60,41,17,0
Kolkata AJC Bose Road,EAST,AVANTA,FRAME,SHEET|FULL|RECTANGLE,MALE,1190,,,SYS158381,,1190,FREE,SYS158381,AV 0061 - Avanta - Male - Trans/Grey - 53 - Full Frame - Rectangle - Sheet,0,1,1,WIDTH_INC,0,128,109,17,0
Ranchi Kutchery Road,EAST,AVANTA,FRAME,SHEET|FULL|SQUARE,MALE,1190,,,SYS158368,,1190,FREE,SYS158368,AV 0064 - Avanta - Male - Black - 54 - Full Frame - Square - Sheet,0,1,1,WIDTH_INC,0,170,140,21,0
Ranchi Kutchery Road,EAST,AVANTA,FRAME,SHEET|FULL|RECTANGLE,MALE,1190,,,SYS158378,,1190,FREE,SYS158378,AV 0061 - Avanta - Male - Black - 53 - Full Frame - Rectangle - Sheet,0,1,1,WIDTH_INC,0,143,113,21,0
Noida GaurCity,NORTH,ADMYRA,FRAME,METAL|FULL|SQUARE,MALE,2190,,,SYS106234,,2190,FREE,SYS106234,AM 60006 - Admyra - Male - Blk/Gold - 53 - Full Frame - Square - Metal,0,1,1,WIDTH_INC,0,1,0,12,5
Gurgaon Dhanak Basti New Railway Road,NORTH,AVANTA,FRAME,METAL|FULL|SQUARE,MALE,1190,,,SYS164724,,1190,FREE,SYS164724,AV PB005 - Avanta - Male - Black - 52 - Full Frame - Square - Metal,0,1,1,WIDTH_INC,0,12,4,17,0
Ranchi Kutchery Road,EAST,AVANTA,FRAME,SHEET|FULL|ROUND,UNISEX,1190,,,SYS158414,,1190,FREE,SYS158414,AV 0068HD - Avanta - Unisex - D/Wine - 48 - Full Frame - Round - Sheet,0,1,1,WIDTH_INC,0,74,64,21,0
Ranchi Kutchery Road,EAST,AVANTA,FRAME,SHEET|FULL|CAT EYE,FEMALE,1190,,,SYS158411,,1190,FREE,SYS158411,AV 0072HD - Avanta - Female - Blue - 51 - Full Frame - Cat Eye - Sheet,0,1,1,WIDTH_INC,0,52,48,21,0
Kolkata Madhyamgram,EAST,ADMYRA,FRAME,SHEET|FULL|CAT EYE,FEMALE,2790,,,SYS162309,,2790,FREE,SYS162309,AM 0131 - Admyra - Female - D/Green - 51 - Full Frame - Cat Eye - Sheet,0,1,1,WIDTH_INC,0,50,38,16,3
Kolkata Madhyamgram,EAST,ADMYRA,FRAME,SHEET|FULL|CAT EYE,FEMALE,2790,,,SYS162310,,2790,FREE,SYS162310,AM 0131 - Admyra - Female - Trans/Blue - 51 - Full Frame - Cat Eye - Sheet,0,1,1,WIDTH_INC,0,49,19,16,3
Kolkata Madhyamgram,EAST,ADMYRA,FRAME,SHEET|FULL|CAT EYE,FEMALE,2790,,,SYS162318,,2790,FREE,SYS162318,AM 0133 - Admyra - Female - D/Brown - 53 - Full Frame - Cat Eye - Sheet,0,1,1,WIDTH_INC,0,47,41,16,3
Mumbai Ghatkopar Dr Mehta Eye,WEST,ADMYRA,FRAME,SHEET|FULL|RECTANGLE,MALE,2490,,,SYS67860,,2490,FREE,SYS67860,AM 039 - Admyra - Male - MT.Blue - 51 - Full Frame - Rectangle - Sheet,0,1,1,WIDTH_INC,0,106,69,7,3
Indore Sapna Sangeeta Road,NORTH,AVANTA,FRAME,METAL|SUPRA|RECTANGLE,MALE,690,,,SYS143946,,690,FREE,SYS143946,AV X8006 - Avanta - Male - Gold - 53 - Supra - Rectangle - Metal,0,1,1,WIDTH_INC,0,1,0,22,0
Delhi Dwarka Sec 09,NORTH,VOGUE,FRAME,SHEET|FULL|CAT EYE,FEMALE,5790,,,SYS94834,,5790,FREE,SYS94834,VO5483 - Vogue - Female - 2864 - 52 - Full Frame - Cat Eye - Sheet,0,1,1,WIDTH_INC,0,2,0,17,2
Siliguri Sevoke Road,WEST,AVANTA,FRAME,METAL|HALF|RECTANGLE,MALE,1690,,,SYS117001,,1690,FREE,SYS117001,AV 56078 - Avanta - Male - C4 - 54 - Half Frame - Rectangle - Metal,0,1,1,WIDTH_INC,0,1,0,20,0
Siliguri Sevoke Road,WEST,AVANTA,FRAME,METAL|FULL|RECTANGLE,MALE,1490,,,SYS116955,,1490,FREE,SYS116955,AV 25101 - Avanta - Male - C3 - 53 - Full Frame - Rectangle - Metal,0,1,1,WIDTH_INC,0,2,0,20,0
Faridabad Sec 16A,NORTH,AVANTA,FRAME,TR|FULL|ROUND,UNISEX,990,,,SYS163224,,990,FREE,SYS163224,AV 303039 - Avanta - Unisex - Trans/Green - 47 - Full Frame - Round - TR,0,1,1,WIDTH_INC,0,7,0,23,0
Noida GaurCity,NORTH,VOGUE JUNIOR,SUNGLASS,SHEET|FULL|CAT EYE,KIDS,3690,,,SYS152777,,3690,FREE,SYS152777,VJ2026 - Vogue Junior - Kids - 287580 - 50 - Sunglass - Cat Eye - Sheet,0,1,1,WIDTH_INC,0,1,0,1,0
Agra Ashoka Plaza,NORTH,AVANTA,FRAME,TR|FULL|RECTANGLE,MALE,690,,,SYS168016,,690,FREE,SYS168016,AV T018 - Avanta - Male - Black - 51 - Full Frame - Rectangle - TR,0,1,1,WIDTH_INC,0,8,0,30,0
Agra Ashoka Plaza,NORTH,AVANTA,FRAME,TR|FULL|ROUND,UNISEX,890,,,SYS168083,,890,FREE,SYS168083,AV 8029 - Avanta - Unisex - Black - 46 - Full Frame - Round - TR,0,1,1,WIDTH_INC,0,8,4,30,0
Agra Ashoka Plaza,NORTH,AVANTA,FRAME,TR|FULL|RECTANGLE,MALE,890,,,SYS168079,,890,FREE,SYS168079,AV 8061 - Avanta - Male - Black - 53 - Full Frame - Rectangle - TR,0,1,1,WIDTH_INC,0,11,0,30,0
Agra Ashoka Plaza,NORTH,AVANTA,FRAME,TR|FULL|CAT EYE,FEMALE,790,,,SYS168056,,790,FREE,SYS168056,AV 270814 - Avanta - Female - Black - 48 - Full Frame - Cat Eye - TR,0,1,1,WIDTH_INC,0,4,0,30,0
Siliguri Sevoke Road,WEST,AVANTA,FRAME,TR|FULL|ROUND,UNISEX,990,,,SYS163224,,990,FREE,SYS163224,AV 303039 - Avanta - Unisex - Trans/Green - 47 - Full Frame - Round - TR,0,1,1,WIDTH_INC,0,7,0,20,0
Badlapur Kulgaon Drishti Eye,WEST,ADMYRA,FRAME,SHEET|FULL|CAT EYE,FEMALE,2790,,,SYS162310,,2790,FREE,SYS162310,AM 0131 - Admyra - Female - Trans/Blue - 51 - Full Frame - Cat Eye - Sheet,0,1,1,WIDTH_INC,0,49,19,5,0
Badlapur Kulgaon Drishti Eye,WEST,ADMYRA,FRAME,SHEET|FULL|CAT EYE,FEMALE,2790,,,SYS162316,,2790,FREE,SYS162316,AM 0133 - Admyra - Female - Black - 53 - Full Frame - Cat Eye - Sheet,0,1,1,WIDTH_INC,0,49,19,5,0
Badlapur Kulgaon Drishti Eye,WEST,VOGUE,FRAME,METAL|FULL|SQUARE,UNISEX,5090,,,SYS162043,,5090,FREE,SYS162043,VO4340 - Vogue - Unisex - 280 - 51 - Full Frame - Square - Metal,0,1,1,WIDTH_INC,0,3,2,5,3
Vadodara Genda Circle,NORTH,ADMYRA,FRAME,METAL|FULL|CAT EYE,FEMALE,2490,,,SYS107517,,2490,FREE,SYS107517,AM 28003 - Admyra - Female - C1 - 52 - Full Frame - Cat Eye - Metal,0,1,1,WIDTH_INC,0,1,0,10,3
Ghaziabad RDC,NORTH,FRENCH CONNECTION,FRAME,SHEET|FULL|SQUARE,MALE,3490,,,SYS88651,,3490,FREE,SYS88651,FC 9761 - French Connection - Male - C1 - 53 - Full Frame - Square - Sheet,0,1,1,WIDTH_INC,0,4,0,6,5
Noida GaurCity,NORTH,STEPPER,FRAME,SHEET|FULL|CAT EYE,FEMALE,7370,,,SYS106064,,7370,FREE,SYS106064,SI/30194 - Stepper - Female - F110 - 53 - Full Frame - Cat Eye - Sheet,0,1,1,WIDTH_INC,0,1,0,1,0
Karnal Model Town,NORTH,OMBRA,SUNGLASS,METAL|FULL|SQUARE,MALE,1390,,,SYS166406,,1390,FREE,SYS166406,OB 1305 - OMBRA - Male - C1 - 53 - Sunglass - Square - Metal,0,1,1,WIDTH_INC,0,1,0,6,0
Karnal Model Town,NORTH,OMBRA,SUNGLASS,SHEET|FULL|RECTANGLE,MALE,1190,,,SYS166384,,1190,FREE,SYS166384,OB 98201P - OMBRA - Male - C1 - 53 - Sunglass - Rectangle - Sheet,0,1,1,WIDTH_INC,0,10,1,6,0
Karnal Model Town,NORTH,OMBRA,SUNGLASS,SHEET|FULL|RECTANGLE,MALE,1190,,,SYS166385,,1190,FREE,SYS166385,OB 98201P - OMBRA - Male - C2 - 53 - Sunglass - Rectangle - Sheet,0,1,1,WIDTH_INC,0,10,0,6,0
Rewari Sector 5,NORTH,AVANTA,FRAME,METAL|FULL|CAT EYE,FEMALE,1390,,,SYS165313,,1390,FREE,SYS165313,AV V1274 - Avanta - Female - C2 - 53 - Full Frame - Cat Eye - Metal,0,1,1,WIDTH_INC,0,4,3,39,0
Karnal Model Town,NORTH,OMBRA,SUNGLASS,SHEET|FULL|SQUARE,MALE,1590,,,SYS166471,,1590,FREE,SYS166471,OB 66804 - OMBRA - Male - C1 - 52 - Sunglass - Square - Sheet,0,1,1,WIDTH_INC,0,11,6,6,0
Rewari Sector 5,NORTH,AVANTA,FRAME,METAL|SUPRA|RECTANGLE,MALE,690,,,SYS165661,,690,FREE,SYS165661,AV 202433 - Avanta - Male - Gun - 52 - Supra - Rectangle - Metal,0,1,1,WIDTH_INC,0,1,0,39,0
Delhi Dwarka Vegas Mall Sec 14,NORTH,GUCCI,SUNGLASS,SHEET|FULL|RECTANGLE,MALE,14900,,,SYS144533,,14900,FREE,SYS144533,GG1857S - Gucci - Male - 001 - 55 - Sunglass - Rectangle - Sheet,0,1,1,WIDTH_INC,0,2,0,1,0
Agra Ashoka Plaza,NORTH,AVANTA,FRAME,TR|FULL|RECTANGLE,MALE,890,,,SYS166800,,890,FREE,SYS166800,AV 270812 - Avanta - Male - Black - 50 - Full Frame - Rectangle - TR,0,1,1,WIDTH_INC,0,20,0,30,0
Gurgaon Sector 51 M2K,NORTH,AVANTA,FRAME,METAL|SUPRA|RECTANGLE,MALE,990,,,SYS168568,,990,FREE,SYS168568,AV 8825711 - Avanta - Male - Gun - 52 - Supra - Rectangle - Metal,0,1,1,WIDTH_INC,0,15,9,5,0
Karnal Model Town,NORTH,OMBRA,SUNGLASS,SHEET|FULL|SQUARE,MALE,1190,,,SYS166360,,1190,FREE,SYS166360,OB 66528 - OMBRA - Male - C9 - 54 - Sunglass - Square - Sheet,0,1,1,WIDTH_INC,0,12,3,6,0
Karnal Model Town,NORTH,OMBRA,SUNGLASS,SHEET|FULL|SQUARE,MALE,1190,,,SYS166358,,1190,FREE,SYS166358,OB 66528 - OMBRA - Male - C2 - 54 - Sunglass - Square - Sheet,0,1,1,WIDTH_INC,0,12,9,6,0
Delhi Rohini Ring Road Mall,NORTH,RAYBAN JUNIOR,FRAME,SHEET|FULL|RECTANGLE,KIDS,4490,,,SYS152664,,4490,FREE,SYS152664,RY1586 - Rayban Junior - Kids - 3776 - 47 - Full Frame - Rectangle - Sheet,0,1,1,WIDTH_INC,0,4,0,7,2
Delhi Rohini Ring Road Mall,NORTH,RAYBAN JUNIOR,FRAME,SHEET|FULL|RECTANGLE,KIDS,4490,,,SYS152666,,4490,FREE,SYS152666,RY1586 - Rayban Junior - Kids - 3832 - 49 - Full Frame - Rectangle - Sheet,0,1,1,WIDTH_INC,0,3,0,7,2
Delhi Rohini Ring Road Mall,NORTH,RAYBAN JUNIOR,FRAME,SHEET|FULL|RECTANGLE,KIDS,3990,,,SYS152618,,3990,FREE,SYS152618,RY1904 - Rayban Junior - Kids - 3981 - 46 - Full Frame - Rectangle - Sheet,0,1,1,WIDTH_INC,0,3,0,7,2
Agra Ashoka Plaza,NORTH,AVANTA,FRAME,TR|FULL|RECTANGLE,MALE,990,,,SYS166956,,990,FREE,SYS166956,AV TB6034 - Avanta - Male - C6 - 51 - Full Frame - Rectangle - TR,0,1,1,WIDTH_INC,0,11,0,30,0
Delhi Dwarka Sec 09,NORTH,STEPPER,FRAME,SHEET|FULL|SQUARE,MALE,7370,,,SYS92185,,7370,FREE,SYS92185,SI/20064 - Stepper - Male - F250 - 53 - Full Frame - Square - Sheet,0,1,1,WIDTH_INC,0,1,0,4,0
Noida MOI,NORTH,RAYBAN,SUNGLASS,SHEET|FULL|WAYFARER,UNISEX,45700,,,SYS165564,,45700,FREE,SYS165564,RW4012 - Rayban Meta - Unisex - 601S1Z - 53 - Sunglass - Wayfarer - Sheet,0,1,1,WIDTH_INC,0,1,0,13,0
Delhi Safdarjung Enclave,NORTH,STEPPER,FRAME,SHEET|FULL|SQUARE,MALE,6820,,,SYS113869,,6820,FREE,SYS113869,STS/10134 - Stepper - Male - F700 - 54 - Full Frame - Square - Sheet,0,1,1,WIDTH_INC,0,1,0,6,0
Navi Mumbai Nerul ( Shivam ),WEST,RAYBAN,FRAME,METAL|RIMLESS|SQUARE,MALE,5490,,,SYS76793,,5490,FREE,SYS76793,RX6483I - Rayban - Male - 2692 - 53 - Rimless - Square - Metal,0,1,1,WIDTH_INC,0,2,0,6,3
Jhunjhunu Indra Nagar,WEST,AVANTA,FRAME,METAL|FULL|RECTANGLE,MALE,690,,,SYS113113,,690,FREE,SYS113113,AV 31004 - Avanta - Male - Gun - 48 - Full Frame - Rectangle - Metal,0,1,1,WIDTH_INC,0,12,0,149,0
Noida GaurCity,NORTH,RAYBAN,FRAME,METAL|RIMLESS|RECTANGLE,MALE,6190,,,SYS152600,,6190,FREE,SYS152600,RX6488I - Rayban - Male - 2502 - 53 - Rimless - Rectangle - Metal,0,1,1,WIDTH_INC,0,2,0,12,1
Hyderabad Kukatpally Nizampet X Roads,SOUTH,AVANTA KIDS,FRAME,TR|FULL|CAT EYE,KIDS,790,,,SYS168177,,790,FREE,SYS168177,AV 1007 - Avanta Kids - Kids - Transparent - 42 - Full Frame - Cat Eye - TR,0,1,1,WIDTH_INC,0,8,0,12,0
Badlapur Kulgaon Drishti Eye,WEST,AVANTA,FRAME,SHEET|FULL|SQUARE,MALE,1190,,,SYS162649,,1190,FREE,SYS162649,AV 0063 - Avanta - Male - Trans/Grey - 51 - Full Frame - Square - Sheet,0,1,1,WIDTH_INC,0,267,247,10,0
Gurgaon Sector 51 M2K,NORTH,RAYBAN,SUNGLASS,SHEET|FULL|SQUARE,MALE,12690,,,SYS56432,,12690,FREE,SYS56432,RB4181 - Rayban - Male - 601/9A - 57 - Sunglass - Square - Sheet,0,1,1,WIDTH_INC,0,2,0,6,0
Gurgaon Sector 51 M2K,NORTH,RAYBAN,SUNGLASS,SHEET|FULL|SQUARE,MALE,11190,,,SYS56431,,11190,FREE,SYS56431,RB4181 - Rayban - Male - 601/71 - 57 - Sunglass - Square - Sheet,0,1,1,WIDTH_INC,0,1,0,6,0
Ghaziabad RDC,NORTH,AVANTA,FRAME,TR|FULL|SQUARE,MALE,890,,,SYS168465,,890,FREE,SYS168465,AV 303032 - Avanta - Male - Black - 52 - Full Frame - Square - TR,0,1,1,WIDTH_INC,0,8,0,12,0
Delhi Safdarjung Enclave,NORTH,STEPPER,FRAME,TITANIUM|HALF|SQUARE,MALE,10780,,,SYS113806,,10780,FREE,SYS113806,SI/60178 - Stepper - Male - F500 - 53 - Half Frame - Square - Titanium,0,1,1,WIDTH_INC,0,2,0,6,0
Delhi Dwarka Krishna Mall,NORTH,RAYBAN,SUNGLASS,SHEET|FULL|RECTANGLE,UNISEX,13990,,,SYS157100,,13990,FREE,SYS157100,RB4454 - Rayban - Unisex - 667748 - 56 - Sunglass - Rectangle - Sheet,0,1,1,WIDTH_INC,0,2,1,3,0
Delhi Dwarka Sec 09,NORTH,VOGUE JUNIOR,FRAME,SHEET|FULL|SQUARE,KIDS,3890,,,SYS145007,,3890,FREE,SYS145007,VY2033 - Vogue Junior - Kids - 2613 - 48 - Full Frame - Square - Sheet,0,1,1,WIDTH_INC,0,1,0,5,0
Delhi Dwarka Sec 09,NORTH,VOGUE JUNIOR,FRAME,SHEET|FULL|CAT EYE,KIDS,4490,,,SYS144944,,4490,FREE,SYS144944,VY2034 - Vogue Junior - Kids - 2726 - 51 - Full Frame - Cat Eye - Sheet,0,1,1,WIDTH_INC,0,2,0,5,0
Hyderabad Kukatpally Nizampet X Roads,SOUTH,AVANTA KIDS,FRAME,TR|FULL|ROUND,KIDS,890,,,SYS168248,,890,FREE,SYS168248,AV 83009 - Avanta Kids - Kids - MT.Blue - 44 - Full Frame - Round - TR,0,1,1,WIDTH_INC,0,5,2,12,0
Ghaziabad RDC,NORTH,AVANTA,FRAME,METAL|RIMLESS|RECTANGLE,MALE,990,,,SYS168746,,990,FREE,SYS168746,AV ST1006 - Avanta - Male - Gun - 52 - Rimless - Rectangle - Metal,0,1,1,WIDTH_INC,0,9,4,12,0
Guwahati Rukminigaon TRC,EAST,AVANTA,FRAME,TR|FULL|RECTANGLE,MALE,990,,,SYS166997,,990,FREE,SYS166997,AV 250904 - Avanta - Male - Black - 53 - Full Frame - Rectangle - TR,0,1,1,WIDTH_INC,0,9,0,6,0
Hyderabad Kukatpally Nizampet X Roads,SOUTH,AVANTA KIDS,FRAME,TR|FULL|ROUND,KIDS,790,,,SYS168320,,790,FREE,SYS168320,AV 95008 - Avanta Kids - Kids - Grey/Pink - 43 - Full Frame - Round - TR,0,1,1,WIDTH_INC,0,6,0,12,0
Hyderabad Kukatpally Nizampet X Roads,SOUTH,AVANTA KIDS,FRAME,TR|FULL|RECTANGLE,KIDS,790,,,SYS168343,,790,FREE,SYS168343,AV 95007 - Avanta Kids - Kids - MT.Pink - 45 - Full Frame - Rectangle - TR,0,1,1,WIDTH_INC,0,6,0,12,0
Hyderabad Kukatpally Nizampet X Roads,SOUTH,AVANTA KIDS,FRAME,TR|FULL|RECTANGLE,KIDS,790,,,SYS168340,,790,FREE,SYS168340,AV 95007 - Avanta Kids - Kids - Yellow - 45 - Full Frame - Rectangle - TR,0,1,1,WIDTH_INC,0,6,0,12,0
Bhiwani Circular Road,NORTH,ADMYRA,FRAME,SHEET|FULL|CAT EYE,FEMALE,2790,,,SYS162316,,2790,FREE,SYS162316,AM 0133 - Admyra - Female - Black - 53 - Full Frame - Cat Eye - Sheet,0,1,1,WIDTH_INC,0,49,19,4,1
Bhiwani Circular Road,NORTH,ADMYRA,FRAME,SHEET|FULL|CAT EYE,FEMALE,2790,,,SYS162310,,2790,FREE,SYS162310,AM 0131 - Admyra - Female - Trans/Blue - 51 - Full Frame - Cat Eye - Sheet,0,1,1,WIDTH_INC,0,49,19,4,1
Delhi Dwarka Sec 09,NORTH,VOGUE,FRAME,SHEET|FULL|RECTANGLE,FEMALE,5090,,,SYS144799,,5090,FREE,SYS144799,VO5621 - Vogue - Female - 2942 - 51 - Full Frame - Rectangle - Sheet,0,1,1,WIDTH_INC,0,1,0,17,2
Hyderabad Kukatpally Nizampet X Roads,SOUTH,AVANTA KIDS,FRAME,TR|FULL|SQUARE,KIDS,790,,,SYS168299,,790,FREE,SYS168299,AV 95005 - Avanta Kids - Kids - MT.Blue - 45 - Full Frame - Square - TR,0,1,1,WIDTH_INC,0,10,0,12,0
Kolkata Madhyamgram,EAST,ADMYRA,FRAME,SHEET|FULL|RECTANGLE,MALE,2490,,,SYS67860,,2490,FREE,SYS67860,AM 039 - Admyra - Male - MT.Blue - 51 - Full Frame - Rectangle - Sheet,0,1,1,WIDTH_INC,0,106,69,16,3
Kolkata Madhyamgram,EAST,ADMYRA,FRAME,SHEET|FULL|RECTANGLE,MALE,2490,,,SYS67859,,2490,FREE,SYS67859,AM 039 - Admyra - Male - MT.Black - 51 - Full Frame - Rectangle - Sheet,0,1,1,WIDTH_INC,0,70,44,16,3
Kolkata Madhyamgram,EAST,ADMYRA,FRAME,SHEET|FULL|RECTANGLE,MALE,2490,,,SYS67858,,2490,FREE,SYS67858,AM 039 - Admyra - Male - D/Grey - 51 - Full Frame - Rectangle - Sheet,0,1,1,WIDTH_INC,0,74,53,16,3
Kolkata Madhyamgram,EAST,ADMYRA,FRAME,SHEET|FULL|RECTANGLE,MALE,2490,,,SYS67856,,2490,FREE,SYS67856,AM 039 - Admyra - Male - Black - 51 - Full Frame - Rectangle - Sheet,0,1,1,WIDTH_INC,0,103,53,16,3
Noida Spectrum Mall,NORTH,ADMYRA,FRAME,TR|FULL|CAT EYE,FEMALE,2190,,,SYS163987,,2190,FREE,SYS163987,AM 9909 - Admyra - Female - C4 - 51 - Full Frame - Cat Eye - TR,0,1,1,WIDTH_INC,0,3,0,25,9
Noida Spectrum Mall,NORTH,ADMYRA,FRAME,TR|FULL|CAT EYE,FEMALE,2190,,,SYS163988,,2190,FREE,SYS163988,AM 9909 - Admyra - Female - C2 - 51 - Full Frame - Cat Eye - TR,0,1,1,WIDTH_INC,0,3,0,25,9
Noida Spectrum Mall,NORTH,ADMYRA,FRAME,TR|FULL|CAT EYE,FEMALE,2190,,,SYS163975,,2190,FREE,SYS163975,AM 9906 - Admyra - Female - C3 - 52 - Full Frame - Cat Eye - TR,0,1,1,WIDTH_INC,0,2,0,25,9
Noida Spectrum Mall,NORTH,ADMYRA,FRAME,TR|FULL|SQUARE,MALE,2190,,,SYS163979,,2190,FREE,SYS163979,AM 9907 - Admyra - Male - C1 - 53 - Full Frame - Square - TR,0,1,1,WIDTH_INC,0,12,0,25,9
Noida Spectrum Mall,NORTH,ADMYRA,FRAME,TR|FULL|CAT EYE,FEMALE,2190,,,SYS163972,,2190,FREE,SYS163972,AM 9906 - Admyra - Female - C2 - 52 - Full Frame - Cat Eye - TR,0,1,1,WIDTH_INC,0,2,0,25,9
Noida Spectrum Mall,NORTH,ADMYRA,FRAME,TR|FULL|CAT EYE,FEMALE,2190,,,SYS163967,,2190,FREE,SYS163967,AM 9905 - Admyra - Female - C2 - 54 - Full Frame - Cat Eye - TR,0,1,1,WIDTH_INC,0,2,0,25,9
Delhi Dwarka Krishna Mall,NORTH,TOMMY HILFIGER,SUNGLASS,SHEET|FULL|SQUARE,MALE,7990,,,SYS105934,,7990,FREE,SYS105934,TH 1089 - Tommy Hilfiger - Male - C5 - 53 - Clip on - Square - Sheet,0,1,1,WIDTH_INC,0,1,0,5,0
Ajmer Ramganj,WEST,AVANTA,FRAME,TR|FULL|SQUARE,MALE,990,,,SYS166959,,990,FREE,SYS166959,AV TB6041 - Avanta - Male - C1/5 - 51 - Full Frame - Square - TR,0,1,1,WIDTH_INC,0,12,0,21,0
Kharghar Laxmi Eye,WEST,AVANTA,FRAME,TR|FULL|RECTANGLE,MALE,790,,,SYS118601,,790,FREE,SYS118601,AV 8021 - Avanta - Male - Black - 50 - Full Frame - Rectangle - TR,0,1,1,WIDTH_INC,0,10,0,11,0
Jabalpur Napier Town,SOUTH,AVANTA,FRAME,METAL|FULL|RECTANGLE,MALE,1490,,,SYS107431,,1490,FREE,SYS107431,AV TJ16605 - Avanta - Male - C2 - 52 - Full Frame - Rectangle - Metal,0,1,1,WIDTH_INC,0,1,0,59,0
Varanasi Mahmoorganj,NORTH,ADMYRA,FRAME,SHEET|FULL|CAT EYE,FEMALE,2790,,,SYS162306,,2790,FREE,SYS162306,AM 0131 - Admyra - Female - Black - 51 - Full Frame - Cat Eye - Sheet,0,1,1,WIDTH_INC,0,47,41,14,4
Delhi Ashok Vihar Phase II,NORTH,ADMYRA,FRAME,SHEET|FULL|SQUARE,MALE,2490,,,SYS67558,,2490,FREE,SYS67558,AM 001 - Admyra - Male - Transparent - 53 - Full Frame - Square - Sheet,0,1,1,WIDTH_INC,0,84,54,8,2
Delhi Ashok Vihar Phase II,NORTH,ADMYRA,FRAME,SHEET|FULL|SQUARE,MALE,2490,,,SYS67557,,2490,FREE,SYS67557,AM 001 - Admyra - Male - D/Grey - 53 - Full Frame - Square - Sheet,0,1,1,WIDTH_INC,0,72,40,8,2
Sikar Police Line Road I Max,WEST,AVANTA KIDS,FRAME,PEDIATRIC|FULL|RECTANGLE,KIDS,1690,,,SYS105984,,1690,FREE,SYS105984,AV TR688 - Avanta Kids - Kids - C1 - 43 - Full Frame - Rectangle - Pediatric,0,1,1,WIDTH_INC,0,5,0,4,0
Varanasi Mahmoorganj,NORTH,ADMYRA,FRAME,SHEET|FULL|CAT EYE,FEMALE,2790,,,SYS162309,,2790,FREE,SYS162309,AM 0131 - Admyra - Female - D/Green - 51 - Full Frame - Cat Eye - Sheet,0,1,1,WIDTH_INC,0,50,38,14,4
Varanasi Mahmoorganj,NORTH,ADMYRA,FRAME,SHEET|FULL|CAT EYE,FEMALE,2790,,,SYS162310,,2790,FREE,SYS162310,AM 0131 - Admyra - Female - Trans/Blue - 51 - Full Frame - Cat Eye - Sheet,0,1,1,WIDTH_INC,0,49,19,14,4
Varanasi Mahmoorganj,NORTH,ADMYRA,FRAME,SHEET|FULL|CAT EYE,FEMALE,2790,,,SYS162312,,2790,FREE,SYS162312,AM 0132 - Admyra - Female - D/Brown - 52 - Full Frame - Cat Eye - Sheet,0,1,1,WIDTH_INC,0,50,38,14,4
Ghaziabad RDC,NORTH,RAYBAN,FRAME,SHEET|FULL|SQUARE,UNISEX,7990,,,SYS79680,,7990,FREE,SYS79680,RX7228 - Rayban - Unisex - 2000 - 53 - Full Frame - Square - Sheet,0,1,1,WIDTH_INC,0,1,0,9,5
Hyderabad Neo Retina (Abids),SOUTH,ADMYRA,FRAME,SHEET|FULL|CAT EYE,FEMALE,2990,,,SYS115307,,2990,FREE,SYS115307,AM 101 - Admyra - Female - Trans/Green - 53 - Full Frame - Cat Eye - Sheet,0,1,1,WIDTH_INC,0,16,15,6,0
Hyderabad Neo Retina (Abids),SOUTH,ADMYRA,FRAME,SHEET|FULL|CAT EYE,FEMALE,2990,,,SYS115304,,2990,FREE,SYS115304,AM 101 - Admyra - Female - Black - 53 - Full Frame - Cat Eye - Sheet,0,1,1,WIDTH_INC,0,29,27,6,0
Guwahati Rukminigaon TRC,EAST,AVANTA,FRAME,METAL|SUPRA|RECTANGLE,MALE,890,,,SYS167427,,890,FREE,SYS167427,AV 825071 - Avanta - Male - Gun - 48 - Supra - Rectangle - Metal,0,1,1,WIDTH_INC,0,12,1,6,0
Hyderabad Neo Retina (Abids),SOUTH,ADMYRA,FRAME,SHEET|FULL|CAT EYE,FEMALE,2990,,,SYS115305,,2990,FREE,SYS115305,AM 101 - Admyra - Female - D/Brown - 53 - Full Frame - Cat Eye - Sheet,0,1,1,WIDTH_INC,0,37,36,6,0
Hyderabad Neo Retina (Abids),SOUTH,ADMYRA,FRAME,SHEET|FULL|CAT EYE,FEMALE,2990,,,SYS115306,,2990,FREE,SYS115306,AM 101 - Admyra - Female - Purple - 53 - Full Frame - Cat Eye - Sheet,0,1,1,WIDTH_INC,0,24,21,6,0
Surat Rander Road,WEST,AVANTA KIDS,FRAME,TR|FULL|ROUND,KIDS,990,,,SYS120886,,990,FREE,SYS120886,AV TR11532 - Avanta Kids - Kids - MT.Yellow - 47 - Full Frame - Round - TR,0,1,1,WIDTH_INC,0,1,0,4,0
Palwal New Colony,NORTH,AVANTA,FRAME,SHEET|FULL|SQUARE,MALE,1190,,,SYS158368,,1190,FREE,SYS158368,AV 0064 - Avanta - Male - Black - 54 - Full Frame - Square - Sheet,0,1,1,WIDTH_INC,0,170,140,19,0
Palwal New Colony,NORTH,AVANTA,FRAME,SHEET|FULL|RECTANGLE,MALE,1190,,,SYS158378,,1190,FREE,SYS158378,AV 0061 - Avanta - Male - Black - 53 - Full Frame - Rectangle - Sheet,0,1,1,WIDTH_INC,0,143,113,19,0
Palwal New Colony,NORTH,AVANTA,FRAME,SHEET|FULL|ROUND,UNISEX,1190,,,SYS158416,,1190,FREE,SYS158416,AV 0068HD - Avanta - Unisex - D/Green - 48 - Full Frame - Round - Sheet,0,1,1,WIDTH_INC,0,17,10,19,0
Patiala Randhawa Eye,NORTH,AVANTA,FRAME,METAL|SUPRA|RECTANGLE,MALE,690,,,SYS143390,,690,FREE,SYS143390,AV 31004 - Avanta - Male - Gun - 51 - Supra - Rectangle - Metal,0,1,1,WIDTH_INC,0,8,0,29,0
Kamothe Laxmi Eye,WEST,AVANTA KIDS,FRAME,TR|FULL|RECTANGLE,KIDS,790,,,SYS168336,,790,FREE,SYS168336,AV 95007 - Avanta Kids - Kids - Black - 45 - Full Frame - Rectangle - TR,0,1,1,WIDTH_INC,0,6,0,1,0
Bhopal Hoshangabad Road,WEST,AVANTA KIDS,FRAME,TR|FULL|RECTANGLE,KIDS,790,,,SYS168338,,790,FREE,SYS168338,AV 95007 - Avanta Kids - Kids - Grey/Pink - 45 - Full Frame - Rectangle - TR,0,1,1,WIDTH_INC,0,6,0,5,0
Bhopal Hoshangabad Road,WEST,AVANTA KIDS,FRAME,TR|FULL|ROUND,KIDS,790,,,SYS168316,,790,FREE,SYS168316,AV 95008 - Avanta Kids - Kids - Trans/Purple - 43 - Full Frame - Round - TR,0,1,1,WIDTH_INC,0,6,0,5,0
Bhopal Hoshangabad Road,WEST,AVANTA KIDS,FRAME,TR|FULL|SQUARE,KIDS,790,,,SYS168299,,790,FREE,SYS168299,AV 95005 - Avanta Kids - Kids - MT.Blue - 45 - Full Frame - Square - TR,0,1,1,WIDTH_INC,0,10,0,5,0
Vijayawada Mogalrajpuram,SOUTH,AVANTA,FRAME,METAL|SUPRA|RECTANGLE,MALE,490,,,SYS147811,,490,FREE,SYS147811,AV 31004 - Avanta - Male - Black - 48 - Supra - Rectangle - Metal,0,1,1,WIDTH_INC,0,6,4,38,0
Navi Mumbai Nerul ( Shivam ),WEST,ADMYRA,FRAME,TR|FULL|CAT EYE,FEMALE,2190,,,SYS163970,,2190,FREE,SYS163970,AM 9906 - Admyra - Female - C6 - 52 - Full Frame - Cat Eye - TR,0,1,1,WIDTH_INC,0,1,0,17,1
Navi Mumbai Nerul ( Shivam ),WEST,ADMYRA,FRAME,TR|FULL|CAT EYE,FEMALE,2190,,,SYS163969,,2190,FREE,SYS163969,AM 9905 - Admyra - Female - C1 - 54 - Full Frame - Cat Eye - TR,0,1,1,WIDTH_INC,0,2,0,17,1
Navi Mumbai Nerul ( Shivam ),WEST,ADMYRA,FRAME,TR|FULL|CAT EYE,FEMALE,2190,,,SYS163974,,2190,FREE,SYS163974,AM 9906 - Admyra - Female - C5 - 52 - Full Frame - Cat Eye - TR,0,1,1,WIDTH_INC,0,2,0,17,1
Navi Mumbai Nerul ( Shivam ),WEST,ADMYRA,FRAME,TR|FULL|CAT EYE,FEMALE,2190,,,SYS163976,,2190,FREE,SYS163976,AM 9906 - Admyra - Female - C4 - 52 - Full Frame - Cat Eye - TR,0,1,1,WIDTH_INC,0,1,0,17,1
Navi Mumbai Nerul ( Shivam ),WEST,ADMYRA,FRAME,TR|FULL|CAT EYE,FEMALE,2190,,,SYS163988,,2190,FREE,SYS163988,AM 9909 - Admyra - Female - C2 - 51 - Full Frame - Cat Eye - TR,0,1,1,WIDTH_INC,0,3,0,17,1
Navi Mumbai Nerul ( Shivam ),WEST,ADMYRA,FRAME,TR|FULL|CAT EYE,FEMALE,2190,,,SYS163991,,2190,FREE,SYS163991,AM 9909 - Admyra - Female - C3 - 51 - Full Frame - Cat Eye - TR,0,1,1,WIDTH_INC,0,2,0,17,1
Ajmer Ramganj,WEST,AVANTA,FRAME,METAL|SUPRA|RECTANGLE,MALE,890,,,SYS167431,,890,FREE,SYS167431,AV 825073 - Avanta - Male - Black - 49 - Supra - Rectangle - Metal,0,1,1,WIDTH_INC,0,12,0,21,0
Bhopal Hoshangabad Road,WEST,AVANTA KIDS,FRAME,TR|FULL|CAT EYE,KIDS,790,,,SYS168177,,790,FREE,SYS168177,AV 1007 - Avanta Kids - Kids - Transparent - 42 - Full Frame - Cat Eye - TR,0,1,1,WIDTH_INC,0,8,0,5,0
Noida Spectrum Mall,NORTH,RAYBAN JUNIOR,FRAME,SHEET|FULL|RECTANGLE,KIDS,5390,,,SYS76794,,5390,FREE,SYS76794,RY1555 - Rayban Junior - Kids - 3667 - 48 - Full Frame - Rectangle - Sheet,0,1,1,WIDTH_INC,0,2,0,2,0
Bhopal Hoshangabad Road,WEST,RAYBAN,FRAME,SHEET|FULL|SQUARE,UNISEX,11090,,,SYS168914,,11090,FREE,SYS168914,RX7397 - Rayban - Unisex - 8088 - 52 - Full Frame - Square - Sheet,0,1,1,WIDTH_INC,0,2,0,4,1
Panvel Laxmi Eye,WEST,RAYBAN,FRAME,METAL|HALF|SQUARE,MALE,5590,,,SYS162024,,5590,FREE,SYS162024,RX6546I - Rayban - Male - 2500 - 53 - Half Frame - Square - Metal,0,1,1,WIDTH_INC,0,1,0,4,0
Delhi Vikaspuri Najafgarh Road,NORTH,ADMYRA,FRAME,SHEET|FULL|SQUARE,MALE,2490,,,SYS67558,,2490,FREE,SYS67558,AM 001 - Admyra - Male - Transparent - 53 - Full Frame - Square - Sheet,0,1,1,WIDTH_INC,0,84,54,6,1
Delhi Vikaspuri Najafgarh Road,NORTH,ADMYRA,FRAME,SHEET|FULL|SQUARE,MALE,2490,,,SYS67557,,2490,FREE,SYS67557,AM 001 - Admyra - Male - D/Grey - 53 - Full Frame - Square - Sheet,0,1,1,WIDTH_INC,0,72,40,6,1
Delhi Vikaspuri Najafgarh Road,NORTH,ADMYRA,FRAME,SHEET|FULL|SQUARE,MALE,2490,,,SYS67555,,2490,FREE,SYS67555,AM 001 - Admyra - Male - Black - 53 - Full Frame - Square - Sheet,0,1,1,WIDTH_INC,0,132,84,6,1
Patiala Randhawa Eye,NORTH,AVANTA,FRAME,METAL|FULL|RECTANGLE,MALE,790,,,SYS168401,,790,FREE,SYS168401,AV ZXA42008 - Avanta - Male - Gun - 50 - Full Frame - Rectangle - Metal,0,1,1,WIDTH_INC,0,24,13,29,0
Hyderabad Hayathnagar,SOUTH,AVANTA,FRAME,METAL|HALF|CAT EYE,FEMALE,1190,,,SYS165355,,1190,FREE,SYS165355,AV JM8811 - Avanta - Female - C1 - 53 - Half Frame - Cat Eye - Metal,0,1,1,WIDTH_INC,0,1,0,13,0
Rewari Sector 5,NORTH,AVANTA,FRAME,TR|FULL|ROUND,UNISEX,990,,,SYS167109,,990,FREE,SYS167109,AV 250986 - Avanta - Unisex - C1 - 48 - Full Frame - Round - TR,0,1,1,WIDTH_INC,0,9,0,39,0
Ghaziabad RDC,NORTH,EMPORIO ARMANI,SUNGLASS,METAL|FULL|SQUARE,MALE,16490,,,SYS78881,,16490,FREE,SYS78881,EA2150 - Emporio Armani - Male - 301371 - 57 - Sunglass - Square - Metal,0,1,1,WIDTH_INC,0,3,2,5,0
Agra Ashoka Plaza,NORTH,AVANTA,FRAME,METAL|FULL|SQUARE,UNISEX,1090,,,SYS167565,,1090,FREE,SYS167565,AV 18177 - Avanta - Unisex - Blk/Grey - 49 - Full Frame - Square - Metal,0,1,1,WIDTH_INC,0,1,0,30,0
Ghaziabad RDC,NORTH,STEPPER,FRAME,TITANIUM|HALF|SQUARE,MALE,9350,,,SYS78825,,9350,FREE,SYS78825,SI/60275 - Stepper - Male - F120 - 53 - Half Frame - Square - Titanium,0,1,1,WIDTH_INC,0,2,0,4,0
Patiala Randhawa Eye,NORTH,AVANTA,FRAME,METAL|FULL|ROUND,UNISEX,990,,,SYS168374,,990,FREE,SYS168374,AV W620109 - Avanta - Unisex - Silver/Blk - 50 - Full Frame - Round - Metal,0,1,1,WIDTH_INC,0,11,6,29,0
Patiala Randhawa Eye,NORTH,AVANTA,FRAME,METAL|FULL|RECTANGLE,MALE,790,,,SYS168380,,790,FREE,SYS168380,AV ZXA42009 - Avanta - Male - Gun - 49 - Full Frame - Rectangle - Metal,0,1,1,WIDTH_INC,0,24,6,29,0
Panvel Laxmi Eye,WEST,RAYBAN,FRAME,TITANIUM|RIMLESS|SQUARE,MALE,10390,,,SYS162278,,10390,FREE,SYS162278,RX8783D - Rayban - Male - 1244 - 52 - Rimless - Square - Titanium,0,1,1,WIDTH_INC,0,1,0,4,0
Indirapuram Shakti Khand Eros Market,NORTH,TOMMY HILFIGER,FRAME,SHEET|FULL|ROUND,UNISEX,7490,,,SYS116877,,7490,FREE,SYS116877,TH 6314 - Tommy Hilfiger - Unisex - C3 - 50 - Full Frame - Round - Sheet,0,1,1,WIDTH_INC,0,1,0,4,2
Rewari Sector 5,NORTH,AVANTA,FRAME,TR|FULL|RECTANGLE,MALE,990,,,SYS166997,,990,FREE,SYS166997,AV 250904 - Avanta - Male - Black - 53 - Full Frame - Rectangle - TR,0,1,1,WIDTH_INC,0,9,0,39,0
Rewari Sector 5,NORTH,AVANTA,FRAME,TR|FULL|CAT EYE,FEMALE,990,,,SYS166990,,990,FREE,SYS166990,AV 250902 - Avanta - Female - Black - 47 - Full Frame - Cat Eye - TR,0,1,1,WIDTH_INC,0,7,0,39,0
Agra Ashoka Plaza,NORTH,AVANTA KIDS,FRAME,TR|FULL|SQUARE,KIDS,1090,,,SYS167676,,1090,FREE,SYS167676,AV 77072 - Avanta Kids - Kids - Black - 45 - Clip on - Square - TR,0,1,1,WIDTH_INC,0,8,0,6,0
Agra Ashoka Plaza,NORTH,AVANTA KIDS,FRAME,TR|FULL|RECTANGLE,KIDS,1090,,,SYS167665,,1090,FREE,SYS167665,AV 77071 - Avanta Kids - Kids - Black - 45 - Clip on - Rectangle - TR,0,1,1,WIDTH_INC,0,8,0,6,0
Panvel Laxmi Eye,WEST,AVANTA,FRAME,TR|FULL|CAT EYE,FEMALE,990,,,SYS162222,,990,FREE,SYS162222,AV 132008 - Avanta - Female - Black - 51 - Full Frame - Cat Eye - TR,0,1,1,WIDTH_INC,0,7,0,37,0
Delhi Dwarka Vegas Mall Sec 14,NORTH,RAYBAN,SUNGLASS,METAL|FULL|RECTANGLE,MALE,12790,,,SYS168930,,12790,FREE,SYS168930,RB3746 - Rayban - Male - 001/73 - 56 - Sunglass - Rectangle - Metal,0,1,1,WIDTH_INC,0,2,0,3,0
Kolkata AJC Bose Road,EAST,AVANTA KIDS,FRAME,PEDIATRIC|FULL|RECTANGLE,KIDS,1690,,,SYS114635,,1690,FREE,SYS114635,AV TR803 - Avanta Kids - Kids - C1 - 47 - Full Frame - Rectangle - Pediatric,0,1,1,WIDTH_INC,0,6,0,6,0
Delhi Dwarka Vegas Mall Sec 14,NORTH,RAYBAN,FRAME,SHEET|FULL|SQUARE,UNISEX,11090,,,SYS168914,,11090,FREE,SYS168914,RX7397 - Rayban - Unisex - 8088 - 52 - Full Frame - Square - Sheet,0,1,1,WIDTH_INC,0,2,0,3,2
Noida GaurCity,NORTH,VERSACE,FRAME,SHEET|FULL|RECTANGLE,MALE,22390,,,SYS104298,,22390,FREE,SYS104298,VE3354 - Versace - Male - GB1 - 55 - Full Frame - Rectangle - Sheet,0,1,1,WIDTH_INC,0,1,0,3,1
Delhi Vikaspuri Najafgarh Road,NORTH,ADMYRA,FRAME,SHEET|FULL|RECTANGLE,MALE,2490,,,SYS67860,,2490,FREE,SYS67860,AM 039 - Admyra - Male - MT.Blue - 51 - Full Frame - Rectangle - Sheet,0,1,1,WIDTH_INC,0,106,69,6,1
Delhi Vikaspuri Najafgarh Road,NORTH,ADMYRA,FRAME,SHEET|FULL|RECTANGLE,MALE,2490,,,SYS67856,,2490,FREE,SYS67856,AM 039 - Admyra - Male - Black - 51 - Full Frame - Rectangle - Sheet,0,1,1,WIDTH_INC,0,103,53,6,1
Patiala Randhawa Eye,NORTH,AVANTA,FRAME,METAL|SUPRA|RECTANGLE,MALE,990,,,SYS168568,,990,FREE,SYS168568,AV 8825711 - Avanta - Male - Gun - 52 - Supra - Rectangle - Metal,0,1,1,WIDTH_INC,0,15,9,29,0
Patiala Randhawa Eye,NORTH,AVANTA,FRAME,METAL|SUPRA|RECTANGLE,MALE,990,,,SYS168555,,990,FREE,SYS168555,AV 8825712 - Avanta - Male - Gun - 52 - Supra - Rectangle - Metal,0,1,1,WIDTH_INC,0,15,0,29,0
Delhi Dwarka Vegas Mall Sec 14,NORTH,VERSACE,FRAME,METAL|FULL|RECTANGLE,MALE,25690,,,SYS168955,,25690,FREE,SYS168955,VE1317 - Versace - Male - 1000 - 56 - Full Frame - Rectangle - Metal,0,1,1,WIDTH_INC,0,1,0,1,0
Bhopal Hoshangabad Road,WEST,OMBRA,SUNGLASS,SHEET|FULL|RECTANGLE,MALE,1590,,,SYS166547,,1590,FREE,SYS166547,OB TSM3351 - OMBRA - Male - C1 - 50 - Sunglass - Rectangle - Sheet,0,1,1,WIDTH_INC,0,11,1,9,1
Bhopal Hoshangabad Road,WEST,OMBRA,SUNGLASS,SHEET|FULL|RECTANGLE,MALE,1590,,,SYS166510,,1590,FREE,SYS166510,OB 9870P - OMBRA - Male - C4 - 50 - Sunglass - Rectangle - Sheet,0,1,1,WIDTH_INC,0,11,0,9,1
Bhopal Hoshangabad Road,WEST,OMBRA,SUNGLASS,SHEET|FULL|RECTANGLE,MALE,1590,,,SYS166512,,1590,FREE,SYS166512,OB 9870P - OMBRA - Male - C6 - 50 - Sunglass - Rectangle - Sheet,0,1,1,WIDTH_INC,0,11,0,9,1
Kolkata Madhyamgram,EAST,ADMYRA,FRAME,SHEET|FULL|SQUARE,MALE,2490,,,SYS67558,,2490,FREE,SYS67558,AM 001 - Admyra - Male - Transparent - 53 - Full Frame - Square - Sheet,0,1,1,WIDTH_INC,0,84,54,16,3
Kolkata Madhyamgram,EAST,ADMYRA,FRAME,SHEET|FULL|SQUARE,MALE,2490,,,SYS67557,,2490,FREE,SYS67557,AM 001 - Admyra - Male - D/Grey - 53 - Full Frame - Square - Sheet,0,1,1,WIDTH_INC,0,72,40,16,3
Kolkata Madhyamgram,EAST,ADMYRA,FRAME,SHEET|FULL|SQUARE,MALE,2490,,,SYS67556,,2490,FREE,SYS67556,AM 001 - Admyra - Male - D/Brown - 53 - Full Frame - Square - Sheet,0,1,1,WIDTH_INC,0,56,49,16,3
Kolkata Madhyamgram,EAST,ADMYRA,FRAME,SHEET|FULL|SQUARE,MALE,2490,,,SYS67555,,2490,FREE,SYS67555,AM 001 - Admyra - Male - Black - 53 - Full Frame - Square - Sheet,0,1,1,WIDTH_INC,0,132,84,16,3
Noida Spectrum Mall,NORTH,ADMYRA,FRAME,METAL|FULL|OVAL,FEMALE,2190,,,SYS165431,,2190,FREE,SYS165431,AM 77002 - Admyra - Female - C1 - 51 - Full Frame - Oval - Metal,0,1,1,WIDTH_INC,0,2,0,25,9
Noida Spectrum Mall,NORTH,ADMYRA,FRAME,METAL|FULL|OVAL,FEMALE,2190,,,SYS165432,,2190,FREE,SYS165432,AM 77002 - Admyra - Female - C2 - 51 - Full Frame - Oval - Metal,0,1,1,WIDTH_INC,0,2,0,25,9
Mumbai Ghatkopar Dr Mehta Eye,WEST,ADMYRA,FRAME,SHEET|FULL|CAT EYE,FEMALE,2790,,,SYS162308,,2790,FREE,SYS162308,AM 0131 - Admyra - Female - Purple - 51 - Full Frame - Cat Eye - Sheet,0,1,1,WIDTH_INC,0,44,39,7,3
Kolkata AJC Bose Road,EAST,STEPPER,FRAME,TITANIUM|FULL|SQUARE,MALE,10890,,,SYS113803,,10890,FREE,SYS113803,SI/60287 - Stepper - Male - F010 - 55 - Full Frame - Square - Titanium,0,1,1,WIDTH_INC,0,2,0,1,0
Bhopal Hoshangabad Road,WEST,OMBRA,SUNGLASS,SHEET|FULL|SQUARE,MALE,1390,,,SYS166414,,1390,FREE,SYS166414,OB 8847P - OMBRA - Male - C1 - 50 - Sunglass - Square - Sheet,0,1,1,WIDTH_INC,0,9,7,9,1
Bhopal Hoshangabad Road,WEST,OMBRA,SUNGLASS,SHEET|FULL|RECTANGLE,MALE,1190,,,SYS166384,,1190,FREE,SYS166384,OB 98201P - OMBRA - Male - C1 - 53 - Sunglass - Rectangle - Sheet,0,1,1,WIDTH_INC,0,10,1,9,1
Noida Spectrum Mall,NORTH,ADMYRA,FRAME,METAL|FULL|OVAL,FEMALE,2190,,,SYS165434,,2190,FREE,SYS165434,AM 77002 - Admyra - Female - C6 - 51 - Full Frame - Oval - Metal,0,1,1,WIDTH_INC,0,2,0,25,9
Bhopal Hoshangabad Road,WEST,OMBRA,SUNGLASS,SHEET|FULL|RECTANGLE,MALE,1590,,,SYS166363,,1590,FREE,SYS166363,OB 9866P - OMBRA - Male - C5 - 50 - Sunglass - Rectangle - Sheet,0,1,1,WIDTH_INC,0,10,4,9,1
Bhopal Hoshangabad Road,WEST,OMBRA,SUNGLASS,SHEET|FULL|RECTANGLE,MALE,1390,,,SYS166350,,1390,FREE,SYS166350,OB 66607 - OMBRA - Male - C4 - 54 - Sunglass - Rectangle - Sheet,0,1,1,WIDTH_INC,0,12,9,9,1
Bhopal Hoshangabad Road,WEST,OMBRA,SUNGLASS,SHEET|FULL|RECTANGLE,MALE,1390,,,SYS166351,,1390,FREE,SYS166351,OB 66607 - OMBRA - Male - C6 - 54 - Sunglass - Rectangle - Sheet,0,1,1,WIDTH_INC,0,11,0,9,1
Ranchi Kutchery Road,EAST,ADMYRA,FRAME,SHEET|FULL|RECTANGLE,MALE,2490,,,SYS67856,,2490,FREE,SYS67856,AM 039 - Admyra - Male - Black - 51 - Full Frame - Rectangle - Sheet,0,1,1,WIDTH_INC,0,103,53,14,3
Ranchi Kutchery Road,EAST,ADMYRA,FRAME,SHEET|FULL|RECTANGLE,MALE,2490,,,SYS67860,,2490,FREE,SYS67860,AM 039 - Admyra - Male - MT.Blue - 51 - Full Frame - Rectangle - Sheet,0,1,1,WIDTH_INC,0,106,69,14,3
Ranchi Kutchery Road,EAST,ADMYRA,FRAME,SHEET|FULL|RECTANGLE,MALE,2490,,,SYS67859,,2490,FREE,SYS67859,AM 039 - Admyra - Male - MT.Black - 51 - Full Frame - Rectangle - Sheet,0,1,1,WIDTH_INC,0,70,44,14,3
Delhi Dwarka Vegas Mall Sec 14,NORTH,AVANTA,FRAME,TR|FULL|RECTANGLE,MALE,890,,,SYS168067,,890,FREE,SYS168067,AV 8027 - Avanta - Male - Black - 49 - Full Frame - Rectangle - TR,0,1,1,WIDTH_INC,0,12,4,4,0
Indore Vijay Nagar,NORTH,AVANTA,FRAME,SHEET|FULL|SQUARE,FEMALE,1290,,,SYS168768,,1290,FREE,SYS168768,AV 9773 - Avanta - Female - C1 - 52 - Full Frame - Square - Sheet,0,1,1,WIDTH_INC,0,8,0,17,0
Indore Vijay Nagar,NORTH,AVANTA,FRAME,METAL|FULL|SQUARE,MALE,790,,,SYS168775,,790,FREE,SYS168775,AV 8253205 - Avanta - Male - Gun - 48 - Full Frame - Square - Metal,0,1,1,WIDTH_INC,0,11,0,17,0
Siliguri Sevoke Road,WEST,ADMYRA,FRAME,METAL|FULL|HEXAGON,FEMALE,2190,,,SYS165452,,2190,FREE,SYS165452,AM IP832 - Admyra - Female - C2 - 49 - Full Frame - Hexagon - Metal,0,1,1,WIDTH_INC,0,1,0,12,3
Indore Vijay Nagar,NORTH,AVANTA,FRAME,METAL|SUPRA|RECTANGLE,MALE,790,,,SYS168394,,790,FREE,SYS168394,AV ZXA42003 - Avanta - Male - Gun - 48 - Supra - Rectangle - Metal,0,1,1,WIDTH_INC,0,24,0,17,0
Indirapuram Shakti Khand Eros Market,NORTH,RAYBAN JUNIOR,FRAME,SHEET|FULL|RECTANGLE,KIDS,5390,,,SYS76794,,5390,FREE,SYS76794,RY1555 - Rayban Junior - Kids - 3667 - 48 - Full Frame - Rectangle - Sheet,0,1,1,WIDTH_INC,0,2,0,4,2
Warangal Hanamkonda Kakathiya,SOUTH,AVANTA KIDS,FRAME,TR|FULL|ROUND,KIDS,790,,,SYS168315,,790,FREE,SYS168315,AV 95008 - Avanta Kids - Kids - Black - 43 - Full Frame - Round - TR,0,1,1,WIDTH_INC,0,6,0,2,0
Noida MOI,NORTH,EMPORIO ARMANI,SUNGLASS,SHEET|FULL|RECTANGLE,MALE,16290,,,SYS117306,,16290,FREE,SYS117306,EA4235 - Emporio Armani - Male - 61861W - 55 - Clip on - Rectangle - Sheet,0,1,1,WIDTH_INC,0,1,0,11,7
Indore Sapna Sangeeta Road,NORTH,AVANTA,FRAME,METAL|FULL|ROUND,UNISEX,790,,,SYS168788,,790,FREE,SYS168788,AV 8253203 - Avanta - Unisex - Silver - 47 - Full Frame - Round - Metal,0,1,1,WIDTH_INC,0,11,3,22,0
Ghaziabad RDC,NORTH,AVANTA,FRAME,TR|FULL|CAT EYE,FEMALE,990,,,SYS167994,,990,FREE,SYS167994,AV 9952215 - Avanta - Female - Black - 51 - Full Frame - Cat Eye - TR,0,1,1,WIDTH_INC,0,6,1,12,0
Badlapur Kulgaon Drishti Eye,WEST,ADMYRA,FRAME,SHEET|FULL|RECTANGLE,MALE,2490,,,SYS67856,,2490,FREE,SYS67856,AM 039 - Admyra - Male - Black - 51 - Full Frame - Rectangle - Sheet,0,1,1,WIDTH_INC,0,103,53,5,0
Gorakhpur Mughlaha,NORTH,ADMYRA,FRAME,METAL|FULL|SQUARE,MALE,2190,,,SYS106222,,2190,FREE,SYS106222,AM 60008 - Admyra - Male - Copper/Silver - 52 - Full Frame - Square - Metal,0,1,1,WIDTH_INC,0,1,0,17,3
Delhi Preet Vihar Vikas Marg,NORTH,ADMYRA,FRAME,SHEET|FULL|SQUARE,MALE,2490,,,SYS67556,,2490,FREE,SYS67556,AM 001 - Admyra - Male - D/Brown - 53 - Full Frame - Square - Sheet,0,1,1,WIDTH_INC,0,56,49,19,5
Delhi Preet Vihar Vikas Marg,NORTH,ADMYRA,FRAME,SHEET|FULL|SQUARE,MALE,2490,,,SYS67555,,2490,FREE,SYS67555,AM 001 - Admyra - Male - Black - 53 - Full Frame - Square - Sheet,0,1,1,WIDTH_INC,0,132,84,19,5
Delhi Preet Vihar Vikas Marg,NORTH,ADMYRA,FRAME,SHEET|FULL|SQUARE,MALE,2490,,,SYS67559,,2490,FREE,SYS67559,AM 001 - Admyra - Male - MT.Black - 53 - Full Frame - Square - Sheet,0,1,1,WIDTH_INC,0,61,44,19,5
Jhunjhunu Indra Nagar,WEST,VOGUE,FRAME,SHEET|FULL|SQUARE,MALE,6590,,,SYS115882,,6590,FREE,SYS115882,VO5614 - Vogue - Male - 3187 - 51 - Full Frame - Square - Sheet,0,1,1,WIDTH_INC,0,1,0,1,0
Indore Vijay Nagar,NORTH,AVANTA,FRAME,METAL|FULL|RECTANGLE,MALE,790,,,SYS168380,,790,FREE,SYS168380,AV ZXA42009 - Avanta - Male - Gun - 49 - Full Frame - Rectangle - Metal,0,1,1,WIDTH_INC,0,24,6,17,0
Ghaziabad RDC,NORTH,RAYBAN,SUNGLASS,METAL|FULL|RECTANGLE,MALE,11950,,,SYS168925,,11950,FREE,SYS168925,RB3755 - Rayban - Male - 001/51 - 59 - Sunglass - Rectangle - Metal,0,1,1,WIDTH_INC,0,2,0,8,0
Noida GaurCity,NORTH,RAYBAN JUNIOR,SUNGLASS,METAL|FULL|CLUB MASTER,KIDS,5290,,,SYS104393,,5290,FREE,SYS104393,RJ9116S - Rayban Junior - Kids - 152/13 - 47 - Sunglass - Club Master - Metal,0,1,1,WIDTH_INC,0,1,0,1,0
Indirapuram Shakti Khand Eros Market,NORTH,AVANTA,FRAME,METAL|HALF|SQUARE,MALE,1190,,,SYS163750,,1190,FREE,SYS163750,AV 222570 - Avanta - Male - C4 - 51 - Half Frame - Square - Metal,0,1,1,WIDTH_INC,0,6,0,32,0
Gurgaon Sec 29,NORTH,RAYBAN JUNIOR,FRAME,SHEET|FULL|CAT EYE,KIDS,4890,,,SYS111503,,4890,FREE,SYS111503,RY1591 - Rayban Junior - Kids - 3807 - 46 - Full Frame - Cat Eye - Sheet,0,1,1,WIDTH_INC,0,3,0,6,3
Rewari Sector 5,NORTH,AVANTA,FRAME,METAL|HALF|RECTANGLE,FEMALE,1090,,,SYS167549,,1090,FREE,SYS167549,AV 220181 - Avanta - Female - Gun - 51 - Half Frame - Rectangle - Metal,0,1,1,WIDTH_INC,0,6,0,39,0
Noida GaurCity,NORTH,RAYBAN,FRAME,METAL|FULL|SQUARE,MALE,6290,,,SYS148498,,6290,FREE,SYS148498,RX6531I - Rayban - Male - 2538 - 54 - Full Frame - Square - Metal,0,1,1,WIDTH_INC,0,1,0,12,1
Badlapur Kulgaon Drishti Eye,WEST,ADMYRA,FRAME,SHEET|FULL|SQUARE,MALE,2490,,,SYS67558,,2490,FREE,SYS67558,AM 001 - Admyra - Male - Transparent - 53 - Full Frame - Square - Sheet,0,1,1,WIDTH_INC,0,84,54,5,0
Badlapur Kulgaon Drishti Eye,WEST,ADMYRA,FRAME,SHEET|FULL|SQUARE,MALE,2490,,,SYS67557,,2490,FREE,SYS67557,AM 001 - Admyra - Male - D/Grey - 53 - Full Frame - Square - Sheet,0,1,1,WIDTH_INC,0,72,40,5,0
Rewari Sector 5,NORTH,AVANTA,FRAME,METAL|FULL|HEXAGON,UNISEX,990,,,SYS167580,,990,FREE,SYS167580,AV 253002 - Avanta - Unisex - Copper - 52 - Full Frame - Hexagon - Metal,0,1,1,WIDTH_INC,0,4,1,39,0
Rewari Sector 5,NORTH,AVANTA,FRAME,METAL|FULL|ROUND,FEMALE,990,,,SYS167388,,990,FREE,SYS167388,AV 527339 - Avanta - Female - Silver - 50 - Full Frame - Round - Metal,0,1,1,WIDTH_INC,0,7,0,39,0
Rewari Sector 5,NORTH,AVANTA,FRAME,METAL|SUPRA|RECTANGLE,MALE,890,,,SYS167427,,890,FREE,SYS167427,AV 825071 - Avanta - Male - Gun - 48 - Supra - Rectangle - Metal,0,1,1,WIDTH_INC,0,12,1,39,0
Gurgaon Sec 29,NORTH,EMPORIO ARMANI,FRAME,SHEET|FULL|RECTANGLE,MALE,12890,,,SYS107634,,12890,FREE,SYS107634,EA3233 - Emporio Armani - Male - 6103 - 56 - Full Frame - Rectangle - Sheet,0,1,1,WIDTH_INC,0,2,0,3,0
Ghaziabad RDC,NORTH,AVANTA KIDS,FRAME,TR|FULL|CAT EYE,KIDS,790,,,SYS168368,,790,FREE,SYS168368,AV 95010 - Avanta Kids - Kids - D/Purple - 46 - Full Frame - Cat Eye - TR,0,1,1,WIDTH_INC,0,7,0,7,0
Ghaziabad RDC,NORTH,AVANTA KIDS,FRAME,TR|FULL|RECTANGLE,KIDS,790,,,SYS168336,,790,FREE,SYS168336,AV 95007 - Avanta Kids - Kids - Black - 45 - Full Frame - Rectangle - TR,0,1,1,WIDTH_INC,0,6,0,7,0
Ghaziabad RDC,NORTH,AVANTA KIDS,FRAME,TR|FULL|ROUND,KIDS,790,,,SYS168312,,790,FREE,SYS168312,AV 95008 - Avanta Kids - Kids - Purple/Pink - 43 - Full Frame - Round - TR,0,1,1,WIDTH_INC,0,6,3,7,0
Ghaziabad RDC,NORTH,AVANTA KIDS,FRAME,TR|FULL|ROUND,KIDS,790,,,SYS168310,,790,FREE,SYS168310,AV 95008 - Avanta Kids - Kids - Blue - 43 - Full Frame - Round - TR,0,1,1,WIDTH_INC,0,6,2,7,0
Noida MOI,NORTH,TOMMY HILFIGER,FRAME,SHEET|FULL|CAT EYE,FEMALE,6990,,,SYS78522,,6990,FREE,SYS78522,TH 6294 - Tommy Hilfiger - Female - C5 - 52 - Full Frame - Cat Eye - Sheet,0,1,1,WIDTH_INC,0,6,0,8,4
Noida MOI,NORTH,TOMMY HILFIGER,FRAME,SHEET|FULL|ROUND,UNISEX,7490,,,SYS116878,,7490,FREE,SYS116878,TH 6314 - Tommy Hilfiger - Unisex - C4 - 50 - Full Frame - Round - Sheet,0,1,1,WIDTH_INC,0,2,0,8,4
Ghaziabad RDC,NORTH,AVANTA KIDS,FRAME,TR|FULL|ROUND,KIDS,890,,,SYS168241,,890,FREE,SYS168241,AV 83009 - Avanta Kids - Kids - Black - 44 - Full Frame - Round - TR,0,1,1,WIDTH_INC,0,6,0,7,0
Moradabad Kanth Road,NORTH,AVANTA,FRAME,METAL|SUPRA|RECTANGLE,MALE,490,,,SYS147815,,490,FREE,SYS147815,AV 31004 - Avanta - Male - Gun - 48 - Supra - Rectangle - Metal,0,1,1,WIDTH_INC,0,9,3,20,0
Indore Sapna Sangeeta Road,NORTH,AVANTA,FRAME,METAL|FULL|RECTANGLE,MALE,790,,,SYS168380,,790,FREE,SYS168380,AV ZXA42009 - Avanta - Male - Gun - 49 - Full Frame - Rectangle - Metal,0,1,1,WIDTH_INC,0,24,6,22,0
Badlapur Kulgaon Drishti Eye,WEST,AVANTA,FRAME,METAL|SUPRA|RECTANGLE,MALE,490,,,SYS160681,,490,FREE,SYS160681,AV 31010 - Avanta - Male - Gun - 51 - Supra - Rectangle - Metal,0,1,1,WIDTH_INC,0,10,0,10,0
Indore Sapna Sangeeta Road,NORTH,AVANTA,FRAME,METAL|FULL|RECTANGLE,MALE,790,,,SYS168401,,790,FREE,SYS168401,AV ZXA42008 - Avanta - Male - Gun - 50 - Full Frame - Rectangle - Metal,0,1,1,WIDTH_INC,0,24,13,22,0
Indore Sapna Sangeeta Road,NORTH,AVANTA,FRAME,METAL|SUPRA|RECTANGLE,MALE,790,,,SYS168387,,790,FREE,SYS168387,AV ZXA42005 - Avanta - Male - Gun - 49 - Supra - Rectangle - Metal,0,1,1,WIDTH_INC,0,24,10,22,0
LAJPAT NAGAR,NORTH,RAYBAN JUNIOR,FRAME,SHEET|FULL|OVAL,KIDS,5290,,,SYS162432,,5290,FREE,SYS162432,RY1625D - Rayban Junior - Kids - 7510 - 47 - Full Frame - Oval - Sheet,0,1,1,WIDTH_INC,0,1,0,3,1
Noida MOI,NORTH,TOMMY HILFIGER,FRAME,SHEET|FULL|OVAL,FEMALE,6990,,,SYS77957,,6990,FREE,SYS77957,TH 6290 - Tommy Hilfiger - Female - C5 - 48 - Full Frame - Oval - Sheet,0,1,1,WIDTH_INC,0,1,0,8,4
Gurgaon Sector 51 M2K,NORTH,AVANTA,FRAME,TR|FULL|RECTANGLE,MALE,890,,,SYS168067,,890,FREE,SYS168067,AV 8027 - Avanta - Male - Black - 49 - Full Frame - Rectangle - TR,0,1,1,WIDTH_INC,0,12,4,5,0
LAJPAT NAGAR,NORTH,PRADA,FRAME,SHEET|FULL|CAT EYE,FEMALE,25090,,,SYS162341,,25090,FREE,SYS162341,PR C11V - Prada - Female - 14L1O1 - 51 - Full Frame - Cat Eye - Sheet,0,1,1,WIDTH_INC,0,1,0,3,0
LAJPAT NAGAR,NORTH,VERSACE,FRAME,SHEET|FULL|RECTANGLE,MALE,18690,,,SYS162342,,18690,FREE,SYS162342,VE3380 - Versace - Male - 5528 - 56 - Full Frame - Rectangle - Sheet,0,1,1,WIDTH_INC,0,1,0,1,0
LAJPAT NAGAR,NORTH,VOGUE JUNIOR,FRAME,SHEET|FULL|OVAL,KIDS,2490,,,SYS75157,,2490,FREE,SYS75157,VY2011 - Vogue Junior - Kids - 2974 - 37 - Full Frame - Oval - Sheet,0,1,1,WIDTH_INC,0,7,0,4,2
Delhi Safdarjung Enclave,NORTH,AVANTA KIDS,FRAME,PEDIATRIC|FULL|ROUND,KIDS,1690,,,SYS116806,,1690,FREE,SYS116806,AV BY96000 - Avanta Kids - Kids - C1 - 44 - Full Frame - Round - Pediatric,0,1,1,WIDTH_INC,0,4,0,9,0
Delhi Safdarjung Enclave,NORTH,AVANTA KIDS,FRAME,PEDIATRIC|FULL|SQUARE,KIDS,1690,,,SYS116790,,1690,FREE,SYS116790,AV BY96010 - Avanta Kids - Kids - C1 - 46 - Full Frame - Square - Pediatric,0,1,1,WIDTH_INC,0,5,0,9,0
Delhi Dwarka Sec 09,NORTH,AVANTA,FRAME,METAL|HALF|RECTANGLE,MALE,1190,,,SYS148109,,1190,FREE,SYS148109,AV 223323 - Avanta - Male - Gold - 53 - Half Frame - Rectangle - Metal,0,1,1,WIDTH_INC,0,1,0,21,0
Bhubneshwar Nayapalli,EAST,AVANTA,FRAME,SHEET|FULL|RECTANGLE,MALE,1190,,,SYS158378,,1190,FREE,SYS158378,AV 0061 - Avanta - Male - Black - 53 - Full Frame - Rectangle - Sheet,0,1,1,WIDTH_INC,0,143,113,9,0
Bhubneshwar Nayapalli,EAST,AVANTA,FRAME,SHEET|FULL|ROUND,UNISEX,1190,,,SYS158417,,1190,FREE,SYS158417,AV 0068HD - Avanta - Unisex - Trans/Purple - 48 - Full Frame - Round - Sheet,0,1,1,WIDTH_INC,0,55,39,9,0
Gurgaon Sector 51 M2K,NORTH,VERSACE,FRAME,SHEET|FULL|CAT EYE,FEMALE,18090,,,SYS168967,,18090,FREE,SYS168967,VE3392 - Versace - Female - GB1 - 52 - Full Frame - Cat Eye - Sheet,0,1,1,WIDTH_INC,0,1,0,6,0
Gurgaon Sector 51 M2K,NORTH,VERSACE,FRAME,SHEET|FULL|CAT EYE,FEMALE,18090,,,SYS168966,,18090,FREE,SYS168966,VE3392 - Versace - Female - 5540 - 52 - Full Frame - Cat Eye - Sheet,0,1,1,WIDTH_INC,0,1,0,6,0
Delhi Dwarka Sec 09,NORTH,TOMMY HILFIGER,FRAME,TITANIUM|RIMLESS|RECTANGLE,MALE,9490,,,SYS148370,,9490,FREE,SYS148370,TH 4416T - Tommy Hilfiger - Male - C1 - 53 - Rimless - Rectangle - Titanium,0,1,1,WIDTH_INC,0,2,0,9,0
Gurgaon Sector 51 M2K,NORTH,PRADA,FRAME,SHEET|FULL|RECTANGLE,FEMALE,29590,,,SYS168953,,29590,FREE,SYS168953,PR D04V - Prada - Female - 20D1O1 - 52 - Full Frame - Rectangle - Sheet,0,1,1,WIDTH_INC,0,3,0,2,0
Gurgaon Sector 51 M2K,NORTH,PRADA,FRAME,SHEET|FULL|RECTANGLE,FEMALE,29590,,,SYS168952,,29590,FREE,SYS168952,PR D04V - Prada - Female - 16K1O1 - 54 - Full Frame - Rectangle - Sheet,0,1,1,WIDTH_INC,0,3,1,2,0
Delhi Dwarka Sec 09,NORTH,TOMMY HILFIGER,FRAME,SHEET|FULL|RECTANGLE,MALE,8990,,,SYS148334,,8990,FREE,SYS148334,TH 6357 - Tommy Hilfiger - Male - C3 - 55 - Full Frame - Rectangle - Sheet,0,1,1,WIDTH_INC,0,1,0,9,0
Delhi Dwarka Sec 09,NORTH,TOMMY HILFIGER,FRAME,SHEET|FULL|RECTANGLE,MALE,8990,,,SYS148335,,8990,FREE,SYS148335,TH 6357 - Tommy Hilfiger - Male - C2 - 55 - Full Frame - Rectangle - Sheet,0,1,1,WIDTH_INC,0,1,0,9,0
Delhi Dwarka Sec 09,NORTH,TOMMY HILFIGER,FRAME,METAL|HALF|CAT EYE,FEMALE,8490,,,SYS148330,,8490,FREE,SYS148330,TH 6353 - Tommy Hilfiger - Female - C2 - 51 - Half Frame - Cat Eye - Metal,0,1,1,WIDTH_INC,0,1,0,9,0
Delhi Dwarka Sec 09,NORTH,RAYBAN,FRAME,METAL|FULL|SQUARE,MALE,6290,,,SYS148497,,6290,FREE,SYS148497,RX6531I - Rayban - Male - 2503 - 54 - Full Frame - Square - Metal,0,1,1,WIDTH_INC,0,1,0,12,0
Bhiwani Circular Road,NORTH,AVANTA KIDS,FRAME,TR|FULL|RECTANGLE,KIDS,990,,,SYS161415,,990,FREE,SYS161415,AV 968009 - Avanta Kids - Kids - Pink - 43 - Full Frame - Rectangle - TR,0,1,1,WIDTH_INC,0,1,0,1,0
Delhi Dwarka Sec 09,NORTH,RAYBAN,FRAME,SHEET|FULL|SQUARE,UNISEX,5990,,,SYS148503,,5990,FREE,SYS148503,RX7249I - Rayban - Unisex - 8008 - 53 - Full Frame - Square - Sheet,0,1,1,WIDTH_INC,0,1,0,12,0
Indirapuram Shakti Khand Eros Market,NORTH,AVANTA KIDS,FRAME,PEDIATRIC|FULL|ROUND,KIDS,1190,,,SYS165293,,1190,FREE,SYS165293,AV 1511 - Avanta Kids - Kids - C4 - 48 - Full Frame - Round - Pediatric,0,1,1,WIDTH_INC,0,2,1,14,0
Bhiwani Circular Road,NORTH,ADMYRA,FRAME,SHEET|FULL|SQUARE,MALE,2490,,,SYS67555,,2490,FREE,SYS67555,AM 001 - Admyra - Male - Black - 53 - Full Frame - Square - Sheet,0,1,1,WIDTH_INC,0,132,84,4,1
Hyderabad Banjara Hills Dr Challa,SOUTH,EMPORIO ARMANI,FRAME,SHEET|FULL|SQUARE,MALE,12890,,,SYS56571,,12890,FREE,SYS56571,EA3069 - Emporio Armani - Male - 5474 - 53 - Full Frame - Square - Sheet,0,1,1,WIDTH_INC,0,1,0,4,0
Siliguri Sevoke Road,WEST,OMBRA,SUNGLASS,SHEET|FULL|RECTANGLE,MALE,1590,,,SYS166361,,1590,FREE,SYS166361,OB 9866P - OMBRA - Male - C1 - 50 - Sunglass - Rectangle - Sheet,0,1,1,WIDTH_INC,0,12,6,4,2
Siliguri Sevoke Road,WEST,OMBRA,SUNGLASS,SHEET|FULL|RECTANGLE,MALE,1590,,,SYS166363,,1590,FREE,SYS166363,OB 9866P - OMBRA - Male - C5 - 50 - Sunglass - Rectangle - Sheet,0,1,1,WIDTH_INC,0,10,4,4,2
Hyderabad Kukatpally Nizampet X Roads,SOUTH,AVANTA KIDS,FRAME,TR|FULL|RECTANGLE,KIDS,1090,,,SYS167665,,1090,FREE,SYS167665,AV 77071 - Avanta Kids - Kids - Black - 45 - Clip on - Rectangle - TR,0,1,1,WIDTH_INC,0,8,0,12,0
Hyderabad Kukatpally Nizampet X Roads,SOUTH,AVANTA KIDS,FRAME,TR|FULL|SQUARE,KIDS,1090,,,SYS167676,,1090,FREE,SYS167676,AV 77072 - Avanta Kids - Kids - Black - 45 - Clip on - Square - TR,0,1,1,WIDTH_INC,0,8,0,12,0
Ghaziabad Nehru Nagar,NORTH,ADMYRA,FRAME,METAL|FULL|CAT EYE,FEMALE,2190,,,SYS107434,,2190,FREE,SYS107434,AM YX03 - Admyra - Female - C2 - 50 - Full Frame - Cat Eye - Metal,0,1,1,WIDTH_INC,0,1,0,17,5
Delhi Rajouri Garden,NORTH,AVANTA,FRAME,TR|FULL|RECTANGLE,MALE,990,,,SYS167097,,990,FREE,SYS167097,AV 250984 - Avanta - Male - C1 - 48 - Full Frame - Rectangle - TR,0,1,1,WIDTH_INC,0,9,0,14,0
Noida GaurCity,NORTH,ADMYRA,FRAME,METAL|FULL|CAT EYE,FEMALE,2990,,,SYS104573,,2990,FREE,SYS104573,AM SA01 - Admyra - Female - C2 - 53 - Full Frame - Cat Eye - Metal,0,1,1,WIDTH_INC,0,1,0,12,5
Patiala Randhawa Eye,NORTH,AVANTA,FRAME,METAL|FULL|HEXAGON,MALE,790,,,SYS168799,,790,FREE,SYS168799,AV 85003 - Avanta - Male - Silver - 49 - Full Frame - Hexagon - Metal,0,1,1,WIDTH_INC,0,5,0,29,0
Mohali Sector 62,NORTH,VOGUE,SUNGLASS,SHEET|FULL|RECTANGLE,FEMALE,4690,,,SYS117310,,4690,FREE,SYS117310,VO5597SI - Vogue - Female - W44/11 - 53 - Sunglass - Rectangle - Sheet,0,1,1,WIDTH_INC,0,2,1,4,0
Ranchi Kutchery Road,EAST,ADMYRA,FRAME,SHEET|FULL|SQUARE,MALE,2490,,,SYS67555,,2490,FREE,SYS67555,AM 001 - Admyra - Male - Black - 53 - Full Frame - Square - Sheet,0,1,1,WIDTH_INC,0,132,84,14,3
Ranchi Kutchery Road,EAST,ADMYRA,FRAME,SHEET|FULL|SQUARE,MALE,2490,,,SYS67559,,2490,FREE,SYS67559,AM 001 - Admyra - Male - MT.Black - 53 - Full Frame - Square - Sheet,0,1,1,WIDTH_INC,0,61,44,14,3
Ranchi Kutchery Road,EAST,ADMYRA,FRAME,SHEET|FULL|SQUARE,MALE,2490,,,SYS67558,,2490,FREE,SYS67558,AM 001 - Admyra - Male - Transparent - 53 - Full Frame - Square - Sheet,0,1,1,WIDTH_INC,0,84,54,14,3
Ranchi Kutchery Road,EAST,ADMYRA,FRAME,SHEET|FULL|SQUARE,MALE,2490,,,SYS67557,,2490,FREE,SYS67557,AM 001 - Admyra - Male - D/Grey - 53 - Full Frame - Square - Sheet,0,1,1,WIDTH_INC,0,72,40,14,3
Patiala Randhawa Eye,NORTH,AVANTA,FRAME,METAL|FULL|ROUND,UNISEX,790,,,SYS168788,,790,FREE,SYS168788,AV 8253203 - Avanta - Unisex - Silver - 47 - Full Frame - Round - Metal,0,1,1,WIDTH_INC,0,11,3,29,0
Kolkata Madhyamgram,EAST,AVANTA KIDS,FRAME,PEDIATRIC|FULL|SQUARE,KIDS,1690,,,SYS116818,,1690,FREE,SYS116818,AV BY96003 - Avanta Kids - Kids - C2 - 47 - Full Frame - Square - Pediatric,0,1,1,WIDTH_INC,0,1,0,8,0
Delhi Rajouri Garden,NORTH,AVANTA,FRAME,TR|FULL|CAT EYE,FEMALE,990,,,SYS166990,,990,FREE,SYS166990,AV 250902 - Avanta - Female - Black - 47 - Full Frame - Cat Eye - TR,0,1,1,WIDTH_INC,0,7,0,14,0
Delhi Rajouri Garden,NORTH,AVANTA,FRAME,TR|FULL|SQUARE,MALE,990,,,SYS166960,,990,FREE,SYS166960,AV TB6041 - Avanta - Male - C1/6 - 51 - Full Frame - Square - TR,0,1,1,WIDTH_INC,0,14,0,14,0
Hyderabad Kukatpally Nizampet X Roads,SOUTH,RAYBAN,FRAME,SHEET|FULL|SQUARE,MALE,5990,,,SYS166619,,5990,FREE,SYS166619,RX7267I - Rayban - Male - 2012 - 54 - Full Frame - Square - Sheet,0,1,1,WIDTH_INC,0,1,0,3,2
Kolkata Madhyamgram,EAST,ADMYRA,FRAME,METAL|HALF|RECTANGLE,MALE,2190,,,SYS117102,,2190,FREE,SYS117102,AM 8321 - Admyra - Male - C4 - 54 - Half Frame - Rectangle - Metal,0,1,1,WIDTH_INC,0,1,0,16,3
Noida Spectrum Mall,NORTH,AVANTA,FRAME,METAL|FULL|SQUARE,MALE,1190,,,SYS164724,,1190,FREE,SYS164724,AV PB005 - Avanta - Male - Black - 52 - Full Frame - Square - Metal,0,1,1,WIDTH_INC,0,12,4,15,0
Noida GaurCity,NORTH,EMPORIO ARMANI,SUNGLASS,SHEET|FULL|RECTANGLE,MALE,15490,,,SYS94102,,15490,FREE,SYS94102,EA4160 - Emporio Armani - Male - 50881W - 55 - Clip on - Rectangle - Sheet,0,1,1,WIDTH_INC,0,1,0,7,2
Delhi Ashok Vihar Phase II,NORTH,AVANTA,FRAME,SHEET|FULL|RECTANGLE,MALE,1190,,,SYS158381,,1190,FREE,SYS158381,AV 0061 - Avanta - Male - Trans/Grey - 53 - Full Frame - Rectangle - Sheet,0,1,1,WIDTH_INC,0,128,109,5,0
Delhi Ashok Vihar Phase II,NORTH,AVANTA,FRAME,SHEET|FULL|SQUARE,MALE,1190,,,SYS158368,,1190,FREE,SYS158368,AV 0064 - Avanta - Male - Black - 54 - Full Frame - Square - Sheet,0,1,1,WIDTH_INC,0,170,140,5,0
Delhi Ashok Vihar Phase II,NORTH,AVANTA,FRAME,SHEET|FULL|ROUND,UNISEX,1190,,,SYS158416,,1190,FREE,SYS158416,AV 0068HD - Avanta - Unisex - D/Green - 48 - Full Frame - Round - Sheet,0,1,1,WIDTH_INC,0,17,10,5,0
Delhi Ashok Vihar Phase II,NORTH,AVANTA,FRAME,SHEET|FULL|CAT EYE,FEMALE,1190,,,SYS158408,,1190,FREE,SYS158408,AV 0072HD - Avanta - Female - Black - 51 - Full Frame - Cat Eye - Sheet,0,1,1,WIDTH_INC,0,55,43,5,0
Noida Spectrum Mall,NORTH,AVANTA,FRAME,METAL|FULL|SQUARE,MALE,990,,,SYS164811,,990,FREE,SYS164811,AV 7412205 - Avanta - Male - Gun/Grey - 51 - Full Frame - Square - Metal,0,1,1,WIDTH_INC,0,8,0,15,0
Delhi Dwarka Krishna Mall,NORTH,STEPPER,FRAME,TITANIUM|HALF|RECTANGLE,MALE,7480,,,SYS106070,,7480,FREE,SYS106070,SI/4105 - Stepper - Male - F090 - 51 - Half Frame - Rectangle - Titanium,0,1,1,WIDTH_INC,0,1,0,4,0
Patiala Randhawa Eye,NORTH,AVANTA,FRAME,TR|FULL|SQUARE,UNISEX,990,,,SYS167958,,990,FREE,SYS167958,AV 9952202 - Avanta - Unisex - Trans/Grey - 52 - Full Frame - Square - TR,0,1,1,WIDTH_INC,0,16,3,29,0
Patna RPS Mod,NORTH,AVANTA,FRAME,METAL|SUPRA|RECTANGLE,MALE,490,,,SYS147815,,490,FREE,SYS147815,AV 31004 - Avanta - Male - Gun - 48 - Supra - Rectangle - Metal,0,1,1,WIDTH_INC,0,9,3,24,0
Indore Sapna Sangeeta Road,NORTH,AVANTA,FRAME,METAL|FULL|SQUARE,MALE,790,,,SYS168774,,790,FREE,SYS168774,AV 8253205 - Avanta - Male - Silver - 48 - Full Frame - Square - Metal,0,1,1,WIDTH_INC,0,11,2,22,0
Delhi Rajouri Garden,NORTH,AVANTA,FRAME,METAL|SUPRA|RECTANGLE,MALE,890,,,SYS167431,,890,FREE,SYS167431,AV 825073 - Avanta - Male - Black - 49 - Supra - Rectangle - Metal,0,1,1,WIDTH_INC,0,12,0,14,0
Patiala Randhawa Eye,NORTH,AVANTA KIDS,FRAME,TR|FULL|SQUARE,KIDS,790,,,SYS168306,,790,FREE,SYS168306,AV 95005 - Avanta Kids - Kids - MT.Brown - 45 - Full Frame - Square - TR,0,1,1,WIDTH_INC,0,7,0,1,0
Patiala Randhawa Eye,NORTH,AVANTA,FRAME,TR|FULL|RECTANGLE,MALE,890,,,SYS168079,,890,FREE,SYS168079,AV 8061 - Avanta - Male - Black - 53 - Full Frame - Rectangle - TR,0,1,1,WIDTH_INC,0,11,0,29,0
Patiala Randhawa Eye,NORTH,AVANTA,FRAME,TR|FULL|RECTANGLE,MALE,690,,,SYS168016,,690,FREE,SYS168016,AV T018 - Avanta - Male - Black - 51 - Full Frame - Rectangle - TR,0,1,1,WIDTH_INC,0,8,0,29,0
Gurgaon Dhanak Basti New Railway Road,NORTH,AVANTA,FRAME,TR|FULL|ROUND,UNISEX,990,,,SYS167109,,990,FREE,SYS167109,AV 250986 - Avanta - Unisex - C1 - 48 - Full Frame - Round - TR,0,1,1,WIDTH_INC,0,9,0,17,0
Noida Sec 50,NORTH,STEPPER,FRAME,SHEET|FULL|CAT EYE,FEMALE,5610,,,SYS166214,,5610,FREE,SYS166214,ES/10005 - Stepper - Female - F550 - 52 - Full Frame - Cat Eye - Sheet,0,1,1,WIDTH_INC,0,2,0,3,0
Vijayawada Mogalrajpuram,SOUTH,AVANTA,FRAME,METAL|HALF|RECTANGLE,UNISEX,890,,,SYS111080,,890,FREE,SYS111080,AV 15207 - Avanta - Unisex - Copper - 52 - Half Frame - Rectangle - Metal,0,1,1,WIDTH_INC,0,1,0,38,0
Kolkata Madhyamgram,EAST,RAYBAN,FRAME,METAL|FULL|ROUND,UNISEX,5490,,,SYS116916,,5490,FREE,SYS116916,RX6483I - Rayban - Unisex - 2692 - 53 - Full Frame - Round - Metal,0,1,1,WIDTH_INC,0,1,0,9,5
Kolkata Madhyamgram,EAST,TOMMY HILFIGER,FRAME,SHEET|FULL|CAT EYE,FEMALE,6990,,,SYS78522,,6990,FREE,SYS78522,TH 6294 - Tommy Hilfiger - Female - C5 - 52 - Full Frame - Cat Eye - Sheet,0,1,1,WIDTH_INC,0,6,0,4,2
Indirapuram Shakti Khand Eros Market,NORTH,FRENCH CONNECTION,FRAME,SHEET|FULL|RECTANGLE,MALE,4490,,,SYS119662,,4490,FREE,SYS119662,FC 8289 - French Connection - Male - C2 - 54 - Full Frame - Rectangle - Sheet,0,1,1,WIDTH_INC,0,1,0,2,1
Srinagar Rainawari Fazili,NORTH,AVANTA,FRAME,SHEET|FULL|CAT EYE,FEMALE,1190,,,SYS158410,,1190,FREE,SYS158410,AV 0072HD - Avanta - Female - Purple - 51 - Full Frame - Cat Eye - Sheet,0,1,1,WIDTH_INC,0,60,41,13,0
Noida Sec 50,NORTH,RAYBAN,SUNGLASS,METAL|FULL|SQUARE,UNISEX,8370,,,SYS166226,,8370,FREE,SYS166226,RB3785I - Rayban - Unisex - 004/9A - 58 - Sunglass - Square - Metal,0,1,1,WIDTH_INC,0,2,0,6,0
Srinagar Rainawari Fazili,NORTH,AVANTA,FRAME,SHEET|FULL|RECTANGLE,MALE,1190,,,SYS158382,,1190,FREE,SYS158382,AV 0061 - Avanta - Male - D/Green - 53 - Full Frame - Rectangle - Sheet,0,1,1,WIDTH_INC,0,110,106,13,0
Srinagar Rainawari Fazili,NORTH,AVANTA,FRAME,SHEET|FULL|RECTANGLE,MALE,1190,,,SYS158381,,1190,FREE,SYS158381,AV 0061 - Avanta - Male - Trans/Grey - 53 - Full Frame - Rectangle - Sheet,0,1,1,WIDTH_INC,0,128,109,13,0
Delhi Rajouri Garden,NORTH,AVANTA KIDS,FRAME,TR|FULL|SQUARE,KIDS,990,,,SYS91382,,990,FREE,SYS91382,AV 442103 - Avanta Kids - Kids - C3 - 44 - Full Frame - Square - TR,0,1,1,WIDTH_INC,0,1,0,7,0
Srinagar Rainawari Fazili,NORTH,AVANTA,FRAME,SHEET|FULL|SQUARE,MALE,1190,,,SYS158368,,1190,FREE,SYS158368,AV 0064 - Avanta - Male - Black - 54 - Full Frame - Square - Sheet,0,1,1,WIDTH_INC,0,170,140,13,0
Sikar Police Line Road I Max,WEST,STEPPER,FRAME,TITANIUM|FULL|SQUARE,MALE,10450,,,SYS113808,,10450,FREE,SYS113808,SI/60242 - Stepper - Male - F020 - 56 - Full Frame - Square - Titanium,0,1,1,WIDTH_INC,0,2,0,1,0
Hyderabad Neo Retina (Abids),SOUTH,ADMYRA,FRAME,SHEET|FULL|SQUARE,MALE,2490,,,SYS67555,,2490,FREE,SYS67555,AM 001 - Admyra - Male - Black - 53 - Full Frame - Square - Sheet,0,1,1,WIDTH_INC,0,132,84,6,0
Ajmer Ramganj,WEST,AVANTA,FRAME,METAL|FULL|RECTANGLE,MALE,790,,,SYS168380,,790,FREE,SYS168380,AV ZXA42009 - Avanta - Male - Gun - 49 - Full Frame - Rectangle - Metal,0,1,1,WIDTH_INC,0,24,6,21,0
Delhi Dwarka Vegas Mall Sec 14,NORTH,RAYBAN JUNIOR,SUNGLASS,METAL|FULL|SQUARE,KIDS,4690,,,SYS104315,,4690,FREE,SYS104315,RJ9594S - Rayban Junior - Kids - 291/8H - 49 - Sunglass - Square - Metal,0,1,1,WIDTH_INC,0,2,1,3,2
Noida Sec 50,NORTH,CALVIN KLEIN,FRAME,SHEET|FULL|RECTANGLE,MALE,9190,,,SYS165839,,9190,FREE,SYS165839,CKJ 25633I - Calvin Klein - Male - 415 - 55 - Full Frame - Rectangle - Sheet,0,1,1,WIDTH_INC,0,2,0,1,0
Ajmer Ramganj,WEST,AVANTA,FRAME,METAL|SUPRA|RECTANGLE,MALE,790,,,SYS168394,,790,FREE,SYS168394,AV ZXA42003 - Avanta - Male - Gun - 48 - Supra - Rectangle - Metal,0,1,1,WIDTH_INC,0,24,0,21,0
Faridabad Sec 16A,NORTH,OMBRA,SUNGLASS,SHEET|FULL|RECTANGLE,MALE,1390,,,SYS166351,,1390,FREE,SYS166351,OB 66607 - OMBRA - Male - C6 - 54 - Sunglass - Rectangle - Sheet,0,1,1,WIDTH_INC,0,11,0,2,1
Delhi Pitampura,NORTH,RAYBAN,SUNGLASS,METAL|FULL|HEXAGON,MALE,11190,,,SYS56425,,11190,FREE,SYS56425,RB3548N - Rayban - Male - 001 - 51 - Sunglass - Hexagon - Metal,0,1,1,WIDTH_INC,0,1,0,3,0
Ajmer Ramganj,WEST,AVANTA,FRAME,TR|FULL|SQUARE,MALE,890,,,SYS168465,,890,FREE,SYS168465,AV 303032 - Avanta - Male - Black - 52 - Full Frame - Square - TR,0,1,1,WIDTH_INC,0,8,0,21,0
Hyderabad Banjara Hills,SOUTH,VOGUE,FRAME,METAL|FULL|CAT EYE,FEMALE,4090,,,SYS55787,,4090,FREE,SYS55787,VO4241I - Vogue - Female - 5075 - 51 - Full Frame - Cat Eye - Metal,0,1,1,WIDTH_INC,0,2,0,5,4
LAJPAT NAGAR,NORTH,OMBRA,SUNGLASS,SHEET|FULL|SQUARE,MALE,1590,,,SYS166473,,1590,FREE,SYS166473,OB 66804 - OMBRA - Male - C2 - 55 - Sunglass - Square - Sheet,0,1,1,WIDTH_INC,0,11,8,8,3
LAJPAT NAGAR,NORTH,OMBRA,SUNGLASS,SHEET|FULL|SQUARE,MALE,1590,,,SYS166471,,1590,FREE,SYS166471,OB 66804 - OMBRA - Male - C1 - 52 - Sunglass - Square - Sheet,0,1,1,WIDTH_INC,0,11,6,8,3
LAJPAT NAGAR,NORTH,OMBRA,SUNGLASS,SHEET|FULL|RECTANGLE,MALE,1190,,,SYS166385,,1190,FREE,SYS166385,OB 98201P - OMBRA - Male - C2 - 53 - Sunglass - Rectangle - Sheet,0,1,1,WIDTH_INC,0,10,0,8,3
LAJPAT NAGAR,NORTH,OMBRA,SUNGLASS,SHEET|FULL|RECTANGLE,MALE,1190,,,SYS166384,,1190,FREE,SYS166384,OB 98201P - OMBRA - Male - C1 - 53 - Sunglass - Rectangle - Sheet,0,1,1,WIDTH_INC,0,10,1,8,3
LAJPAT NAGAR,NORTH,OMBRA,SUNGLASS,SHEET|FULL|RECTANGLE,MALE,1590,,,SYS166512,,1590,FREE,SYS166512,OB 9870P - OMBRA - Male - C6 - 50 - Sunglass - Rectangle - Sheet,0,1,1,WIDTH_INC,0,11,0,8,3
Ajmer Ramganj,WEST,AVANTA,FRAME,METAL|FULL|SQUARE,MALE,1090,,,SYS168613,,1090,FREE,SYS168613,AV 66003 - Avanta - Male - Gold - 53 - Full Frame - Square - Metal,0,1,1,WIDTH_INC,0,15,9,21,0
Ajmer Ramganj,WEST,AVANTA,FRAME,METAL|RIMLESS|RECTANGLE,MALE,990,,,SYS168746,,990,FREE,SYS168746,AV ST1006 - Avanta - Male - Gun - 52 - Rimless - Rectangle - Metal,0,1,1,WIDTH_INC,0,9,4,21,0
Rewari Sector 5,NORTH,AVANTA,FRAME,TR|FULL|RECTANGLE,MALE,890,,,SYS166801,,890,FREE,SYS166801,AV 270812 - Avanta - Male - Blk/Red - 50 - Full Frame - Rectangle - TR,0,1,1,WIDTH_INC,0,12,0,39,0
Rewari Sector 5,NORTH,AVANTA,FRAME,TR|FULL|CAT EYE,FEMALE,890,,,SYS168103,,890,FREE,SYS168103,AV 8019 - Avanta - Female - Black - 51 - Full Frame - Cat Eye - TR,0,1,1,WIDTH_INC,0,9,0,39,0
Indore Vijay Nagar,NORTH,ADMYRA,FRAME,METAL|FULL|RECTANGLE,MALE,2190,,,SYS152843,,2190,FREE,SYS152843,AM CH6026 - Admyra - Male - C4 - 53 - Full Frame - Rectangle - Metal,0,1,1,WIDTH_INC,0,1,0,29,9
Bhubneshwar Nayapalli,EAST,ADMYRA,FRAME,SHEET|FULL|SQUARE,MALE,2490,,,SYS67557,,2490,FREE,SYS67557,AM 001 - Admyra - Male - D/Grey - 53 - Full Frame - Square - Sheet,0,1,1,WIDTH_INC,0,72,40,11,1
Bhubneshwar Nayapalli,EAST,ADMYRA,FRAME,SHEET|FULL|SQUARE,MALE,2490,,,SYS67558,,2490,FREE,SYS67558,AM 001 - Admyra - Male - Transparent - 53 - Full Frame - Square - Sheet,0,1,1,WIDTH_INC,0,84,54,11,1
Bhubneshwar Nayapalli,EAST,ADMYRA,FRAME,SHEET|FULL|SQUARE,MALE,2490,,,SYS67555,,2490,FREE,SYS67555,AM 001 - Admyra - Male - Black - 53 - Full Frame - Square - Sheet,0,1,1,WIDTH_INC,0,132,84,11,1
Rewari Sector 5,NORTH,AVANTA KIDS,FRAME,TR|FULL|RECTANGLE,KIDS,790,,,SYS168344,,790,FREE,SYS168344,AV 95007 - Avanta Kids - Kids - D/Purple - 45 - Full Frame - Rectangle - TR,0,1,1,WIDTH_INC,0,7,0,3,0
Delhi Preet Vihar Vikas Marg,NORTH,VOGUE JUNIOR,FRAME,SHEET|FULL|SQUARE,KIDS,3590,,,SYS162055,,3590,FREE,SYS162055,VY2001 - Vogue Junior - Kids - 2966 - 49 - Full Frame - Square - Sheet,0,1,1,WIDTH_INC,0,2,0,5,0
Vijayawada Mogalrajpuram,SOUTH,AVANTA KIDS,FRAME,PEDIATRIC|FULL|RECTANGLE,KIDS,1690,,,SYS105984,,1690,FREE,SYS105984,AV TR688 - Avanta Kids - Kids - C1 - 43 - Full Frame - Rectangle - Pediatric,0,1,1,WIDTH_INC,0,5,0,4,0
Rewari Sector 5,NORTH,AVANTA,FRAME,TR|FULL|SQUARE,MALE,890,,,SYS167925,,890,FREE,SYS167925,AV 202534 - Avanta - Male - Black - 53 - Full Frame - Square - TR,0,1,1,WIDTH_INC,0,7,0,39,0
Rewari Sector 5,NORTH,AVANTA,FRAME,TR|FULL|RECTANGLE,UNISEX,890,,,SYS167908,,890,FREE,SYS167908,AV 202532 - Avanta - Unisex - Black - 51 - Full Frame - Rectangle - TR,0,1,1,WIDTH_INC,0,8,4,39,0
Rewari Sector 5,NORTH,AVANTA,FRAME,TR|FULL|RECTANGLE,UNISEX,890,,,SYS167910,,890,FREE,SYS167910,AV 202532 - Avanta - Unisex - MT.Grey - 51 - Full Frame - Rectangle - TR,0,1,1,WIDTH_INC,0,10,3,39,0
Delhi Preet Vihar Vikas Marg,NORTH,ADMYRA,FRAME,SHEET|FULL|SQUARE,MALE,2490,,,SYS162290,,2490,FREE,SYS162290,AM 0128 - Admyra - Male - D/Green - 55 - Full Frame - Square - Sheet,0,1,1,WIDTH_INC,0,3,2,19,5
Rewari Sector 5,NORTH,AVANTA,FRAME,TR|FULL|SQUARE,MALE,990,,,SYS167965,,990,FREE,SYS167965,AV 9952204 - Avanta - Male - Trans/Grey - 53 - Full Frame - Square - TR,0,1,1,WIDTH_INC,0,12,0,39,0
Delhi Preet Vihar Vikas Marg,NORTH,RAYBAN,FRAME,SHEET|FULL|SQUARE,MALE,7690,,,SYS162274,,7690,FREE,SYS162274,RX5446 - Rayban - Male - 8453 - 51 - Full Frame - Square - Sheet,0,1,1,WIDTH_INC,0,1,0,12,10
Rewari Sector 5,NORTH,AVANTA,FRAME,TR|FULL|SQUARE,UNISEX,990,,,SYS167958,,990,FREE,SYS167958,AV 9952202 - Avanta - Unisex - Trans/Grey - 52 - Full Frame - Square - TR,0,1,1,WIDTH_INC,0,16,3,39,0
Ghaziabad RDC,NORTH,EMPORIO ARMANI,SUNGLASS,SHEET|FULL|CAT EYE,FEMALE,16290,,,SYS148427,,16290,FREE,SYS148427,EA4251 - Emporio Armani - Female - 62658D - 54 - Sunglass - Cat Eye - Sheet,0,1,1,WIDTH_INC,0,3,1,5,0
Mohali Sector 62,NORTH,VOGUE,SUNGLASS,SHEET|FULL|CAT EYE,FEMALE,8890,,,SYS166650,,8890,FREE,SYS166650,VO5706SB - Vogue - Female - 328713 - 50 - Sunglass - Cat Eye - Sheet,0,1,1,WIDTH_INC,0,2,1,4,0
Mohali Sector 62,NORTH,VOGUE,SUNGLASS,SHEET|FULL|CAT EYE,FEMALE,8890,,,SYS166649,,8890,FREE,SYS166649,VO5706SB - Vogue - Female - 328614 - 50 - Sunglass - Cat Eye - Sheet,0,1,1,WIDTH_INC,0,2,1,4,0
Delhi Safdarjung Enclave,NORTH,AVANTA KIDS,FRAME,PLASTIC|FULL|RECTANGLE,KIDS,1690,,,SYS68478,,1690,FREE,SYS68478,AV TR867 - Avanta Kids - Kids - C1 - 46 - Full Frame - Rectangle - Pediatric,0,1,1,WIDTH_INC,0,6,3,9,0
Rewari Sector 5,NORTH,AVANTA KIDS,FRAME,TR|FULL|ROUND,KIDS,790,,,SYS168317,,790,FREE,SYS168317,AV 95008 - Avanta Kids - Kids - Trans/Pink - 43 - Full Frame - Round - TR,0,1,1,WIDTH_INC,0,6,0,3,0
Delhi Preet Vihar Vikas Marg,NORTH,VOGUE JUNIOR,FRAME,SHEET|FULL|OVAL,KIDS,2490,,,SYS68539,,2490,FREE,SYS68539,VY2011 - Vogue Junior - Kids - 2568 - 37 - Full Frame - Oval - Sheet,0,1,1,WIDTH_INC,0,3,0,5,0
Rewari Sector 5,NORTH,AVANTA KIDS,FRAME,TR|FULL|CAT EYE,KIDS,790,,,SYS168177,,790,FREE,SYS168177,AV 1007 - Avanta Kids - Kids - Transparent - 42 - Full Frame - Cat Eye - TR,0,1,1,WIDTH_INC,0,8,0,3,0
Indirapuram Shakti Khand Eros Market,NORTH,AVANTA,FRAME,METAL|FULL|SQUARE,MALE,990,,,SYS164811,,990,FREE,SYS164811,AV 7412205 - Avanta - Male - Gun/Grey - 51 - Full Frame - Square - Metal,0,1,1,WIDTH_INC,0,8,0,32,0
Delhi Dwarka Sec 09,NORTH,ADMYRA,FRAME,METAL|FULL|ROUND,UNISEX,2190,,,SYS106213,,2190,FREE,SYS106213,AM 60010 - Admyra - Unisex - Gold/Blk - 48 - Full Frame - Round - Metal,0,1,1,WIDTH_INC,0,1,0,48,22
Rewari Sector 5,NORTH,AVANTA,FRAME,METAL|FULL|ROUND,UNISEX,790,,,SYS168788,,790,FREE,SYS168788,AV 8253203 - Avanta - Unisex - Silver - 47 - Full Frame - Round - Metal,0,1,1,WIDTH_INC,0,11,3,39,0
Indirapuram Shakti Khand Eros Market,NORTH,AVANTA,FRAME,METAL|HALF|RECTANGLE,MALE,1790,,,SYS165486,,1790,FREE,SYS165486,AV 7233 - Avanta - Male - C4 - 52 - Half Frame - Rectangle - Metal,0,1,1,WIDTH_INC,0,4,2,32,0
Delhi Safdarjung Enclave,NORTH,VOGUE JUNIOR,FRAME,SHEET|FULL|OVAL,KIDS,2490,,,SYS68539,,2490,FREE,SYS68539,VY2011 - Vogue Junior - Kids - 2568 - 37 - Full Frame - Oval - Sheet,0,1,1,WIDTH_INC,0,3,0,4,0
Gurgaon Dhanak Basti New Railway Road,NORTH,AVANTA,FRAME,METAL|SUPRA|RECTANGLE,MALE,890,,,SYS167427,,890,FREE,SYS167427,AV 825071 - Avanta - Male - Gun - 48 - Supra - Rectangle - Metal,0,1,1,WIDTH_INC,0,12,1,17,0
Delhi Safdarjung Enclave,NORTH,ADMYRA,FRAME,SHEET|FULL|SQUARE,MALE,2490,,,SYS67555,,2490,FREE,SYS67555,AM 001 - Admyra - Male - Black - 53 - Full Frame - Square - Sheet,0,1,1,WIDTH_INC,0,132,84,8,2
Delhi Safdarjung Enclave,NORTH,ADMYRA,FRAME,SHEET|FULL|SQUARE,MALE,2490,,,SYS67557,,2490,FREE,SYS67557,AM 001 - Admyra - Male - D/Grey - 53 - Full Frame - Square - Sheet,0,1,1,WIDTH_INC,0,72,40,8,2
Gurgaon Sector 51 M2K,NORTH,VERSACE,FRAME,SHEET|FULL|SQUARE,FEMALE,18990,,,SYS104360,,18990,FREE,SYS104360,VE3357 - Versace - Female - 5464 - 53 - Full Frame - Square - Sheet,0,1,1,WIDTH_INC,0,1,0,6,0
Mumbai Chembur Rushab Eye,WEST,ADMYRA,FRAME,SHEET|FULL|SQUARE,MALE,2490,,,SYS67555,,2490,FREE,SYS67555,AM 001 - Admyra - Male - Black - 53 - Full Frame - Square - Sheet,0,1,1,WIDTH_INC,0,132,84,4,0
Navi Mumbai Nerul ( Shivam ),WEST,OMBRA,SUNGLASS,SHEET|FULL|RECTANGLE,MALE,1590,,,SYS166510,,1590,FREE,SYS166510,OB 9870P - OMBRA - Male - C4 - 50 - Sunglass - Rectangle - Sheet,0,1,1,WIDTH_INC,0,11,0,1,0
Noida MOI,NORTH,OAKLEY,SUNGLASS,SHEET|FULL|ROUND,MALE,13190,,,SYS140118,,13190,FREE,SYS140118,OO9242 - Oakley - Male - 924203 - 52 - Sunglass - Round - Sheet,0,1,1,WIDTH_INC,0,2,1,5,2
Noida MOI,NORTH,OAKLEY,SUNGLASS,SHEET|FULL|ROUND,MALE,10990,,,SYS140117,,10990,FREE,SYS140117,OO9242 - Oakley - Male - 924201 - 52 - Sunglass - Round - Sheet,0,1,1,WIDTH_INC,0,1,0,5,2
Jhunjhunu Indra Nagar,WEST,AVANTA,FRAME,SHEET|FULL|RECTANGLE,MALE,1190,,,SYS158388,,1190,FREE,SYS158388,AV 0065 - Avanta - Male - Black - 52 - Full Frame - Rectangle - Sheet,0,1,1,WIDTH_INC,0,96,95,149,0
Jhunjhunu Indra Nagar,WEST,AVANTA,FRAME,SHEET|FULL|RECTANGLE,MALE,1190,,,SYS158389,,1190,FREE,SYS158389,AV 0065 - Avanta - Male - D/Brown - 52 - Full Frame - Rectangle - Sheet,0,1,1,WIDTH_INC,0,87,85,149,0
Jhunjhunu Indra Nagar,WEST,AVANTA,FRAME,SHEET|FULL|RECTANGLE,MALE,1190,,,SYS158392,,1190,FREE,SYS158392,AV 0065 - Avanta - Male - Trans/Grey - 52 - Full Frame - Rectangle - Sheet,0,1,1,WIDTH_INC,0,78,77,149,0
Jhunjhunu Indra Nagar,WEST,AVANTA,FRAME,SHEET|FULL|RECTANGLE,MALE,1190,,,SYS158391,,1190,FREE,SYS158391,AV 0065 - Avanta - Male - D/Blue - 52 - Full Frame - Rectangle - Sheet,0,1,1,WIDTH_INC,0,58,57,149,0
Jhunjhunu Indra Nagar,WEST,AVANTA,FRAME,SHEET|FULL|SQUARE,MALE,1190,,,SYS158369,,1190,FREE,SYS158369,AV 0064 - Avanta - Male - D/Brown - 54 - Full Frame - Square - Sheet,0,1,1,WIDTH_INC,0,157,148,149,0
Jhunjhunu Indra Nagar,WEST,AVANTA,FRAME,SHEET|FULL|RECTANGLE,MALE,1190,,,SYS158382,,1190,FREE,SYS158382,AV 0061 - Avanta - Male - D/Green - 53 - Full Frame - Rectangle - Sheet,0,1,1,WIDTH_INC,0,110,106,149,0
Jhunjhunu Indra Nagar,WEST,AVANTA,FRAME,SHEET|FULL|ROUND,UNISEX,1190,,,SYS158416,,1190,FREE,SYS158416,AV 0068HD - Avanta - Unisex - D/Green - 48 - Full Frame - Round - Sheet,0,1,1,WIDTH_INC,0,17,10,149,0
Jhunjhunu Indra Nagar,WEST,AVANTA,FRAME,SHEET|FULL|RECTANGLE,MALE,1190,,,SYS158432,,1190,FREE,SYS158432,AV 0063 - Avanta - Male - Trans/Brown - 51 - Full Frame - Rectangle - Sheet,0,1,1,WIDTH_INC,0,115,106,149,0
Jhunjhunu Indra Nagar,WEST,AVANTA,FRAME,SHEET|FULL|SQUARE,MALE,1190,,,SYS158368,,1190,FREE,SYS158368,AV 0064 - Avanta - Male - Black - 54 - Full Frame - Square - Sheet,0,1,1,WIDTH_INC,0,170,140,149,0
Jhunjhunu Indra Nagar,WEST,AVANTA,FRAME,SHEET|FULL|SQUARE,MALE,1190,,,SYS158372,,1190,FREE,SYS158372,AV 0064 - Avanta - Male - Trans/Grey - 54 - Full Frame - Square - Sheet,0,1,1,WIDTH_INC,0,121,117,149,0
Jhunjhunu Indra Nagar,WEST,AVANTA,FRAME,SHEET|FULL|SQUARE,MALE,1190,,,SYS158370,,1190,FREE,SYS158370,AV 0064 - Avanta - Male - D/Green - 54 - Full Frame - Square - Sheet,0,1,1,WIDTH_INC,0,63,62,149,0
Jhunjhunu Indra Nagar,WEST,AVANTA,FRAME,SHEET|FULL|SQUARE,MALE,1190,,,SYS158371,,1190,FREE,SYS158371,AV 0064 - Avanta - Male - Trans/Brown - 54 - Full Frame - Square - Sheet,0,1,1,WIDTH_INC,0,77,76,149,0
Gurgaon Sec 29,NORTH,AVANTA,FRAME,SHEET|FULL|CAT EYE,FEMALE,1190,,,SYS158410,,1190,FREE,SYS158410,AV 0072HD - Avanta - Female - Purple - 51 - Full Frame - Cat Eye - Sheet,0,1,1,WIDTH_INC,0,60,41,2,0
Panvel Laxmi Eye,WEST,AVANTA,FRAME,METAL|SUPRA|RECTANGLE,MALE,590,,,SYS164968,,590,FREE,SYS164968,AV 12896 - Avanta - Male - Gun - 51 - Supra - Rectangle - Metal,0,1,1,WIDTH_INC,0,3,0,37,0
Mumbai Chembur Rushab Eye,WEST,ADMYRA,FRAME,SHEET|FULL|RECTANGLE,MALE,2490,,,SYS67859,,2490,FREE,SYS67859,AM 039 - Admyra - Male - MT.Black - 51 - Full Frame - Rectangle - Sheet,0,1,1,WIDTH_INC,0,70,44,4,0
Mumbai Chembur Rushab Eye,WEST,ADMYRA,FRAME,SHEET|FULL|RECTANGLE,MALE,2490,,,SYS67860,,2490,FREE,SYS67860,AM 039 - Admyra - Male - MT.Blue - 51 - Full Frame - Rectangle - Sheet,0,1,1,WIDTH_INC,0,106,69,4,0
Kolkata Madhyamgram,EAST,RAYBAN,FRAME,SHEET|FULL|ROUND,MALE,5490,,,SYS49594,,5490,FREE,SYS49594,RX5402I - Rayban - Male - 2012 - 50 - Full Frame - Round - Sheet,0,1,1,WIDTH_INC,0,1,0,9,5
Gurgaon Sec 29,NORTH,AVANTA,FRAME,SHEET|FULL|RECTANGLE,MALE,1190,,,SYS158378,,1190,FREE,SYS158378,AV 0061 - Avanta - Male - Black - 53 - Full Frame - Rectangle - Sheet,0,1,1,WIDTH_INC,0,143,113,2,0
Noida MOI,NORTH,SILHOUETTE,FRAME,TITANIUM|HALF|SQUARE,MALE,36500,,,SYS121263,,36500,FREE,SYS121263,SILH 5571/75 - Silhouette - Male - 6760 - 53 - Half Frame - Square - Titanium,0,1,1,WIDTH_INC,0,1,0,2,0
Rewari Sector 5,NORTH,AVANTA,FRAME,SHEET|FULL|SQUARE,FEMALE,1290,,,SYS168768,,1290,FREE,SYS168768,AV 9773 - Avanta - Female - C1 - 52 - Full Frame - Square - Sheet,0,1,1,WIDTH_INC,0,8,0,39,0
Rewari Sector 5,NORTH,AVANTA,FRAME,METAL|FULL|SQUARE,MALE,790,,,SYS168774,,790,FREE,SYS168774,AV 8253205 - Avanta - Male - Silver - 48 - Full Frame - Square - Metal,0,1,1,WIDTH_INC,0,11,2,39,0
Delhi Safdarjung Enclave,NORTH,ADMYRA,FRAME,SHEET|FULL|RECTANGLE,MALE,2490,,,SYS67856,,2490,FREE,SYS67856,AM 039 - Admyra - Male - Black - 51 - Full Frame - Rectangle - Sheet,0,1,1,WIDTH_INC,0,103,53,8,2
Noida MOI,NORTH,CALVIN KLEIN,FRAME,SHEET|FULL|SQUARE,MALE,8990,,,SYS121643,,8990,FREE,SYS121643,CK 22566LBI - Calvin Klein - Male - 235 - 51 - Full Frame - Square - Sheet,0,1,1,WIDTH_INC,0,1,0,1,0
Rewari Sector 5,NORTH,AVANTA,FRAME,METAL|FULL|SQUARE,MALE,1090,,,SYS168618,,1090,FREE,SYS168618,AV 66005 - Avanta - Male - Gold - 54 - Full Frame - Square - Metal,0,1,1,WIDTH_INC,0,15,13,39,0
Panvel Laxmi Eye,WEST,AVANTA,FRAME,METAL|HALF|RECTANGLE,FEMALE,790,,,SYS165013,,790,FREE,SYS165013,AV 7306 - Avanta - Female - Purple - 50 - Half Frame - Rectangle - Metal,0,1,1,WIDTH_INC,0,2,0,37,0
Bhubneshwar Nayapalli,EAST,ADMYRA,FRAME,SHEET|FULL|RECTANGLE,MALE,2490,,,SYS67856,,2490,FREE,SYS67856,AM 039 - Admyra - Male - Black - 51 - Full Frame - Rectangle - Sheet,0,1,1,WIDTH_INC,0,103,53,11,1
Bhubneshwar Nayapalli,EAST,ADMYRA,FRAME,SHEET|FULL|RECTANGLE,MALE,2490,,,SYS67858,,2490,FREE,SYS67858,AM 039 - Admyra - Male - D/Grey - 51 - Full Frame - Rectangle - Sheet,0,1,1,WIDTH_INC,0,74,53,11,1
Bhubneshwar Nayapalli,EAST,ADMYRA,FRAME,SHEET|FULL|RECTANGLE,MALE,2490,,,SYS67859,,2490,FREE,SYS67859,AM 039 - Admyra - Male - MT.Black - 51 - Full Frame - Rectangle - Sheet,0,1,1,WIDTH_INC,0,70,44,11,1
Bhubneshwar Nayapalli,EAST,ADMYRA,FRAME,SHEET|FULL|RECTANGLE,MALE,2490,,,SYS67860,,2490,FREE,SYS67860,AM 039 - Admyra - Male - MT.Blue - 51 - Full Frame - Rectangle - Sheet,0,1,1,WIDTH_INC,0,106,69,11,1
Delhi Preet Vihar Vikas Marg,NORTH,ADMYRA,FRAME,SHEET|FULL|RECTANGLE,MALE,2490,,,SYS67856,,2490,FREE,SYS67856,AM 039 - Admyra - Male - Black - 51 - Full Frame - Rectangle - Sheet,0,1,1,WIDTH_INC,0,103,53,19,5
Delhi Preet Vihar Vikas Marg,NORTH,ADMYRA,FRAME,SHEET|FULL|RECTANGLE,MALE,2490,,,SYS67860,,2490,FREE,SYS67860,AM 039 - Admyra - Male - MT.Blue - 51 - Full Frame - Rectangle - Sheet,0,1,1,WIDTH_INC,0,106,69,19,5
Delhi Preet Vihar Vikas Marg,NORTH,ADMYRA,FRAME,SHEET|FULL|RECTANGLE,MALE,2490,,,SYS67857,,2490,FREE,SYS67857,AM 039 - Admyra - Male - D/Brown - 51 - Full Frame - Rectangle - Sheet,0,1,1,WIDTH_INC,0,48,34,19,5
Delhi Preet Vihar Vikas Marg,NORTH,ADMYRA,FRAME,SHEET|FULL|RECTANGLE,MALE,2490,,,SYS67858,,2490,FREE,SYS67858,AM 039 - Admyra - Male - D/Grey - 51 - Full Frame - Rectangle - Sheet,0,1,1,WIDTH_INC,0,74,53,19,5
Mumbai Chembur Rushab Eye,WEST,ADMYRA,FRAME,SHEET|FULL|ROUND,UNISEX,2490,,,SYS67834,,2490,FREE,SYS67834,AM 024 - Admyra - Unisex - D/Grey - 48 - Full Frame - Round - Sheet,0,1,1,WIDTH_INC,0,1,0,4,0
Rewari Sector 5,NORTH,AVANTA,FRAME,METAL|SUPRA|RECTANGLE,MALE,990,,,SYS168555,,990,FREE,SYS168555,AV 8825712 - Avanta - Male - Gun - 52 - Supra - Rectangle - Metal,0,1,1,WIDTH_INC,0,15,0,39,0
Delhi Safdarjung Enclave,NORTH,TOMMY HILFIGER,FRAME,SHEET|FULL|SQUARE,MALE,8990,,,SYS161872,,8990,FREE,SYS161872,TH 6296 - Tommy Hilfiger - Male - C4 - 53 - Full Frame - Square - Sheet,0,1,1,WIDTH_INC,0,1,0,8,0
Delhi Safdarjung Enclave,NORTH,TOMMY HILFIGER,FRAME,SHEET|FULL|SQUARE,MALE,8990,,,SYS161871,,8990,FREE,SYS161871,TH 6296 - Tommy Hilfiger - Male - C3 - 53 - Full Frame - Square - Sheet,0,1,1,WIDTH_INC,0,1,0,8,0
Rewari Sector 5,NORTH,AVANTA,FRAME,METAL|FULL|RECTANGLE,MALE,790,,,SYS168380,,790,FREE,SYS168380,AV ZXA42009 - Avanta - Male - Gun - 49 - Full Frame - Rectangle - Metal,0,1,1,WIDTH_INC,0,24,6,39,0
Rewari Sector 5,NORTH,AVANTA,FRAME,METAL|SUPRA|RECTANGLE,MALE,790,,,SYS168394,,790,FREE,SYS168394,AV ZXA42003 - Avanta - Male - Gun - 48 - Supra - Rectangle - Metal,0,1,1,WIDTH_INC,0,24,0,39,0
Rewari Sector 5,NORTH,AVANTA,FRAME,METAL|FULL|RECTANGLE,MALE,790,,,SYS168401,,790,FREE,SYS168401,AV ZXA42008 - Avanta - Male - Gun - 50 - Full Frame - Rectangle - Metal,0,1,1,WIDTH_INC,0,24,13,39,0
Ranchi Kutchery Road,EAST,ADMYRA,FRAME,SHEET|FULL|CAT EYE,FEMALE,2790,,,SYS162318,,2790,FREE,SYS162318,AM 0133 - Admyra - Female - D/Brown - 53 - Full Frame - Cat Eye - Sheet,0,1,1,WIDTH_INC,0,47,41,14,3
Ranchi Kutchery Road,EAST,VOGUE,FRAME,SHEET|FULL|CAT EYE,FEMALE,4690,,,SYS162027,,4690,FREE,SYS162027,VO5602 - Vogue - Female - 2252 - 52 - Full Frame - Cat Eye - Sheet,0,1,1,WIDTH_INC,0,1,0,5,2
Ranchi Kutchery Road,EAST,ADMYRA,FRAME,SHEET|FULL|CAT EYE,FEMALE,2790,,,SYS162310,,2790,FREE,SYS162310,AM 0131 - Admyra - Female - Trans/Blue - 51 - Full Frame - Cat Eye - Sheet,0,1,1,WIDTH_INC,0,49,19,14,3
Ranchi Kutchery Road,EAST,VOGUE,FRAME,METAL|FULL|SQUARE,FEMALE,5190,,,SYS72198,,5190,FREE,SYS72198,VO4274 - Vogue - Female - 5152 - 51 - Full Frame - Square - Metal,0,1,1,WIDTH_INC,0,1,0,5,2
Noida Spectrum Mall,NORTH,OMBRA,SUNGLASS,TR|FULL|SQUARE,UNISEX,1190,,,SYS166395,,1190,FREE,SYS166395,OB TR9903 - OMBRA - Unisex - C4 - 52 - Sunglass - Square - TR,0,1,1,WIDTH_INC,0,14,10,5,1
Noida Spectrum Mall,NORTH,OMBRA,SUNGLASS,SHEET|FULL|RECTANGLE,MALE,1190,,,SYS166385,,1190,FREE,SYS166385,OB 98201P - OMBRA - Male - C2 - 53 - Sunglass - Rectangle - Sheet,0,1,1,WIDTH_INC,0,10,0,5,1
Hyderabad Neo Retina (Abids),SOUTH,ADMYRA,FRAME,SHEET|FULL|RECTANGLE,MALE,2490,,,SYS67856,,2490,FREE,SYS67856,AM 039 - Admyra - Male - Black - 51 - Full Frame - Rectangle - Sheet,0,1,1,WIDTH_INC,0,103,53,6,0
Delhi Dwarka Krishna Mall,NORTH,RAYBAN,SUNGLASS,METAL|FULL|ROUND,MALE,13290,,,SYS113517,,13290,FREE,SYS113517,RB3447 - Rayban - Male - 001/58 - 50 - Full SG - Round - Metal,0,1,1,WIDTH_INC,0,1,0,3,0
Prayagraj Tashkent Marg,NORTH,AVANTA,FRAME,SHEET|FULL|ROUND,UNISEX,1190,,,SYS158414,,1190,FREE,SYS158414,AV 0068HD - Avanta - Unisex - D/Wine - 48 - Full Frame - Round - Sheet,0,1,1,WIDTH_INC,0,74,64,19,0
Prayagraj Tashkent Marg,NORTH,AVANTA,FRAME,SHEET|FULL|RECTANGLE,MALE,1190,,,SYS158381,,1190,FREE,SYS158381,AV 0061 - Avanta - Male - Trans/Grey - 53 - Full Frame - Rectangle - Sheet,0,1,1,WIDTH_INC,0,128,109,19,0
Noida Spectrum Mall,NORTH,OMBRA,SUNGLASS,SHEET|FULL|SQUARE,UNISEX,1590,,,SYS166497,,1590,FREE,SYS166497,OB 9864 - OMBRA - Unisex - C1 - 53 - Sunglass - Square - Sheet,0,1,1,WIDTH_INC,0,12,10,5,1
Noida Spectrum Mall,NORTH,OMBRA,SUNGLASS,SHEET|FULL|SQUARE,UNISEX,1590,,,SYS166499,,1590,FREE,SYS166499,OB 9864 - OMBRA - Unisex - C4 - 53 - Sunglass - Square - Sheet,0,1,1,WIDTH_INC,0,12,5,5,1
Jhunjhunu Indra Nagar,WEST,AVANTA,FRAME,TR|FULL|ROUND,UNISEX,790,,,SYS159547,,790,FREE,SYS159547,AV 650016 - Avanta - Unisex - Black - 48 - Full Frame - Round - TR,0,1,1,WIDTH_INC,0,2,0,149,0
Panvel Laxmi Eye,WEST,AVANTA,FRAME,TR|FULL|CAT EYE,FEMALE,1190,,,SYS164750,,1190,FREE,SYS164750,AV 149005 - Avanta - Female - Maroon - 54 - Full Frame - Cat Eye - TR,0,1,1,WIDTH_INC,0,2,0,37,0
Hyderabad Kukatpally Nizampet X Roads,SOUTH,AVANTA KIDS,FRAME,TR|FULL|SQUARE,KIDS,990,,,SYS146612,,990,FREE,SYS146612,AV 968009 - Avanta Kids - Kids - Green - 43 - Full Frame - Square - TR,0,1,1,WIDTH_INC,0,1,0,12,0
Kanpur Mall Road,NORTH,AVANTA,FRAME,METAL|HALF|RECTANGLE,MALE,500,,,SYS68123,,500,FREE,SYS68123,AV 31002 - Avanta - Male - Gun - 49 - Supra - Rectangle - Metal,0,1,1,WIDTH_INC,0,9,4,33,0
Kanpur Mall Road,NORTH,AVANTA,FRAME,METAL|HALF|RECTANGLE,MALE,890,,,SYS68118,,890,FREE,SYS68118,AV 31002 - Avanta - Male - Black - 49 - Supra - Rectangle - Metal,0,1,1,WIDTH_INC,0,7,5,33,0
Panvel Laxmi Eye,WEST,AVANTA,FRAME,METAL|FULL|SQUARE,MALE,990,,,SYS164810,,990,FREE,SYS164810,AV 7412205 - Avanta - Male - Gold/Blk - 51 - Full Frame - Square - Metal,0,1,1,WIDTH_INC,0,9,0,37,0
Ahemdabad CG Road,WEST,ADMYRA,FRAME,SHEET|FULL|CAT EYE,FEMALE,2990,,,SYS115306,,2990,FREE,SYS115306,AM 101 - Admyra - Female - Purple - 53 - Full Frame - Cat Eye - Sheet,0,1,1,WIDTH_INC,0,24,21,13,3
Delhi Pitampura,NORTH,STEPPER,FRAME,TITANIUM|HALF|RECTANGLE,MALE,9900,,,SYS113816,,9900,FREE,SYS113816,SI/60172 - Stepper - Male - F222 - 54 - Half Frame - Rectangle - Titanium,0,1,1,WIDTH_INC,0,1,0,5,0
Delhi Pitampura,NORTH,STEPPER,FRAME,TITANIUM|HALF|SQUARE,MALE,10780,,,SYS113806,,10780,FREE,SYS113806,SI/60178 - Stepper - Male - F500 - 53 - Half Frame - Square - Titanium,0,1,1,WIDTH_INC,0,2,0,5,0
Jhunjhunu Indra Nagar,WEST,AVANTA,FRAME,METAL|FULL|HEXAGON,MALE,1190,,,SYS159169,,1190,FREE,SYS159169,AV 88807 - Avanta - Male - Gun - 50 - Full Frame - Hexagon - Metal,0,1,1,WIDTH_INC,0,1,0,149,0
Noida MOI,NORTH,RAYBAN,SUNGLASS,SHEET|FULL|WAYFARER,UNISEX,13650,,,SYS166620,,13650,FREE,SYS166620,RB0840S - Rayban - Unisex - 684532 - 51 - Sunglass - Wayfarer - Sheet,0,1,1,WIDTH_INC,0,1,0,13,0
Faridabad Sec 16A,NORTH,AVANTA,FRAME,METAL|FULL|CAT EYE,FEMALE,1090,,,SYS167551,,1090,FREE,SYS167551,AV 220188 - Avanta - Female - Gold - 54 - Full Frame - Cat Eye - Metal,0,1,1,WIDTH_INC,0,7,0,23,0
Noida Sec 50,NORTH,OMBRA,SUNGLASS,SHEET|FULL|SQUARE,UNISEX,1390,,,SYS166539,,1390,FREE,SYS166539,OB TSM3366 - OMBRA - Unisex - C1 - 51 - Sunglass - Square - Sheet,0,1,1,WIDTH_INC,0,1,0,4,2
Jhunjhunu Indra Nagar,WEST,AVANTA,FRAME,METAL|FULL|HEXAGON,MALE,790,,,SYS159219,,790,FREE,SYS159219,AV 941004 - Avanta - Male - Gun - 48 - Full Frame - Hexagon - Metal,0,1,1,WIDTH_INC,0,1,0,149,0
Delhi Dwarka Sec 09,NORTH,RAYBAN JUNIOR,FRAME,SHEET|FULL|RECTANGLE,KIDS,3990,,,SYS152620,,3990,FREE,SYS152620,RY1904 - Rayban Junior - Kids - 3982 - 46 - Full Frame - Rectangle - Sheet,0,1,1,WIDTH_INC,0,1,0,7,4
Delhi Dwarka Sec 09,NORTH,RAYBAN JUNIOR,FRAME,SHEET|FULL|RECTANGLE,KIDS,3990,,,SYS152621,,3990,FREE,SYS152621,RY1904 - Rayban Junior - Kids - 3985 - 46 - Full Frame - Rectangle - Sheet,0,1,1,WIDTH_INC,0,1,0,7,4
Noida Sec 50,NORTH,OMBRA,SUNGLASS,SHEET|FULL|RECTANGLE,MALE,1590,,,SYS166510,,1590,FREE,SYS166510,OB 9870P - OMBRA - Male - C4 - 50 - Sunglass - Rectangle - Sheet,0,1,1,WIDTH_INC,0,11,0,4,2
Jhunjhunu Indra Nagar,WEST,AVANTA,FRAME,METAL|HALF|RECTANGLE,FEMALE,1190,,,SYS159085,,1190,FREE,SYS159085,AV JP244102 - Avanta - Female - Purple - 50 - Half Frame - Rectangle - Metal,0,1,1,WIDTH_INC,0,2,0,149,0
Jhunjhunu Indra Nagar,WEST,AVANTA,FRAME,METAL|FULL|RECTANGLE,FEMALE,1190,,,SYS159071,,1190,FREE,SYS159071,AV JP244110 - Avanta - Female - Gold - 50 - Full Frame - Rectangle - Metal,0,1,1,WIDTH_INC,0,2,0,149,0
Delhi Dwarka Sec 09,NORTH,AVANTA KIDS,FRAME,SHEET|FULL|SQUARE,KIDS,990,,,SYS148470,,990,FREE,SYS148470,AV 19001 - Avanta Kids - Kids - C6 - 46 - Full Frame - Square - Sheet,0,1,1,WIDTH_INC,0,1,0,14,0
Sikar Police Line Road I Max,WEST,AVANTA,FRAME,METAL|FULL|RECTANGLE,MALE,690,,,SYS113113,,690,FREE,SYS113113,AV 31004 - Avanta - Male - Gun - 48 - Full Frame - Rectangle - Metal,0,1,1,WIDTH_INC,0,12,0,29,0
Faridabad Sec 16A,NORTH,AVANTA,FRAME,METAL|FULL|ROUND,FEMALE,990,,,SYS167388,,990,FREE,SYS167388,AV 527339 - Avanta - Female - Silver - 50 - Full Frame - Round - Metal,0,1,1,WIDTH_INC,0,7,0,23,0
Panvel Laxmi Eye,WEST,AVANTA,FRAME,TR|FULL|RECTANGLE,MALE,790,,,SYS118601,,790,FREE,SYS118601,AV 8021 - Avanta - Male - Black - 50 - Full Frame - Rectangle - TR,0,1,1,WIDTH_INC,0,10,0,37,0
Noida MOI,NORTH,RAYBAN,SUNGLASS,METAL|FULL|RECTANGLE,MALE,12790,,,SYS166656,,12790,FREE,SYS166656,RB3779 - Rayban - Male - 001/31 - 56 - Sunglass - Rectangle - Metal,0,1,1,WIDTH_INC,0,2,0,13,0
Noida MOI,NORTH,RAYBAN,SUNGLASS,SHEET|FULL|RECTANGLE,MALE,11690,,,SYS166653,,11690,FREE,SYS166653,RB2225 - Rayban - Male - 710/58 - 57 - Sunglass - Rectangle - Sheet,0,1,1,WIDTH_INC,0,2,0,13,0
Noida MOI,NORTH,RAYBAN,SUNGLASS,METAL|FULL|RECTANGLE,MALE,13090,,,SYS166657,,13090,FREE,SYS166657,RB3779 - Rayban - Male - 001/57 - 56 - Sunglass - Rectangle - Metal,0,1,1,WIDTH_INC,0,2,0,13,0
Jhunjhunu Indra Nagar,WEST,AVANTA,FRAME,METAL|SUPRA|RECTANGLE,MALE,1190,,,SYS159372,,1190,FREE,SYS159372,AV TH33013 - Avanta - Male - Grey - 52 - Supra - Rectangle - Metal,0,1,1,WIDTH_INC,0,1,0,149,0
Jhunjhunu Indra Nagar,WEST,AVANTA,FRAME,METAL|SUPRA|RECTANGLE,MALE,1190,,,SYS159363,,1190,FREE,SYS159363,AV TH33007 - Avanta - Male - Grey - 53 - Supra - Rectangle - Metal,0,1,1,WIDTH_INC,0,1,0,149,0
Ajmer Ramganj,WEST,AVANTA KIDS,FRAME,TR|FULL|SQUARE,KIDS,790,,,SYS168284,,790,FREE,SYS168284,AV 95001 - Avanta Kids - Kids - Trans/Grey - 43 - Full Frame - Square - TR,0,1,1,WIDTH_INC,0,7,1,5,0
Ajmer Ramganj,WEST,AVANTA KIDS,FRAME,TR|FULL|ROUND,KIDS,790,,,SYS168316,,790,FREE,SYS168316,AV 95008 - Avanta Kids - Kids - Trans/Purple - 43 - Full Frame - Round - TR,0,1,1,WIDTH_INC,0,6,0,5,0
Jabalpur Napier Town,SOUTH,AVANTA,FRAME,METAL|FULL|RECTANGLE,MALE,690,,,SYS113113,,690,FREE,SYS113113,AV 31004 - Avanta - Male - Gun - 48 - Full Frame - Rectangle - Metal,0,1,1,WIDTH_INC,0,12,0,59,0
Ajmer Ramganj,WEST,AVANTA KIDS,FRAME,TR|FULL|RECTANGLE,KIDS,790,,,SYS168337,,790,FREE,SYS168337,AV 95007 - Avanta Kids - Kids - Brown - 45 - Full Frame - Rectangle - TR,0,1,1,WIDTH_INC,0,6,0,5,0
Kanpur Mall Road,NORTH,AVANTA,FRAME,SHEET|FULL|SQUARE,MALE,1190,,,SYS158369,,1190,FREE,SYS158369,AV 0064 - Avanta - Male - D/Brown - 54 - Full Frame - Square - Sheet,0,1,1,WIDTH_INC,0,157,148,33,0
Kanpur Mall Road,NORTH,AVANTA,FRAME,SHEET|FULL|RECTANGLE,MALE,1190,,,SYS158381,,1190,FREE,SYS158381,AV 0061 - Avanta - Male - Trans/Grey - 53 - Full Frame - Rectangle - Sheet,0,1,1,WIDTH_INC,0,128,109,33,0
Kanpur Mall Road,NORTH,AVANTA,FRAME,SHEET|FULL|SQUARE,MALE,1190,,,SYS158368,,1190,FREE,SYS158368,AV 0064 - Avanta - Male - Black - 54 - Full Frame - Square - Sheet,0,1,1,WIDTH_INC,0,170,140,33,0
Kanpur Mall Road,NORTH,AVANTA,FRAME,SHEET|FULL|ROUND,UNISEX,1190,,,SYS158414,,1190,FREE,SYS158414,AV 0068HD - Avanta - Unisex - D/Wine - 48 - Full Frame - Round - Sheet,0,1,1,WIDTH_INC,0,74,64,33,0
Delhi Rajouri Garden,NORTH,AVANTA,FRAME,METAL|SUPRA|RECTANGLE,MALE,690,,,SYS143384,,690,FREE,SYS143384,AV 31004 - Avanta - Male - Black - 51 - Supra - Rectangle - Metal,0,1,1,WIDTH_INC,0,5,0,14,0
Ajmer Ramganj,WEST,AVANTA,FRAME,TR|FULL|SQUARE,UNISEX,990,,,SYS167958,,990,FREE,SYS167958,AV 9952202 - Avanta - Unisex - Trans/Grey - 52 - Full Frame - Square - TR,0,1,1,WIDTH_INC,0,16,3,21,0
Ajmer Ramganj,WEST,AVANTA,FRAME,TR|FULL|CAT EYE,FEMALE,990,,,SYS168002,,990,FREE,SYS168002,AV 9952213 - Avanta - Female - Trans/Pink - 51 - Full Frame - Cat Eye - TR,0,1,1,WIDTH_INC,0,7,0,21,0
Ajmer Ramganj,WEST,AVANTA,FRAME,TR|FULL|CAT EYE,FEMALE,990,,,SYS167985,,990,FREE,SYS167985,AV 9952214 - Avanta - Female - Trans/Pink - 51 - Full Frame - Cat Eye - TR,0,1,1,WIDTH_INC,0,6,0,21,0
Ajmer Ramganj,WEST,AVANTA,FRAME,TR|FULL|RECTANGLE,MALE,890,,,SYS168079,,890,FREE,SYS168079,AV 8061 - Avanta - Male - Black - 53 - Full Frame - Rectangle - TR,0,1,1,WIDTH_INC,0,11,0,21,0
Kharghar Laxmi Eye,WEST,AVANTA,FRAME,METAL|FULL|HEXAGON,MALE,790,,,SYS168796,,790,FREE,SYS168796,AV 85003 - Avanta - Male - Gun - 49 - Full Frame - Hexagon - Metal,0,1,1,WIDTH_INC,0,8,1,11,0
Surat Rander Road,WEST,AVANTA KIDS,FRAME,TR|FULL|CAT EYE,KIDS,790,,,SYS168368,,790,FREE,SYS168368,AV 95010 - Avanta Kids - Kids - D/Purple - 46 - Full Frame - Cat Eye - TR,0,1,1,WIDTH_INC,0,7,0,4,0
Palwal New Colony,NORTH,ADMYRA,FRAME,SHEET|FULL|CAT EYE,FEMALE,2790,,,SYS162310,,2790,FREE,SYS162310,AM 0131 - Admyra - Female - Trans/Blue - 51 - Full Frame - Cat Eye - Sheet,0,1,1,WIDTH_INC,0,49,19,8,0
Palwal New Colony,NORTH,ADMYRA,FRAME,SHEET|FULL|CAT EYE,FEMALE,2790,,,SYS162316,,2790,FREE,SYS162316,AM 0133 - Admyra - Female - Black - 53 - Full Frame - Cat Eye - Sheet,0,1,1,WIDTH_INC,0,49,19,8,0
Agra Ashoka Plaza,NORTH,AVANTA,FRAME,METAL|SUPRA|RECTANGLE,MALE,690,,,SYS143390,,690,FREE,SYS143390,AV 31004 - Avanta - Male - Gun - 51 - Supra - Rectangle - Metal,0,1,1,WIDTH_INC,0,8,0,30,0
Varanasi Mahmoorganj,NORTH,AVANTA,FRAME,METAL|FULL|SQUARE,MALE,990,,,SYS164811,,990,FREE,SYS164811,AV 7412205 - Avanta - Male - Gun/Grey - 51 - Full Frame - Square - Metal,0,1,1,WIDTH_INC,0,8,0,29,0
Surat Rander Road,WEST,AVANTA KIDS,FRAME,TR|FULL|ROUND,KIDS,790,,,SYS168313,,790,FREE,SYS168313,AV 95008 - Avanta Kids - Kids - Purple - 43 - Full Frame - Round - TR,0,1,1,WIDTH_INC,0,6,0,4,0
Ajmer Ramganj,WEST,AVANTA,FRAME,TR|FULL|RECTANGLE,MALE,890,,,SYS166800,,890,FREE,SYS166800,AV 270812 - Avanta - Male - Black - 50 - Full Frame - Rectangle - TR,0,1,1,WIDTH_INC,0,20,0,21,0
Kolkata AJC Bose Road,EAST,ADMYRA,FRAME,SHEET|FULL|SQUARE,MALE,2490,,,SYS67557,,2490,FREE,SYS67557,AM 001 - Admyra - Male - D/Grey - 53 - Full Frame - Square - Sheet,0,1,1,WIDTH_INC,0,72,40,20,8
Kolkata AJC Bose Road,EAST,ADMYRA,FRAME,SHEET|FULL|SQUARE,MALE,2490,,,SYS67558,,2490,FREE,SYS67558,AM 001 - Admyra - Male - Transparent - 53 - Full Frame - Square - Sheet,0,1,1,WIDTH_INC,0,84,54,20,8
Kolkata AJC Bose Road,EAST,ADMYRA,FRAME,SHEET|FULL|SQUARE,MALE,2490,,,SYS67559,,2490,FREE,SYS67559,AM 001 - Admyra - Male - MT.Black - 53 - Full Frame - Square - Sheet,0,1,1,WIDTH_INC,0,61,44,20,8
Kolkata AJC Bose Road,EAST,ADMYRA,FRAME,SHEET|FULL|SQUARE,MALE,2490,,,SYS67555,,2490,FREE,SYS67555,AM 001 - Admyra - Male - Black - 53 - Full Frame - Square - Sheet,0,1,1,WIDTH_INC,0,132,84,20,8
Kolkata AJC Bose Road,EAST,ADMYRA,FRAME,SHEET|FULL|SQUARE,MALE,2490,,,SYS67556,,2490,FREE,SYS67556,AM 001 - Admyra - Male - D/Brown - 53 - Full Frame - Square - Sheet,0,1,1,WIDTH_INC,0,56,49,20,8
LAJPAT NAGAR,NORTH,AVANTA,FRAME,METAL|FULL|SQUARE,MALE,1190,,,SYS164724,,1190,FREE,SYS164724,AV PB005 - Avanta - Male - Black - 52 - Full Frame - Square - Metal,0,1,1,WIDTH_INC,0,12,4,14,0
Faridabad Sec 16A,NORTH,AVANTA,FRAME,TR|FULL|CAT EYE,FEMALE,1190,,,SYS164748,,1190,FREE,SYS164748,AV 149005 - Avanta - Female - Trans/Purple - 54 - Full Frame - Cat Eye - TR,0,1,1,WIDTH_INC,0,1,0,23,0
Delhi Rajouri Garden,NORTH,AVANTA,FRAME,TR|FULL|SQUARE,MALE,890,,,SYS168465,,890,FREE,SYS168465,AV 303032 - Avanta - Male - Black - 52 - Full Frame - Square - TR,0,1,1,WIDTH_INC,0,8,0,14,0
Ajmer Ramganj,WEST,AVANTA,FRAME,TR|FULL|RECTANGLE,MALE,990,,,SYS166956,,990,FREE,SYS166956,AV TB6034 - Avanta - Male - C6 - 51 - Full Frame - Rectangle - TR,0,1,1,WIDTH_INC,0,11,0,21,0
Delhi Ashok Vihar Phase II,NORTH,ADMYRA,FRAME,SHEET|FULL|RECTANGLE,MALE,2490,,,SYS67859,,2490,FREE,SYS67859,AM 039 - Admyra - Male - MT.Black - 51 - Full Frame - Rectangle - Sheet,0,1,1,WIDTH_INC,0,70,44,8,2
Delhi Ashok Vihar Phase II,NORTH,ADMYRA,FRAME,SHEET|FULL|RECTANGLE,MALE,2490,,,SYS67860,,2490,FREE,SYS67860,AM 039 - Admyra - Male - MT.Blue - 51 - Full Frame - Rectangle - Sheet,0,1,1,WIDTH_INC,0,106,69,8,2
Faridabad Sec 16A,NORTH,AVANTA,FRAME,METAL|FULL|SQUARE,MALE,990,,,SYS164811,,990,FREE,SYS164811,AV 7412205 - Avanta - Male - Gun/Grey - 51 - Full Frame - Square - Metal,0,1,1,WIDTH_INC,0,8,0,23,0
Agra Ashoka Plaza,NORTH,AVANTA KIDS,FRAME,TR|FULL|RECTANGLE,KIDS,1690,,,SYS88863,,1690,FREE,SYS88863,AV 1252 - Avanta Kids - Kids - C1 - 47 - Full Frame - Rectangle - TR Pediatric,0,1,1,WIDTH_INC,0,4,3,6,0
Ghaziabad RDC,NORTH,CALVIN KLEIN,FRAME,METAL|RIMLESS|SQUARE,MALE,8790,,,SYS94724,,8790,FREE,SYS94724,CK 23115LBI - Calvin Klein - Male - 718 - 56 - Rimless - Square - Metal,0,1,1,WIDTH_INC,0,1,0,2,0
Delhi Rajouri Garden,NORTH,AVANTA,FRAME,METAL|SUPRA|RECTANGLE,MALE,790,,,SYS168387,,790,FREE,SYS168387,AV ZXA42005 - Avanta - Male - Gun - 49 - Supra - Rectangle - Metal,0,1,1,WIDTH_INC,0,24,10,14,0
Dombivli (East) Laxmi Eye,WEST,AVANTA,FRAME,SHEET|FULL|RECTANGLE,MALE,1190,,,SYS158378,,1190,FREE,SYS158378,AV 0061 - Avanta - Male - Black - 53 - Full Frame - Rectangle - Sheet,0,1,1,WIDTH_INC,0,143,113,7,0
Ghaziabad RDC,NORTH,VOGUE,FRAME,SHEET|FULL|CAT EYE,FEMALE,5790,,,SYS94834,,5790,FREE,SYS94834,VO5483 - Vogue - Female - 2864 - 52 - Full Frame - Cat Eye - Sheet,0,1,1,WIDTH_INC,0,2,0,10,9
Kolkata AJC Bose Road,EAST,ADMYRA,FRAME,SHEET|FULL|RECTANGLE,MALE,2490,,,SYS67859,,2490,FREE,SYS67859,AM 039 - Admyra - Male - MT.Black - 51 - Full Frame - Rectangle - Sheet,0,1,1,WIDTH_INC,0,70,44,20,8
Kolkata AJC Bose Road,EAST,ADMYRA,FRAME,SHEET|FULL|RECTANGLE,MALE,2490,,,SYS67860,,2490,FREE,SYS67860,AM 039 - Admyra - Male - MT.Blue - 51 - Full Frame - Rectangle - Sheet,0,1,1,WIDTH_INC,0,106,69,20,8
Kolkata AJC Bose Road,EAST,ADMYRA,FRAME,SHEET|FULL|RECTANGLE,MALE,2490,,,SYS67857,,2490,FREE,SYS67857,AM 039 - Admyra - Male - D/Brown - 51 - Full Frame - Rectangle - Sheet,0,1,1,WIDTH_INC,0,48,34,20,8
Kolkata AJC Bose Road,EAST,ADMYRA,FRAME,SHEET|FULL|RECTANGLE,MALE,2490,,,SYS67858,,2490,FREE,SYS67858,AM 039 - Admyra - Male - D/Grey - 51 - Full Frame - Rectangle - Sheet,0,1,1,WIDTH_INC,0,74,53,20,8
Kolkata AJC Bose Road,EAST,ADMYRA,FRAME,SHEET|FULL|RECTANGLE,MALE,2490,,,SYS67856,,2490,FREE,SYS67856,AM 039 - Admyra - Male - Black - 51 - Full Frame - Rectangle - Sheet,0,1,1,WIDTH_INC,0,103,53,20,8
Dombivli (East) Laxmi Eye,WEST,AVANTA,FRAME,SHEET|FULL|CAT EYE,FEMALE,1190,,,SYS158408,,1190,FREE,SYS158408,AV 0072HD - Avanta - Female - Black - 51 - Full Frame - Cat Eye - Sheet,0,1,1,WIDTH_INC,0,55,43,7,0
Kharghar Laxmi Eye,WEST,AVANTA,FRAME,TR|FULL|CAT EYE,FEMALE,990,,,SYS168002,,990,FREE,SYS168002,AV 9952213 - Avanta - Female - Trans/Pink - 51 - Full Frame - Cat Eye - TR,0,1,1,WIDTH_INC,0,7,0,11,0
Delhi Safdarjung Enclave,NORTH,GUCCI,FRAME,SHEET|FULL|SQUARE,MALE,17906,,,SYS161544,,17906,FREE,SYS161544,GG1820O - Gucci - Male - 005 - 58 - Full Frame - Square - Sheet,0,1,1,WIDTH_INC,0,1,0,8,7
Gurgaon Dhanak Basti New Railway Road,NORTH,AVANTA,FRAME,TR|FULL|RECTANGLE,MALE,890,,,SYS168067,,890,FREE,SYS168067,AV 8027 - Avanta - Male - Black - 49 - Full Frame - Rectangle - TR,0,1,1,WIDTH_INC,0,12,4,17,0
Gurgaon Dhanak Basti New Railway Road,NORTH,AVANTA,FRAME,TR|FULL|CAT EYE,FEMALE,890,,,SYS168095,,890,FREE,SYS168095,AV 8025 - Avanta - Female - Black - 47 - Full Frame - Cat Eye - TR,0,1,1,WIDTH_INC,0,9,0,17,0
Rewari Sector 5,NORTH,AVANTA,FRAME,METAL|FULL|ROUND,UNISEX,990,,,SYS168374,,990,FREE,SYS168374,AV W620109 - Avanta - Unisex - Silver/Blk - 50 - Full Frame - Round - Metal,0,1,1,WIDTH_INC,0,11,6,39,0
Agra Ashoka Plaza,NORTH,AVANTA,FRAME,METAL|FULL|SQUARE,MALE,1090,,,SYS168613,,1090,FREE,SYS168613,AV 66003 - Avanta - Male - Gold - 53 - Full Frame - Square - Metal,0,1,1,WIDTH_INC,0,15,9,30,0
Agra Ashoka Plaza,NORTH,AVANTA,FRAME,TR|FULL|SQUARE,MALE,690,,,SYS168626,,690,FREE,SYS168626,AV 701015 - Avanta - Male - MT.Blk - 53 - Full Frame - Square - TR,0,1,1,WIDTH_INC,0,18,10,30,0
Kharghar Laxmi Eye,WEST,AVANTA,FRAME,TR|FULL|CAT EYE,FEMALE,890,,,SYS168095,,890,FREE,SYS168095,AV 8025 - Avanta - Female - Black - 47 - Full Frame - Cat Eye - TR,0,1,1,WIDTH_INC,0,9,0,11,0
Delhi Safdarjung Enclave,NORTH,TOM FORD,FRAME,SHEET|FULL|CAT EYE,FEMALE,33500,,,SYS162637,,33500,FREE,SYS162637,TF6091/B - Tom Ford - Female - 001 - 53 - Full Frame - Cat Eye - Sheet,0,1,1,WIDTH_INC,0,1,0,6,2
Agra Ashoka Plaza,NORTH,AVANTA,FRAME,METAL|FULL|SQUARE,MALE,790,,,SYS168775,,790,FREE,SYS168775,AV 8253205 - Avanta - Male - Gun - 48 - Full Frame - Square - Metal,0,1,1,WIDTH_INC,0,11,0,30,0
Indirapuram Shakti Khand Eros Market,NORTH,OMBRA,SUNGLASS,SHEET|FULL|ROUND,UNISEX,1390,,,SYS166440,,1390,FREE,SYS166440,OB 6260P - OMBRA - Unisex - C1 - 51 - Sunglass - Round - Sheet,0,1,1,WIDTH_INC,0,10,6,7,2
Indirapuram Shakti Khand Eros Market,NORTH,OMBRA,SUNGLASS,SHEET|FULL|SQUARE,MALE,1590,,,SYS166471,,1590,FREE,SYS166471,OB 66804 - OMBRA - Male - C1 - 52 - Sunglass - Square - Sheet,0,1,1,WIDTH_INC,0,11,6,7,2
Gurgaon Dhanak Basti New Railway Road,NORTH,AVANTA KIDS,FRAME,TR|FULL|ROUND,KIDS,790,,,SYS168314,,790,FREE,SYS168314,AV 95008 - Avanta Kids - Kids - Brown - 43 - Full Frame - Round - TR,0,1,1,WIDTH_INC,0,6,0,3,0
Gurgaon Dhanak Basti New Railway Road,NORTH,AVANTA KIDS,FRAME,TR|FULL|RECTANGLE,KIDS,790,,,SYS168340,,790,FREE,SYS168340,AV 95007 - Avanta Kids - Kids - Yellow - 45 - Full Frame - Rectangle - TR,0,1,1,WIDTH_INC,0,6,0,3,0
Kharghar Laxmi Eye,WEST,AVANTA,FRAME,TR|FULL|RECTANGLE,MALE,890,,,SYS166801,,890,FREE,SYS166801,AV 270812 - Avanta - Male - Blk/Red - 50 - Full Frame - Rectangle - TR,0,1,1,WIDTH_INC,0,12,0,11,0
Noida Spectrum Mall,NORTH,RAYBAN,SUNGLASS,SHEET|FULL|SQUARE,MALE,12690,,,SYS56432,,12690,FREE,SYS56432,RB4181 - Rayban - Male - 601/9A - 57 - Sunglass - Square - Sheet,0,1,1,WIDTH_INC,0,2,0,2,0
Noida Spectrum Mall,NORTH,RAYBAN,FRAME,METAL|HALF|ROUND,UNISEX,8190,,,SYS56527,,8190,FREE,SYS56527,RX3947V - Rayban - Unisex - 2501 - 51 - Half Frame - Round - Metal,0,1,1,WIDTH_INC,0,2,0,8,6
Indirapuram Shakti Khand Eros Market,NORTH,OMBRA,SUNGLASS,SHEET|FULL|RECTANGLE,MALE,1590,,,SYS166547,,1590,FREE,SYS166547,OB TSM3351 - OMBRA - Male - C1 - 50 - Sunglass - Rectangle - Sheet,0,1,1,WIDTH_INC,0,11,1,7,2
Gurgaon Dhanak Basti New Railway Road,NORTH,AVANTA,FRAME,TR|FULL|SQUARE,MALE,990,,,SYS167965,,990,FREE,SYS167965,AV 9952204 - Avanta - Male - Trans/Grey - 53 - Full Frame - Square - TR,0,1,1,WIDTH_INC,0,12,0,17,0
Gurgaon Dhanak Basti New Railway Road,NORTH,AVANTA,FRAME,TR|FULL|CAT EYE,FEMALE,990,,,SYS167994,,990,FREE,SYS167994,AV 9952215 - Avanta - Female - Black - 51 - Full Frame - Cat Eye - TR,0,1,1,WIDTH_INC,0,6,1,17,0
Indirapuram Shakti Khand Eros Market,NORTH,OMBRA,SUNGLASS,SHEET|FULL|RECTANGLE,MALE,1590,,,SYS166512,,1590,FREE,SYS166512,OB 9870P - OMBRA - Male - C6 - 50 - Sunglass - Rectangle - Sheet,0,1,1,WIDTH_INC,0,11,0,7,2
Kolkata Madhyamgram,EAST,AVANTA,FRAME,SHEET|FULL|SQUARE,MALE,1190,,,SYS162649,,1190,FREE,SYS162649,AV 0063 - Avanta - Male - Trans/Grey - 51 - Full Frame - Square - Sheet,0,1,1,WIDTH_INC,0,267,247,4,0
Panchkula Sector 2,NORTH,AVANTA KIDS,FRAME,TR|FULL|SQUARE,KIDS,890,,,SYS164106,,890,FREE,SYS164106,AV 169410 - Avanta Kids - Kids - C9 - 44 - Full Frame - Square - TR,0,1,1,WIDTH_INC,0,2,1,2,0
Indore Vijay Nagar,NORTH,ADMYRA,FRAME,METAL|HALF|SQUARE,MALE,2190,,,SYS104410,,2190,FREE,SYS104410,AM 0502 - Admyra - Male - C1 - 52 - Half Frame - Square - Metal,0,1,1,WIDTH_INC,0,1,0,29,9
Gurgaon Dhanak Basti New Railway Road,NORTH,AVANTA KIDS,FRAME,TR|FULL|RECTANGLE,KIDS,890,,,SYS168259,,890,FREE,SYS168259,AV 83005 - Avanta Kids - Kids - White - 46 - Full Frame - Rectangle - TR,0,1,1,WIDTH_INC,0,6,4,3,0
Indirapuram Shakti Khand Eros Market,NORTH,OMBRA,SUNGLASS,SHEET|FULL|RECTANGLE,MALE,1390,,,SYS166350,,1390,FREE,SYS166350,OB 66607 - OMBRA - Male - C4 - 54 - Sunglass - Rectangle - Sheet,0,1,1,WIDTH_INC,0,12,9,7,2
Indore Vijay Nagar,NORTH,ADMYRA,FRAME,METAL|RIMLESS|CAT EYE,FEMALE,2990,,,SYS104529,,2990,FREE,SYS104529,AM LE6212 - Admyra - Female - C1 - 55 - Rimless - Cat Eye - Metal,0,1,1,WIDTH_INC,0,1,0,29,9
Agra Ashoka Plaza,NORTH,AVANTA,FRAME,METAL|FULL|RECTANGLE,MALE,790,,,SYS168380,,790,FREE,SYS168380,AV ZXA42009 - Avanta - Male - Gun - 49 - Full Frame - Rectangle - Metal,0,1,1,WIDTH_INC,0,24,6,30,0
Agra Ashoka Plaza,NORTH,AVANTA,FRAME,METAL|SUPRA|RECTANGLE,MALE,790,,,SYS168394,,790,FREE,SYS168394,AV ZXA42003 - Avanta - Male - Gun - 48 - Supra - Rectangle - Metal,0,1,1,WIDTH_INC,0,24,0,30,0
Kharghar Laxmi Eye,WEST,AVANTA KIDS,FRAME,TR|FULL|RECTANGLE,KIDS,790,,,SYS168337,,790,FREE,SYS168337,AV 95007 - Avanta Kids - Kids - Brown - 45 - Full Frame - Rectangle - TR,0,1,1,WIDTH_INC,0,6,0,1,0
Ghaziabad RDC,NORTH,STEPPER,FRAME,TITANIUM|FULL|SQUARE,MALE,12100,,,SYS92206,,12100,FREE,SYS92206,SI/60232 - Stepper - Male - F112 - 51 - Full Frame - Square - Titanium,0,1,1,WIDTH_INC,0,4,0,4,0
Ghaziabad RDC,NORTH,STEPPER,FRAME,TITANIUM|HALF|RECTANGLE,MALE,9130,,,SYS92199,,9130,FREE,SYS92199,SI/60070 - Stepper - Male - F010 - 53 - Half Frame - Rectangle - Titanium,0,1,1,WIDTH_INC,0,1,0,4,0
Hyderabad Kukatpally Nizampet X Roads,SOUTH,RAYBAN JUNIOR,FRAME,SHEET|FULL|RECTANGLE,KIDS,3790,,,SYS92034,,3790,FREE,SYS92034,RY1621 - Rayban Junior - Kids - 3937 - 47 - Full Frame - Rectangle - Sheet,0,1,1,WIDTH_INC,0,3,0,6,0
Siliguri Sevoke Road,WEST,RAYBAN,FRAME,SHEET|FULL|SQUARE,UNISEX,8290,,,SYS168913,,8290,FREE,SYS168913,RX5451 - Rayban - Unisex - 2012 - 50 - Full Frame - Square - Sheet,0,1,1,WIDTH_INC,0,2,0,7,4
Hyderabad Kukatpally Nizampet X Roads,SOUTH,RAYBAN JUNIOR,FRAME,SHEET|FULL|RECTANGLE,KIDS,3790,,,SYS88926,,3790,FREE,SYS88926,RY1621 - Rayban Junior - Kids - 3928 - 47 - Full Frame - Rectangle - Sheet,0,1,1,WIDTH_INC,0,1,0,6,0
Mohali Sector 62,NORTH,MONTBLANC,FRAME,METAL|RIMLESS|SQUARE,MALE,22200,,,SYS166582,,22200,FREE,SYS166582,MB0431O - Montblanc - Male - 002 - 53 - Rimless - Square - Metal,0,1,1,WIDTH_INC,0,1,0,14,3
Mohali Sector 62,NORTH,MONTBLANC,FRAME,METAL|RIMLESS|SQUARE,MALE,22200,,,SYS166581,,22200,FREE,SYS166581,MB0430O - Montblanc - Male - 003 - 51 - Rimless - Square - Metal,0,1,1,WIDTH_INC,0,1,0,14,3
Mohali Sector 62,NORTH,MONTBLANC,FRAME,METAL|RIMLESS|SQUARE,MALE,22200,,,SYS166580,,22200,FREE,SYS166580,MB0430O - Montblanc - Male - 002 - 51 - Rimless - Square - Metal,0,1,1,WIDTH_INC,0,1,0,14,3
Mohali Sector 62,NORTH,MONTBLANC,FRAME,METAL|RIMLESS|SQUARE,MALE,28300,,,SYS166570,,28300,FREE,SYS166570,MB0274O - Montblanc - Male - 001 - 53 - Rimless - Square - Metal,0,1,1,WIDTH_INC,0,1,0,14,3
Mohali Sector 62,NORTH,MONTBLANC,FRAME,METAL|HALF|SQUARE,MALE,28300,,,SYS166569,,28300,FREE,SYS166569,MB0220OA - Montblanc - Male - 003 - 54 - Half Frame - Square - Metal,0,1,1,WIDTH_INC,0,1,0,14,3
Mohali Sector 62,NORTH,MONTBLANC,FRAME,METAL|HALF|SQUARE,MALE,28300,,,SYS166568,,28300,FREE,SYS166568,MB0220OA - Montblanc - Male - 002 - 54 - Half Frame - Square - Metal,0,1,1,WIDTH_INC,0,1,0,14,3
Mohali Sector 62,NORTH,MONTBLANC,FRAME,METAL|FULL|SQUARE,MALE,29900,,,SYS166574,,29900,FREE,SYS166574,MB0347O - Montblanc - Male - 004 - 54 - Full Frame - Square - Metal,0,1,1,WIDTH_INC,0,1,0,14,3
Mohali Sector 62,NORTH,MONTBLANC,FRAME,TITANIUM|HALF|RECTANGLE,MALE,29900,,,SYS166573,,29900,FREE,SYS166573,MB0313OA - Montblanc - Male - 002 - 54 - Half Frame - Rectangle - Titanium,0,1,1,WIDTH_INC,0,1,0,14,3
Mohali Sector 62,NORTH,MONTBLANC,FRAME,METAL|HALF|SQUARE,MALE,28300,,,SYS166567,,28300,FREE,SYS166567,MB0220OA - Montblanc - Male - 001 - 54 - Half Frame - Square - Metal,0,1,1,WIDTH_INC,0,1,0,14,3
Mohali Sector 62,NORTH,MONTBLANC,FRAME,SHEET|FULL|SQUARE,MALE,18400,,,SYS166566,,18400,FREE,SYS166566,MB0011O - Montblanc - Male - 009 - 52 - Full Frame - Square - Sheet,0,1,1,WIDTH_INC,0,1,0,14,3
Mohali Sector 62,NORTH,MONTBLANC,FRAME,SHEET|FULL|SQUARE,MALE,18400,,,SYS166565,,18400,FREE,SYS166565,MB0011O - Montblanc - Male - 008 - 54 - Full Frame - Square - Sheet,0,1,1,WIDTH_INC,0,1,0,14,3
Jhunjhunu Indra Nagar,WEST,ADMYRA,FRAME,SHEET|FULL|SQUARE,MALE,2490,,,SYS67558,,2490,FREE,SYS67558,AM 001 - Admyra - Male - Transparent - 53 - Full Frame - Square - Sheet,0,1,1,WIDTH_INC,0,84,54,10,3
Jhunjhunu Indra Nagar,WEST,ADMYRA,FRAME,SHEET|FULL|SQUARE,MALE,2490,,,SYS67555,,2490,FREE,SYS67555,AM 001 - Admyra - Male - Black - 53 - Full Frame - Square - Sheet,0,1,1,WIDTH_INC,0,132,84,10,3
Jhunjhunu Indra Nagar,WEST,ADMYRA,FRAME,SHEET|FULL|SQUARE,MALE,2490,,,SYS67557,,2490,FREE,SYS67557,AM 001 - Admyra - Male - D/Grey - 53 - Full Frame - Square - Sheet,0,1,1,WIDTH_INC,0,72,40,10,3
Hyderabad Hayathnagar,SOUTH,AVANTA,FRAME,TR|FULL|RECTANGLE,MALE,890,,,SYS168079,,890,FREE,SYS168079,AV 8061 - Avanta - Male - Black - 53 - Full Frame - Rectangle - TR,0,1,1,WIDTH_INC,0,11,0,13,0
Navi Mumbai Nerul ( Shivam ),WEST,AVANTA KIDS,FRAME,PEDIATRIC|FULL|ROUND,KIDS,1690,,,SYS165271,,1690,FREE,SYS165271,AV ZC1611 - Avanta Kids - Kids - C8 - 48 - Full Frame - Round - Pediatric,0,1,1,WIDTH_INC,0,4,0,1,0
Jhunjhunu Indra Nagar,WEST,AVANTA,FRAME,SHEET|FULL|ROUND,UNISEX,1090,,,SYS62233,,1090,FREE,SYS62233,AV 0033 - Avanta - Unisex - Black - 50 - Full Frame - Round - Sheet,0,1,1,WIDTH_INC,0,2,0,149,0
Jhunjhunu Indra Nagar,WEST,ADMYRA,FRAME,SHEET|FULL|RECTANGLE,MALE,2490,,,SYS67858,,2490,FREE,SYS67858,AM 039 - Admyra - Male - D/Grey - 51 - Full Frame - Rectangle - Sheet,0,1,1,WIDTH_INC,0,74,53,10,3
Jhunjhunu Indra Nagar,WEST,ADMYRA,FRAME,SHEET|FULL|RECTANGLE,MALE,2490,,,SYS67859,,2490,FREE,SYS67859,AM 039 - Admyra - Male - MT.Black - 51 - Full Frame - Rectangle - Sheet,0,1,1,WIDTH_INC,0,70,44,10,3
Jhunjhunu Indra Nagar,WEST,ADMYRA,FRAME,SHEET|FULL|RECTANGLE,MALE,2490,,,SYS67860,,2490,FREE,SYS67860,AM 039 - Admyra - Male - MT.Blue - 51 - Full Frame - Rectangle - Sheet,0,1,1,WIDTH_INC,0,106,69,10,3
Ghaziabad Nehru Nagar,NORTH,AVANTA,FRAME,METAL|FULL|RECTANGLE,MALE,690,,,SYS113113,,690,FREE,SYS113113,AV 31004 - Avanta - Male - Gun - 48 - Full Frame - Rectangle - Metal,0,1,1,WIDTH_INC,0,12,0,19,0
Noida MOI,NORTH,SILHOUETTE,FRAME,SHEET|FULL|CAT EYE,FEMALE,30600,,,SYS166601,,30600,FREE,SYS166601,SILH 1625/75 - Silhouette - Female - 6130 - 52 - Full Frame - Cat Eye - Sheet,0,1,1,WIDTH_INC,0,1,0,2,0
Indirapuram Shakti Khand Eros Market,NORTH,AVANTA KIDS,FRAME,TR|FULL|SQUARE,KIDS,1090,,,SYS167676,,1090,FREE,SYS167676,AV 77072 - Avanta Kids - Kids - Black - 45 - Clip on - Square - TR,0,1,1,WIDTH_INC,0,8,0,14,0
Hyderabad Hayathnagar,SOUTH,AVANTA,FRAME,TR|FULL|RECTANGLE,MALE,990,,,SYS166952,,990,FREE,SYS166952,AV 50046 - Avanta - Male - C3 - 50 - Full Frame - Rectangle - TR,0,1,1,WIDTH_INC,0,10,0,13,0
Delhi Safdarjung Enclave,NORTH,VOGUE JUNIOR,FRAME,SHEET|FULL|SQUARE,KIDS,4190,,,SYS162438,,4190,FREE,SYS162438,VY2040 - Vogue Junior - Kids - W44 - 49 - Full Frame - Square - Sheet,0,1,1,WIDTH_INC,0,1,0,4,0
Delhi Safdarjung Enclave,NORTH,FRENCH CONNECTION,FRAME,SHEET|FULL|RECTANGLE,MALE,3490,,,SYS75243,,3490,FREE,SYS75243,FC 9781 - French Connection - Male - C4 - 54 - Full Frame - Rectangle - Sheet,0,1,1,WIDTH_INC,0,9,0,7,6
Delhi Preet Vihar Vikas Marg,NORTH,RAYBAN,FRAME,METAL|FULL|SQUARE,MALE,5290,,,SYS162324,,5290,FREE,SYS162324,RX6544I - Rayban - Male - 2501 - 55 - Full Frame - Square - Metal,0,1,1,WIDTH_INC,0,2,0,12,10
Indirapuram Shakti Khand Eros Market,NORTH,AVANTA,FRAME,METAL|SUPRA|RECTANGLE,MALE,890,,,SYS167431,,890,FREE,SYS167431,AV 825073 - Avanta - Male - Black - 49 - Supra - Rectangle - Metal,0,1,1,WIDTH_INC,0,12,0,32,0
Panvel Laxmi Eye,WEST,TOMMY HILFIGER,FRAME,SHEET|FULL|OVAL,UNISEX,5490,,,SYS77941,,5490,FREE,SYS77941,TH 3511 - Tommy Hilfiger - Unisex - C5 - 49 - Full Frame - Oval - Sheet,0,1,1,WIDTH_INC,0,1,0,11,4
Ghaziabad RDC,NORTH,RAYBAN,SUNGLASS,SHEET|FULL|SQUARE,MALE,7990,,,SYS144832,,7990,FREE,SYS144832,RB4460I - Rayban - Male - 601/11 - 56 - Sunglass - Square - Sheet,0,1,1,WIDTH_INC,0,1,0,8,0
Mohali Sector 62,NORTH,VOGUE,SUNGLASS,SHEET|FULL|CAT EYE,FEMALE,6290,,,SYS166343,,6290,FREE,SYS166343,VO5586S - Vogue - Female - W44/87 - 53 - Sunglass - Cat Eye - Sheet,0,1,1,WIDTH_INC,0,2,0,4,0
Bhubneshwar Nayapalli,EAST,ADMYRA,FRAME,SHEET|FULL|CAT EYE,FEMALE,2790,,,SYS162310,,2790,FREE,SYS162310,AM 0131 - Admyra - Female - Trans/Blue - 51 - Full Frame - Cat Eye - Sheet,0,1,1,WIDTH_INC,0,49,19,11,1
Bhubneshwar Nayapalli,EAST,ADMYRA,FRAME,SHEET|FULL|CAT EYE,FEMALE,2790,,,SYS162316,,2790,FREE,SYS162316,AM 0133 - Admyra - Female - Black - 53 - Full Frame - Cat Eye - Sheet,0,1,1,WIDTH_INC,0,49,19,11,1
Delhi Safdarjung Enclave,NORTH,VOGUE JUNIOR,FRAME,SHEET|FULL|RECTANGLE,KIDS,3690,,,SYS162031,,3690,FREE,SYS162031,VY2042 - Vogue Junior - Kids - W745 - 48 - Full Frame - Rectangle - Sheet,0,1,1,WIDTH_INC,0,2,0,4,0
Gurgaon Dhanak Basti New Railway Road,NORTH,AVANTA,FRAME,TR|FULL|RECTANGLE,MALE,990,,,SYS166952,,990,FREE,SYS166952,AV 50046 - Avanta - Male - C3 - 50 - Full Frame - Rectangle - TR,0,1,1,WIDTH_INC,0,10,0,17,0
Delhi Safdarjung Enclave,NORTH,ADMYRA,FRAME,SHEET|FULL|CAT EYE,FEMALE,2790,,,SYS162310,,2790,FREE,SYS162310,AM 0131 - Admyra - Female - Trans/Blue - 51 - Full Frame - Cat Eye - Sheet,0,1,1,WIDTH_INC,0,49,19,8,2
Delhi Safdarjung Enclave,NORTH,ADMYRA,FRAME,SHEET|FULL|CAT EYE,FEMALE,2790,,,SYS162309,,2790,FREE,SYS162309,AM 0131 - Admyra - Female - D/Green - 51 - Full Frame - Cat Eye - Sheet,0,1,1,WIDTH_INC,0,50,38,8,2
Delhi Safdarjung Enclave,NORTH,ADMYRA,FRAME,SHEET|FULL|CAT EYE,FEMALE,2790,,,SYS162306,,2790,FREE,SYS162306,AM 0131 - Admyra - Female - Black - 51 - Full Frame - Cat Eye - Sheet,0,1,1,WIDTH_INC,0,47,41,8,2
Siliguri Sevoke Road,WEST,AVANTA,FRAME,METAL|SUPRA|RECTANGLE,MALE,690,,,SYS143393,,690,FREE,SYS143393,AV 31004 - Avanta - Male - Gold - 51 - Supra - Rectangle - Metal,0,1,1,WIDTH_INC,0,4,0,20,0
Delhi Safdarjung Enclave,NORTH,VOGUE JUNIOR,FRAME,SHEET|FULL|OVAL,KIDS,2490,,,SYS75157,,2490,FREE,SYS75157,VY2011 - Vogue Junior - Kids - 2974 - 37 - Full Frame - Oval - Sheet,0,1,1,WIDTH_INC,0,7,0,4,0
Mumbai Chembur Rushab Eye,WEST,AVANTA,FRAME,SHEET|FULL|SQUARE,MALE,1190,,,SYS158368,,1190,FREE,SYS158368,AV 0064 - Avanta - Male - Black - 54 - Full Frame - Square - Sheet,0,1,1,WIDTH_INC,0,170,140,8,0
Bhubneshwar Nayapalli,EAST,FRENCH CONNECTION,FRAME,SHEET|FULL|RECTANGLE,MALE,3490,,,SYS75243,,3490,FREE,SYS75243,FC 9781 - French Connection - Male - C4 - 54 - Full Frame - Rectangle - Sheet,0,1,1,WIDTH_INC,0,9,0,4,3
Delhi Safdarjung Enclave,NORTH,RAYBAN,SUNGLASS,METAL|FULL|SQUARE,MALE,11690,,,SYS162424,,11690,FREE,SYS162424,RB3588 - Rayban - Male - 90548G - 55 - Sunglass - Square - Metal,0,1,1,WIDTH_INC,0,3,1,4,0
Mumbai Chembur Rushab Eye,WEST,AVANTA,FRAME,SHEET|FULL|ROUND,UNISEX,1190,,,SYS158414,,1190,FREE,SYS158414,AV 0068HD - Avanta - Unisex - D/Wine - 48 - Full Frame - Round - Sheet,0,1,1,WIDTH_INC,0,74,64,8,0
Mumbai Chembur Rushab Eye,WEST,AVANTA,FRAME,SHEET|FULL|CAT EYE,FEMALE,1190,,,SYS158410,,1190,FREE,SYS158410,AV 0072HD - Avanta - Female - Purple - 51 - Full Frame - Cat Eye - Sheet,0,1,1,WIDTH_INC,0,60,41,8,0
Mumbai Chembur Rushab Eye,WEST,AVANTA,FRAME,SHEET|FULL|RECTANGLE,MALE,1190,,,SYS158378,,1190,FREE,SYS158378,AV 0061 - Avanta - Male - Black - 53 - Full Frame - Rectangle - Sheet,0,1,1,WIDTH_INC,0,143,113,8,0
Hyderabad Banjara Hills Dr Challa,SOUTH,EMPORIO ARMANI,FRAME,SHEET|FULL|RECTANGLE,MALE,13590,,,SYS115894,,13590,FREE,SYS115894,EA3247 - Emporio Armani - Male - 6190 - 53 - Full Frame - Rectangle - Sheet,0,1,1,WIDTH_INC,0,1,0,4,0
Panvel Laxmi Eye,WEST,AVANTA,FRAME,METAL|HALF|RECTANGLE,FEMALE,990,,,SYS163565,,990,FREE,SYS163565,AV 202438 - Avanta - Female - Copper/Gold - 48 - Half Frame - Rectangle - Metal,0,1,1,WIDTH_INC,0,9,4,37,0
Noida MOI,NORTH,RAYBAN,FRAME,SHEET|FULL|SQUARE,MALE,5990,,,SYS166229,,5990,FREE,SYS166229,RX7267I - Rayban - Male - 8500 - 54 - Full Frame - Square - Sheet,0,1,1,WIDTH_INC,0,2,0,11,0
Panvel Laxmi Eye,WEST,AVANTA,FRAME,METAL|FULL|CAT EYE,FEMALE,1190,,,SYS163518,,1190,FREE,SYS163518,AV 930102 - Avanta - Female - Burgundy - 50 - Full Frame - Cat Eye - Metal,0,1,1,WIDTH_INC,0,2,0,37,0
Siliguri Sevoke Road,WEST,AVANTA,FRAME,TR|FULL|RECTANGLE,MALE,990,,,SYS166952,,990,FREE,SYS166952,AV 50046 - Avanta - Male - C3 - 50 - Full Frame - Rectangle - TR,0,1,1,WIDTH_INC,0,10,0,20,0
LAJPAT NAGAR,NORTH,AVANTA,FRAME,METAL|FULL|RECTANGLE,MALE,1490,,,SYS116955,,1490,FREE,SYS116955,AV 25101 - Avanta - Male - C3 - 53 - Full Frame - Rectangle - Metal,0,1,1,WIDTH_INC,0,2,0,14,0
Navi Mumbai Nerul ( Shivam ),WEST,ADMYRA,FRAME,METAL|FULL|RECTANGLE,FEMALE,2190,,,SYS165425,,2190,FREE,SYS165425,AM 25060 - Admyra - Female - C2 - 52 - Full Frame - Rectangle - Metal,0,1,1,WIDTH_INC,0,2,0,17,1
Navi Mumbai Nerul ( Shivam ),WEST,ADMYRA,FRAME,METAL|FULL|RECTANGLE,FEMALE,2190,,,SYS165426,,2190,FREE,SYS165426,AM 25060 - Admyra - Female - C3 - 52 - Full Frame - Rectangle - Metal,0,1,1,WIDTH_INC,0,2,0,17,1
Noida Spectrum Mall,NORTH,TOMMY HILFIGER,FRAME,SHEET|FULL|SQUARE,MALE,7490,,,SYS121663,,7490,FREE,SYS121663,TH 4419 - Tommy Hilfiger - Male - C1 - 55 - Full Frame - Square - Sheet,0,1,1,WIDTH_INC,0,1,0,7,3
Delhi Dwarka Sec 09,NORTH,TOMMY HILFIGER,FRAME,TITANIUM|FULL|SQUARE,MALE,9990,,,SYS105920,,9990,FREE,SYS105920,TH 6337T - Tommy Hilfiger - Male - C1 - 55 - Full Frame - Square - Titanium,0,1,1,WIDTH_INC,0,1,0,9,0
Siliguri Sevoke Road,WEST,AVANTA,FRAME,TR|FULL|RECTANGLE,MALE,890,,,SYS166800,,890,FREE,SYS166800,AV 270812 - Avanta - Male - Black - 50 - Full Frame - Rectangle - TR,0,1,1,WIDTH_INC,0,20,0,20,0
Delhi Dwarka Sec 09,NORTH,ADMYRA,FRAME,METAL|FULL|ROUND,UNISEX,2190,,,SYS106198,,2190,FREE,SYS106198,AM 60010 - Admyra - Unisex - Green/Silver - 48 - Full Frame - Round - Metal,0,1,1,WIDTH_INC,0,1,0,48,22
Delhi Ashok Vihar Phase II,NORTH,ADMYRA,FRAME,SHEET|FULL|CAT EYE,FEMALE,2790,,,SYS162316,,2790,FREE,SYS162316,AM 0133 - Admyra - Female - Black - 53 - Full Frame - Cat Eye - Sheet,0,1,1,WIDTH_INC,0,49,19,8,2
Delhi Ashok Vihar Phase II,NORTH,ADMYRA,FRAME,SHEET|FULL|CAT EYE,FEMALE,2790,,,SYS162310,,2790,FREE,SYS162310,AM 0131 - Admyra - Female - Trans/Blue - 51 - Full Frame - Cat Eye - Sheet,0,1,1,WIDTH_INC,0,49,19,8,2
Panvel Laxmi Eye,WEST,AVANTA,FRAME,METAL|HALF|SQUARE,MALE,1190,,,SYS163750,,1190,FREE,SYS163750,AV 222570 - Avanta - Male - C4 - 51 - Half Frame - Square - Metal,0,1,1,WIDTH_INC,0,6,0,37,0
Siliguri Sevoke Road,WEST,AVANTA,FRAME,TR|FULL|RECTANGLE,MALE,790,,,SYS168052,,790,FREE,SYS168052,AV 270805 - Avanta - Male - Black - 52 - Full Frame - Rectangle - TR,0,1,1,WIDTH_INC,0,9,0,20,0
Siliguri Sevoke Road,WEST,AVANTA,FRAME,TR|FULL|CAT EYE,FEMALE,890,,,SYS168095,,890,FREE,SYS168095,AV 8025 - Avanta - Female - Black - 47 - Full Frame - Cat Eye - TR,0,1,1,WIDTH_INC,0,9,0,20,0
Noida MOI,NORTH,TOMMY HILFIGER,SUNGLASS,SHEET|FULL|SQUARE,MALE,10490,,,SYS165785,,10490,FREE,SYS165785,TH 2657 - Tommy Hilfiger - Male - C1 - 57 - Sunglass - Square - Sheet,0,1,1,WIDTH_INC,0,1,0,7,2
Noida MOI,NORTH,TOMMY HILFIGER,SUNGLASS,SHEET|FULL|WAYFARER,MALE,9990,,,SYS165790,,9990,FREE,SYS165790,TH 2680 - Tommy Hilfiger - Male - C3 - 55 - Sunglass - Wayfarer - Sheet,0,1,1,WIDTH_INC,0,2,0,7,2
Guwahati Rukminigaon TRC,EAST,RAYBAN,FRAME,SHEET|FULL|SQUARE,MALE,9290,,,SYS168935,,9290,FREE,SYS168935,RX5431 - Rayban - Male - 2001 - 54 - Full Frame - Square - Sheet,0,1,1,WIDTH_INC,0,2,0,2,1
Noida Sec 50,NORTH,PRADA,FRAME,SHEET|FULL|CAT EYE,FEMALE,25090,,,SYS164525,,25090,FREE,SYS164525,PR 09YV - Prada - Female - 19S1O1 - 54 - Full Frame - Cat Eye - Sheet,0,1,1,WIDTH_INC,0,1,0,8,4
Delhi Shahdara,NORTH,ADMYRA,FRAME,SHEET|FULL|SQUARE,MALE,2490,,,SYS67557,,2490,FREE,SYS67557,AM 001 - Admyra - Male - D/Grey - 53 - Full Frame - Square - Sheet,0,1,1,WIDTH_INC,0,72,40,5,3
Delhi Shahdara,NORTH,ADMYRA,FRAME,SHEET|FULL|SQUARE,MALE,2490,,,SYS67555,,2490,FREE,SYS67555,AM 001 - Admyra - Male - Black - 53 - Full Frame - Square - Sheet,0,1,1,WIDTH_INC,0,132,84,5,3
Siliguri Sevoke Road,WEST,AVANTA,FRAME,TR|FULL|RECTANGLE,MALE,690,,,SYS168026,,690,FREE,SYS168026,AV T018 - Avanta - Male - Trans/Grey - 51 - Full Frame - Rectangle - TR,0,1,1,WIDTH_INC,0,7,1,20,0
Siliguri Sevoke Road,WEST,AVANTA,FRAME,TR|FULL|SQUARE,MALE,890,,,SYS167925,,890,FREE,SYS167925,AV 202534 - Avanta - Male - Black - 53 - Full Frame - Square - TR,0,1,1,WIDTH_INC,0,7,0,20,0
Siliguri Sevoke Road,WEST,AVANTA,FRAME,TR|FULL|SQUARE,MALE,990,,,SYS167965,,990,FREE,SYS167965,AV 9952204 - Avanta - Male - Trans/Grey - 53 - Full Frame - Square - TR,0,1,1,WIDTH_INC,0,12,0,20,0
Siliguri Sevoke Road,WEST,AVANTA,FRAME,TR|FULL|CAT EYE,FEMALE,990,,,SYS167994,,990,FREE,SYS167994,AV 9952215 - Avanta - Female - Black - 51 - Full Frame - Cat Eye - TR,0,1,1,WIDTH_INC,0,6,1,20,0
Ajmer Ramganj,WEST,AVANTA,FRAME,METAL|FULL|HEXAGON,MALE,790,,,SYS168797,,790,FREE,SYS168797,AV 85003 - Avanta - Male - Black - 49 - Full Frame - Hexagon - Metal,0,1,1,WIDTH_INC,0,6,0,21,0
Delhi Pitampura,NORTH,AVANTA,FRAME,SHEET|FULL|CAT EYE,FEMALE,1190,,,SYS158410,,1190,FREE,SYS158410,AV 0072HD - Avanta - Female - Purple - 51 - Full Frame - Cat Eye - Sheet,0,1,1,WIDTH_INC,0,60,41,4,0
Siliguri Sevoke Road,WEST,AVANTA KIDS,FRAME,TR|FULL|ROUND,KIDS,790,,,SYS168314,,790,FREE,SYS168314,AV 95008 - Avanta Kids - Kids - Brown - 43 - Full Frame - Round - TR,0,1,1,WIDTH_INC,0,6,0,1,0
Delhi Pitampura,NORTH,AVANTA,FRAME,SHEET|FULL|RECTANGLE,MALE,1190,,,SYS158381,,1190,FREE,SYS158381,AV 0061 - Avanta - Male - Trans/Grey - 53 - Full Frame - Rectangle - Sheet,0,1,1,WIDTH_INC,0,128,109,4,0
Palwal New Colony,NORTH,ADMYRA,FRAME,SHEET|FULL|RECTANGLE,MALE,2490,,,SYS67856,,2490,FREE,SYS67856,AM 039 - Admyra - Male - Black - 51 - Full Frame - Rectangle - Sheet,0,1,1,WIDTH_INC,0,103,53,8,0
Palwal New Colony,NORTH,ADMYRA,FRAME,SHEET|FULL|RECTANGLE,MALE,2490,,,SYS67860,,2490,FREE,SYS67860,AM 039 - Admyra - Male - MT.Blue - 51 - Full Frame - Rectangle - Sheet,0,1,1,WIDTH_INC,0,106,69,8,0
Palwal New Colony,NORTH,ADMYRA,FRAME,SHEET|FULL|RECTANGLE,MALE,2490,,,SYS67858,,2490,FREE,SYS67858,AM 039 - Admyra - Male - D/Grey - 51 - Full Frame - Rectangle - Sheet,0,1,1,WIDTH_INC,0,74,53,8,0
Delhi Pitampura,NORTH,AVANTA,FRAME,SHEET|FULL|SQUARE,MALE,1190,,,SYS158368,,1190,FREE,SYS158368,AV 0064 - Avanta - Male - Black - 54 - Full Frame - Square - Sheet,0,1,1,WIDTH_INC,0,170,140,4,0
Hyderabad Hayathnagar,SOUTH,AVANTA,FRAME,TR|FULL|CAT EYE,FEMALE,990,,,SYS167985,,990,FREE,SYS167985,AV 9952214 - Avanta - Female - Trans/Pink - 51 - Full Frame - Cat Eye - TR,0,1,1,WIDTH_INC,0,6,0,13,0
Noida Spectrum Mall,NORTH,AVANTA,FRAME,TR|FULL|SQUARE,MALE,990,,,SYS166960,,990,FREE,SYS166960,AV TB6041 - Avanta - Male - C1/6 - 51 - Full Frame - Square - TR,0,1,1,WIDTH_INC,0,14,0,15,0
Hyderabad Hayathnagar,SOUTH,AVANTA KIDS,FRAME,TR|FULL|CAT EYE,KIDS,790,,,SYS168367,,790,FREE,SYS168367,AV 95010 - Avanta Kids - Kids - Trans/Purple - 46 - Full Frame - Cat Eye - TR,0,1,1,WIDTH_INC,0,6,0,3,0
LAJPAT NAGAR,NORTH,AVANTA,FRAME,TR|FULL|ROUND,UNISEX,990,,,SYS163222,,990,FREE,SYS163222,AV 303039 - Avanta - Unisex - MT.Green - 47 - Full Frame - Round - TR,0,1,1,WIDTH_INC,0,6,0,14,0
Hyderabad Hayathnagar,SOUTH,AVANTA KIDS,FRAME,TR|FULL|ROUND,KIDS,790,,,SYS168315,,790,FREE,SYS168315,AV 95008 - Avanta Kids - Kids - Black - 43 - Full Frame - Round - TR,0,1,1,WIDTH_INC,0,6,0,3,0
Noida Spectrum Mall,NORTH,AVANTA,FRAME,TR|FULL|ROUND,UNISEX,990,,,SYS167109,,990,FREE,SYS167109,AV 250986 - Avanta - Unisex - C1 - 48 - Full Frame - Round - TR,0,1,1,WIDTH_INC,0,9,0,15,0
Noida Spectrum Mall,NORTH,AVANTA,FRAME,TR|FULL|RECTANGLE,MALE,990,,,SYS167097,,990,FREE,SYS167097,AV 250984 - Avanta - Male - C1 - 48 - Full Frame - Rectangle - TR,0,1,1,WIDTH_INC,0,9,0,15,0
Panvel Laxmi Eye,WEST,TOMMY HILFIGER,FRAME,TITANIUM|RIMLESS|SQUARE,MALE,8990,,,SYS116867,,8990,FREE,SYS116867,TH 1088T - Tommy Hilfiger - Male - C1 - 53 - Rimless - Square - Titanium,0,1,1,WIDTH_INC,0,1,0,11,4
Panvel Laxmi Eye,WEST,TOMMY HILFIGER,FRAME,SHEET|FULL|ROUND,UNISEX,7490,,,SYS116879,,7490,FREE,SYS116879,TH 6314 - Tommy Hilfiger - Unisex - C7 - 50 - Full Frame - Round - Sheet,0,1,1,WIDTH_INC,0,2,1,11,4
Ahemdabad CG Road,WEST,ADMYRA,FRAME,SHEET|FULL|SQUARE,MALE,2490,,,SYS67556,,2490,FREE,SYS67556,AM 001 - Admyra - Male - D/Brown - 53 - Full Frame - Square - Sheet,0,1,1,WIDTH_INC,0,56,49,13,3
Delhi Rohini Ring Road Mall,NORTH,AVANTA KIDS,FRAME,PEDIATRIC|FULL|RECTANGLE,KIDS,1690,,,SYS114635,,1690,FREE,SYS114635,AV TR803 - Avanta Kids - Kids - C1 - 47 - Full Frame - Rectangle - Pediatric,0,1,1,WIDTH_INC,0,6,0,4,0
Patna Kankarbagh,NORTH,EMPORIO ARMANI,FRAME,METAL|SUPRA|RECTANGLE,MALE,11990,,,SYS116735,,11990,FREE,SYS116735,EA1168D - Emporio Armani - Male - 3001 - 56 - Supra - Rectangle - Metal,0,1,1,WIDTH_INC,0,1,0,5,2
Prayagraj Tashkent Marg,NORTH,TOMMY HILFIGER,FRAME,METAL|HALF|RECTANGLE,MALE,7490,,,SYS48101,,7490,FREE,SYS48101,TH 6222 - Tommy Hilfiger - Male - C1 - 53 - Supra - Rectangle - Metal,0,1,1,WIDTH_INC,0,1,0,6,2
Kolkata AJC Bose Road,EAST,AVANTA,FRAME,TR|FULL|ROUND,UNISEX,990,,,SYS163222,,990,FREE,SYS163222,AV 303039 - Avanta - Unisex - MT.Green - 47 - Full Frame - Round - TR,0,1,1,WIDTH_INC,0,6,0,17,0
Delhi Preet Vihar Vikas Marg,NORTH,ADMYRA,FRAME,TR|FULL|CAT EYE,FEMALE,2190,,,SYS163987,,2190,FREE,SYS163987,AM 9909 - Admyra - Female - C4 - 51 - Full Frame - Cat Eye - TR,0,1,1,WIDTH_INC,0,3,0,19,5
Noida MOI,NORTH,RAYBAN,FRAME,SHEET|FULL|SQUARE,UNISEX,9290,,,SYS144915,,9290,FREE,SYS144915,RX7256 - Rayban - Unisex - 8320 - 51 - Full Frame - Square - Sheet,0,1,1,WIDTH_INC,0,2,1,11,0
Delhi Preet Vihar Vikas Marg,NORTH,ADMYRA,FRAME,TR|FULL|CAT EYE,FEMALE,2190,,,SYS163972,,2190,FREE,SYS163972,AM 9906 - Admyra - Female - C2 - 52 - Full Frame - Cat Eye - TR,0,1,1,WIDTH_INC,0,2,0,19,5
Delhi Preet Vihar Vikas Marg,NORTH,ADMYRA,FRAME,TR|FULL|CAT EYE,FEMALE,2190,,,SYS163967,,2190,FREE,SYS163967,AM 9905 - Admyra - Female - C2 - 54 - Full Frame - Cat Eye - TR,0,1,1,WIDTH_INC,0,2,0,19,5
Delhi Preet Vihar Vikas Marg,NORTH,ADMYRA,FRAME,TR|FULL|CAT EYE,FEMALE,2190,,,SYS163975,,2190,FREE,SYS163975,AM 9906 - Admyra - Female - C3 - 52 - Full Frame - Cat Eye - TR,0,1,1,WIDTH_INC,0,2,0,19,5
Noida MOI,NORTH,RAYBAN,SUNGLASS,SHEET|FULL|RECTANGLE,UNISEX,11790,,,SYS144785,,11790,FREE,SYS144785,RB4454 - Rayban - Unisex - 667731 - 53 - Sunglass - Rectangle - Sheet,0,1,1,WIDTH_INC,0,1,0,13,0
Delhi Preet Vihar Vikas Marg,NORTH,ADMYRA,FRAME,TR|FULL|SQUARE,MALE,2190,,,SYS163979,,2190,FREE,SYS163979,AM 9907 - Admyra - Male - C1 - 53 - Full Frame - Square - TR,0,1,1,WIDTH_INC,0,12,0,19,5
Jabalpur Napier Town,SOUTH,ADMYRA,FRAME,SHEET|FULL|RECTANGLE,MALE,2490,,,SYS67856,,2490,FREE,SYS67856,AM 039 - Admyra - Male - Black - 51 - Full Frame - Rectangle - Sheet,0,1,1,WIDTH_INC,0,103,53,2,0
Jaipur Vaishali Nagar,WEST,ADMYRA,FRAME,SHEET|FULL|ROUND,UNISEX,2990,,,SYS115312,,2990,FREE,SYS115312,AM 102 - Admyra - Unisex - Grey - 49 - Full Frame - Round - Sheet,0,1,1,WIDTH_INC,0,30,29,4,0
Varanasi Mahmoorganj,NORTH,OMBRA,SUNGLASS,SHEET|FULL|SQUARE,MALE,1390,,,SYS166413,,1390,FREE,SYS166413,OB 9886P - OMBRA - Male - C4 - 54 - Sunglass - Square - Sheet,0,1,1,WIDTH_INC,0,9,8,12,10
Varanasi Mahmoorganj,NORTH,OMBRA,SUNGLASS,SHEET|FULL|SQUARE,MALE,1390,,,SYS166414,,1390,FREE,SYS166414,OB 8847P - OMBRA - Male - C1 - 50 - Sunglass - Square - Sheet,0,1,1,WIDTH_INC,0,9,7,12,10
LAJPAT NAGAR,NORTH,PRADA,FRAME,SHEET|FULL|CAT EYE,FEMALE,21190,,,SYS168951,,21190,FREE,SYS168951,PR 19WV - Prada - Female - 01K1O1 - 53 - Full Frame - Cat Eye - Sheet,0,1,1,WIDTH_INC,0,3,0,3,0
LAJPAT NAGAR,NORTH,EMPORIO ARMANI,FRAME,SHEET|FULL|RECTANGLE,MALE,12490,,,SYS168949,,12490,FREE,SYS168949,EA3280U - Emporio Armani - Male - 6372 - 53 - Full Frame - Rectangle - Sheet,0,1,1,WIDTH_INC,0,2,0,3,0
Agra Ashoka Plaza,NORTH,AVANTA,FRAME,TR|FULL|ROUND,UNISEX,790,,,SYS106734,,790,FREE,SYS106734,AV TR9903 - Avanta - Unisex - White - 48 - Full Frame - Round - TR,0,1,1,WIDTH_INC,0,1,0,30,0
Noida Sec 50,NORTH,BURBERRY,FRAME,SHEET|FULL|CAT EYE,FEMALE,20490,,,SYS168945,,20490,FREE,SYS168945,BE2458 - Burberry - Female - 3002 - 52 - Full Frame - Cat Eye - Sheet,0,1,1,WIDTH_INC,0,2,0,9,6
Noida Sec 50,NORTH,BURBERRY,FRAME,SHEET|FULL|CAT EYE,FEMALE,20490,,,SYS168946,,20490,FREE,SYS168946,BE2458 - Burberry - Female - 4119 - 52 - Full Frame - Cat Eye - Sheet,0,1,1,WIDTH_INC,0,2,0,9,6
Noida Sec 50,NORTH,BURBERRY,FRAME,SHEET|FULL|CAT EYE,FEMALE,20490,,,SYS168947,,20490,FREE,SYS168947,BE2458 - Burberry - Female - 4222 - 52 - Full Frame - Cat Eye - Sheet,0,1,1,WIDTH_INC,0,2,0,9,6
Noida Sec 50,NORTH,PRADA,FRAME,SHEET|FULL|CAT EYE,FEMALE,21190,,,SYS168951,,21190,FREE,SYS168951,PR 19WV - Prada - Female - 01K1O1 - 53 - Full Frame - Cat Eye - Sheet,0,1,1,WIDTH_INC,0,3,0,8,4
Noida Sec 50,NORTH,PRADA,FRAME,SHEET|FULL|RECTANGLE,FEMALE,29590,,,SYS168952,,29590,FREE,SYS168952,PR D04V - Prada - Female - 16K1O1 - 54 - Full Frame - Rectangle - Sheet,0,1,1,WIDTH_INC,0,3,1,8,4
Noida Sec 50,NORTH,RAYBAN,FRAME,SHEET|FULL|SQUARE,UNISEX,8290,,,SYS168913,,8290,FREE,SYS168913,RX5451 - Rayban - Unisex - 2012 - 50 - Full Frame - Square - Sheet,0,1,1,WIDTH_INC,0,2,0,6,4
Noida Sec 50,NORTH,AVANTA KIDS,FRAME,TR|FULL|ROUND,KIDS,790,,,SYS168313,,790,FREE,SYS168313,AV 95008 - Avanta Kids - Kids - Purple - 43 - Full Frame - Round - TR,0,1,1,WIDTH_INC,0,6,0,4,0
Noida Sec 50,NORTH,AVANTA KIDS,FRAME,TR|FULL|ROUND,KIDS,790,,,SYS168311,,790,FREE,SYS168311,AV 95008 - Avanta Kids - Kids - Yellow - 43 - Full Frame - Round - TR,0,1,1,WIDTH_INC,0,6,0,4,0
Dombivli (East) Laxmi Eye,WEST,ADMYRA,FRAME,SHEET|FULL|RECTANGLE,MALE,2490,,,SYS67856,,2490,FREE,SYS67856,AM 039 - Admyra - Male - Black - 51 - Full Frame - Rectangle - Sheet,0,1,1,WIDTH_INC,0,103,53,4,0
Noida Sec 50,NORTH,AVANTA KIDS,FRAME,TR|FULL|ROUND,KIDS,890,,,SYS168241,,890,FREE,SYS168241,AV 83009 - Avanta Kids - Kids - Black - 44 - Full Frame - Round - TR,0,1,1,WIDTH_INC,0,6,0,4,0
Jabalpur Napier Town,SOUTH,ADMYRA,FRAME,SHEET|FULL|SQUARE,MALE,2490,,,SYS67555,,2490,FREE,SYS67555,AM 001 - Admyra - Male - Black - 53 - Full Frame - Square - Sheet,0,1,1,WIDTH_INC,0,132,84,2,0
Jabalpur Napier Town,SOUTH,AVANTA,FRAME,SHEET|FULL|CAT EYE,FEMALE,1490,,,SYS67553,,1490,FREE,SYS67553,AV 022 - Avanta - Female - Wine - 52 - Full Frame - Cat Eye - Sheet,0,1,1,WIDTH_INC,0,1,0,59,0
Panvel Laxmi Eye,WEST,AVANTA,FRAME,TR|FULL|RECTANGLE,MALE,890,,,SYS166800,,890,FREE,SYS166800,AV 270812 - Avanta - Male - Black - 50 - Full Frame - Rectangle - TR,0,1,1,WIDTH_INC,0,20,0,37,0
Vijayawada Mogalrajpuram,SOUTH,AVANTA,FRAME,METAL|FULL|SQUARE,UNISEX,1090,,,SYS112962,,1090,FREE,SYS112962,AV 77009 - Avanta - Unisex - Gun/Yellow - 48 - Full Frame - Square - Metal,0,1,1,WIDTH_INC,0,1,0,38,0
LAJPAT NAGAR,NORTH,AVANTA,FRAME,TR|FULL|CAT EYE,FEMALE,890,,,SYS168095,,890,FREE,SYS168095,AV 8025 - Avanta - Female - Black - 47 - Full Frame - Cat Eye - TR,0,1,1,WIDTH_INC,0,9,0,14,0
Indirapuram Shakti Khand Eros Market,NORTH,AVANTA,FRAME,TR|FULL|SQUARE,MALE,990,,,SYS166960,,990,FREE,SYS166960,AV TB6041 - Avanta - Male - C1/6 - 51 - Full Frame - Square - TR,0,1,1,WIDTH_INC,0,14,0,32,0
Jhunjhunu Indra Nagar,WEST,AVANTA,FRAME,SHEET|FULL|SQUARE,MALE,1190,,,SYS162647,,1190,FREE,SYS162647,AV 0063 - Avanta - Male - Trans/Blue - 51 - Full Frame - Square - Sheet,0,1,1,WIDTH_INC,0,43,42,149,0
Jhunjhunu Indra Nagar,WEST,AVANTA,FRAME,SHEET|FULL|SQUARE,MALE,1190,,,SYS162645,,1190,FREE,SYS162645,AV 0063 - Avanta - Male - Black - 51 - Full Frame - Square - Sheet,0,1,1,WIDTH_INC,0,104,103,149,0
Panvel Laxmi Eye,WEST,AVANTA,FRAME,TR|FULL|RECTANGLE,MALE,990,,,SYS166956,,990,FREE,SYS166956,AV TB6034 - Avanta - Male - C6 - 51 - Full Frame - Rectangle - TR,0,1,1,WIDTH_INC,0,11,0,37,0
Indirapuram Shakti Khand Eros Market,NORTH,AVANTA,FRAME,TR|FULL|ROUND,UNISEX,990,,,SYS167109,,990,FREE,SYS167109,AV 250986 - Avanta - Unisex - C1 - 48 - Full Frame - Round - TR,0,1,1,WIDTH_INC,0,9,0,32,0
Noida Spectrum Mall,NORTH,AVANTA,FRAME,METAL|SUPRA|RECTANGLE,MALE,790,,,SYS168387,,790,FREE,SYS168387,AV ZXA42005 - Avanta - Male - Gun - 49 - Supra - Rectangle - Metal,0,1,1,WIDTH_INC,0,24,10,15,0
Palwal New Colony,NORTH,AVANTA,FRAME,METAL|FULL|SQUARE,MALE,1190,,,SYS164724,,1190,FREE,SYS164724,AV PB005 - Avanta - Male - Black - 52 - Full Frame - Square - Metal,0,1,1,WIDTH_INC,0,12,4,19,0
Kolkata Madhyamgram,EAST,OMBRA,SUNGLASS,SHEET|FULL|SQUARE,MALE,1190,,,SYS166437,,1190,FREE,SYS166437,OB 6247P - OMBRA - Male - C2 - 50 - Sunglass - Square - Sheet,0,1,1,WIDTH_INC,0,10,9,7,1
Kolkata Madhyamgram,EAST,OMBRA,SUNGLASS,TR|FULL|SQUARE,UNISEX,1190,,,SYS166395,,1190,FREE,SYS166395,OB TR9903 - OMBRA - Unisex - C4 - 52 - Sunglass - Square - TR,0,1,1,WIDTH_INC,0,14,10,7,1
Kolkata Madhyamgram,EAST,AVANTA KIDS,FRAME,TR|FULL|ROUND,KIDS,990,,,SYS120826,,990,FREE,SYS120826,AV TR11532 - Avanta Kids - Kids - Trans/Blue - 47 - Full Frame - Round - TR,0,1,1,WIDTH_INC,0,1,0,8,0
Delhi Preet Vihar Vikas Marg,NORTH,VOGUE,FRAME,METAL|RIMLESS|RECTANGLE,MALE,4590,,,SYS117330,,4590,FREE,SYS117330,VO4314I - Vogue - Male - 5152 - 53 - Rimless - Rectangle - Metal,0,1,1,WIDTH_INC,0,1,0,5,3
Jhunjhunu Indra Nagar,WEST,AVANTA,FRAME,METAL|HALF|RECTANGLE,FEMALE,790,,,SYS162987,,790,FREE,SYS162987,AV 202538 - Avanta - Female - Gun - 48 - Half Frame - Rectangle - Metal,0,1,1,WIDTH_INC,0,1,0,149,0
Jhunjhunu Indra Nagar,WEST,AVANTA,FRAME,METAL|HALF|RECTANGLE,FEMALE,790,,,SYS162990,,790,FREE,SYS162990,AV 202538 - Avanta - Female - Purple - 48 - Half Frame - Rectangle - Metal,0,1,1,WIDTH_INC,0,1,0,149,0
Jhunjhunu Indra Nagar,WEST,AVANTA,FRAME,METAL|HALF|RECTANGLE,FEMALE,790,,,SYS162971,,790,FREE,SYS162971,AV 202536 - Avanta - Female - Purple - 49 - Half Frame - Rectangle - Metal,0,1,1,WIDTH_INC,0,1,0,149,0
Guwahati Bhangagarh,NORTH,AVANTA,FRAME,SHEET|FULL|RECTANGLE,MALE,1190,,,SYS158378,,1190,FREE,SYS158378,AV 0061 - Avanta - Male - Black - 53 - Full Frame - Rectangle - Sheet,0,1,1,WIDTH_INC,0,143,113,5,0
Kolkata Madhyamgram,EAST,OMBRA,SUNGLASS,SHEET|FULL|SQUARE,UNISEX,1590,,,SYS166499,,1590,FREE,SYS166499,OB 9864 - OMBRA - Unisex - C4 - 53 - Sunglass - Square - Sheet,0,1,1,WIDTH_INC,0,12,5,7,1
Guwahati Bhangagarh,NORTH,AVANTA,FRAME,SHEET|FULL|CAT EYE,FEMALE,1190,,,SYS158410,,1190,FREE,SYS158410,AV 0072HD - Avanta - Female - Purple - 51 - Full Frame - Cat Eye - Sheet,0,1,1,WIDTH_INC,0,60,41,5,0
Indirapuram Shakti Khand Eros Market,NORTH,TOMMY HILFIGER,FRAME,METAL|RIMLESS|SQUARE,MALE,7990,,,SYS121690,,7990,FREE,SYS121690,TH 6328 - Tommy Hilfiger - Male - C6 - 54 - Rimless - Square - Metal,0,1,1,WIDTH_INC,0,1,0,4,2
Mohali Sector 62,NORTH,GUCCI,SUNGLASS,SHEET|FULL|WAYFARER,MALE,20700,,,SYS144532,,20700,FREE,SYS144532,GG1868S - Gucci - Male - 002 - 53 - Sunglass - Wayfarer - Sheet,0,1,1,WIDTH_INC,0,1,0,4,0
Mohali Sector 62,NORTH,GUCCI,SUNGLASS,SHEET|FULL|CAT EYE,FEMALE,23000,,,SYS144526,,23000,FREE,SYS144526,GG1861S - Gucci - Female - 001 - 53 - Sunglass - Cat Eye - Sheet,0,1,1,WIDTH_INC,0,2,1,4,0
LAJPAT NAGAR,NORTH,EMPORIO ARMANI,FRAME,METAL|FULL|RECTANGLE,MALE,13390,,,SYS168922,,13390,FREE,SYS168922,EA1183 - Emporio Armani - Male - 3431 - 54 - Full Frame - Rectangle - Metal,0,1,1,WIDTH_INC,0,2,0,3,0
LAJPAT NAGAR,NORTH,EMPORIO ARMANI,FRAME,METAL|FULL|RECTANGLE,MALE,13390,,,SYS168974,,13390,FREE,SYS168974,EA1183 - Emporio Armani - Male - 3001 - 54 - Full Frame - Rectangle - Metal,0,1,1,WIDTH_INC,0,2,0,3,0
LAJPAT NAGAR,NORTH,PRADA,FRAME,SHEET|FULL|CAT EYE,FEMALE,21190,,,SYS168918,,21190,FREE,SYS168918,PR 19WV - Prada - Female - 03K1O1 - 53 - Full Frame - Cat Eye - Sheet,0,1,1,WIDTH_INC,0,3,0,3,0
Agra Ashoka Plaza,NORTH,STEPPER,FRAME,TITANIUM|HALF|RECTANGLE,MALE,7480,,,SYS106063,,7480,FREE,SYS106063,SI/4105 - Stepper - Male - F010 - 51 - Half Frame - Rectangle - Titanium,0,1,1,WIDTH_INC,0,1,0,2,0
Kolkata Madhyamgram,EAST,OMBRA,SUNGLASS,TR|FULL|SQUARE,UNISEX,1190,,,SYS166374,,1190,FREE,SYS166374,OB TR9901 - OMBRA - Unisex - C1 - 53 - Sunglass - Square - TR,0,1,1,WIDTH_INC,0,13,11,7,1
Kolkata Madhyamgram,EAST,OMBRA,SUNGLASS,SHEET|FULL|SQUARE,MALE,1190,,,SYS166360,,1190,FREE,SYS166360,OB 66528 - OMBRA - Male - C9 - 54 - Sunglass - Square - Sheet,0,1,1,WIDTH_INC,0,12,3,7,1
Kolkata Madhyamgram,EAST,OMBRA,SUNGLASS,SHEET|FULL|SQUARE,MALE,1190,,,SYS166358,,1190,FREE,SYS166358,OB 66528 - OMBRA - Male - C2 - 54 - Sunglass - Square - Sheet,0,1,1,WIDTH_INC,0,12,9,7,1
Bhubneshwar Nayapalli,EAST,AVANTA,FRAME,SHEET|FULL|SQUARE,MALE,1190,,,SYS162649,,1190,FREE,SYS162649,AV 0063 - Avanta - Male - Trans/Grey - 51 - Full Frame - Square - Sheet,0,1,1,WIDTH_INC,0,267,247,9,0
Ghaziabad Nehru Nagar,NORTH,ADMYRA,FRAME,SHEET|FULL|CAT EYE,FEMALE,2790,,,SYS162315,,2790,FREE,SYS162315,AM 0132 - Admyra - Female - Green - 52 - Full Frame - Cat Eye - Sheet,0,1,1,WIDTH_INC,0,45,42,17,5
Ghaziabad Nehru Nagar,NORTH,ADMYRA,FRAME,SHEET|FULL|CAT EYE,FEMALE,2790,,,SYS162310,,2790,FREE,SYS162310,AM 0131 - Admyra - Female - Trans/Blue - 51 - Full Frame - Cat Eye - Sheet,0,1,1,WIDTH_INC,0,49,19,17,5
Ghaziabad Nehru Nagar,NORTH,ADMYRA,FRAME,SHEET|FULL|CAT EYE,FEMALE,2790,,,SYS162309,,2790,FREE,SYS162309,AM 0131 - Admyra - Female - D/Green - 51 - Full Frame - Cat Eye - Sheet,0,1,1,WIDTH_INC,0,50,38,17,5
Ghaziabad Nehru Nagar,NORTH,ADMYRA,FRAME,SHEET|FULL|CAT EYE,FEMALE,2790,,,SYS162320,,2790,FREE,SYS162320,AM 0133 - Admyra - Female - D/Burgundy - 53 - Full Frame - Cat Eye - Sheet,0,1,1,WIDTH_INC,0,44,39,17,5
Panvel Laxmi Eye,WEST,AVANTA,FRAME,TR|FULL|CAT EYE,FEMALE,790,,,SYS168056,,790,FREE,SYS168056,AV 270814 - Avanta - Female - Black - 48 - Full Frame - Cat Eye - TR,0,1,1,WIDTH_INC,0,4,0,37,0
Panvel Laxmi Eye,WEST,AVANTA,FRAME,TR|FULL|CAT EYE,FEMALE,890,,,SYS168103,,890,FREE,SYS168103,AV 8019 - Avanta - Female - Black - 51 - Full Frame - Cat Eye - TR,0,1,1,WIDTH_INC,0,9,0,37,0
Panvel Laxmi Eye,WEST,AVANTA,FRAME,TR|FULL|RECTANGLE,MALE,690,,,SYS168016,,690,FREE,SYS168016,AV T018 - Avanta - Male - Black - 51 - Full Frame - Rectangle - TR,0,1,1,WIDTH_INC,0,8,0,37,0
LAJPAT NAGAR,NORTH,AVANTA KIDS,FRAME,TR|FULL|ROUND,KIDS,790,,,SYS168320,,790,FREE,SYS168320,AV 95008 - Avanta Kids - Kids - Grey/Pink - 43 - Full Frame - Round - TR,0,1,1,WIDTH_INC,0,6,0,4,0
LAJPAT NAGAR,NORTH,AVANTA KIDS,FRAME,TR|FULL|RECTANGLE,KIDS,790,,,SYS168337,,790,FREE,SYS168337,AV 95007 - Avanta Kids - Kids - Brown - 45 - Full Frame - Rectangle - TR,0,1,1,WIDTH_INC,0,6,0,4,0
LAJPAT NAGAR,NORTH,AVANTA KIDS,FRAME,TR|FULL|SQUARE,KIDS,790,,,SYS168284,,790,FREE,SYS168284,AV 95001 - Avanta Kids - Kids - Trans/Grey - 43 - Full Frame - Square - TR,0,1,1,WIDTH_INC,0,7,1,4,0
Kharghar Laxmi Eye,WEST,AVANTA,FRAME,METAL|SUPRA|RECTANGLE,MALE,690,,,SYS144075,,690,FREE,SYS144075,AV X8282 - Avanta - Male - Purple - 48 - Supra - Rectangle - Metal,0,1,1,WIDTH_INC,0,1,0,11,0
Panvel Laxmi Eye,WEST,AVANTA,FRAME,TR|FULL|SQUARE,UNISEX,790,,,SYS166716,,790,FREE,SYS166716,AV 77081 - Avanta - Unisex - Blk/Brown - 48 - Full Frame - Square - TR,0,1,1,WIDTH_INC,0,4,0,37,0
LAJPAT NAGAR,NORTH,AVANTA,FRAME,TR|FULL|CAT EYE,FEMALE,990,,,SYS168001,,990,FREE,SYS168001,AV 9952213 - Avanta - Female - Trans/Purple - 51 - Full Frame - Cat Eye - TR,0,1,1,WIDTH_INC,0,6,0,14,0
LAJPAT NAGAR,NORTH,AVANTA,FRAME,TR|FULL|SQUARE,MALE,890,,,SYS167925,,890,FREE,SYS167925,AV 202534 - Avanta - Male - Black - 53 - Full Frame - Square - TR,0,1,1,WIDTH_INC,0,7,0,14,0
Panvel Laxmi Eye,WEST,AVANTA,FRAME,SHEET|FULL|CAT EYE,FEMALE,1490,,,SYS121573,,1490,FREE,SYS121573,AV 0043 - Avanta - Female - Wine - 53 - Full Frame - Cat Eye - Sheet,0,1,1,WIDTH_INC,0,1,0,37,0
Indirapuram Shakti Khand Eros Market,NORTH,AVANTA,FRAME,TR|FULL|CAT EYE,FEMALE,990,,,SYS168001,,990,FREE,SYS168001,AV 9952213 - Avanta - Female - Trans/Purple - 51 - Full Frame - Cat Eye - TR,0,1,1,WIDTH_INC,0,6,0,32,0
Ghaziabad Nehru Nagar,NORTH,ADMYRA,FRAME,SHEET|FULL|RECTANGLE,MALE,2490,,,SYS67858,,2490,FREE,SYS67858,AM 039 - Admyra - Male - D/Grey - 51 - Full Frame - Rectangle - Sheet,0,1,1,WIDTH_INC,0,74,53,17,5
Ghaziabad Nehru Nagar,NORTH,ADMYRA,FRAME,SHEET|FULL|RECTANGLE,MALE,2490,,,SYS67857,,2490,FREE,SYS67857,AM 039 - Admyra - Male - D/Brown - 51 - Full Frame - Rectangle - Sheet,0,1,1,WIDTH_INC,0,48,34,17,5
Ghaziabad Nehru Nagar,NORTH,ADMYRA,FRAME,SHEET|FULL|RECTANGLE,MALE,2490,,,SYS67860,,2490,FREE,SYS67860,AM 039 - Admyra - Male - MT.Blue - 51 - Full Frame - Rectangle - Sheet,0,1,1,WIDTH_INC,0,106,69,17,5
Jhunjhunu Indra Nagar,WEST,ADMYRA,FRAME,SHEET|FULL|CAT EYE,FEMALE,2790,,,SYS162316,,2790,FREE,SYS162316,AM 0133 - Admyra - Female - Black - 53 - Full Frame - Cat Eye - Sheet,0,1,1,WIDTH_INC,0,49,19,10,3
Jhunjhunu Indra Nagar,WEST,AVANTA,FRAME,TR|FULL|CAT EYE,FEMALE,990,,,SYS162222,,990,FREE,SYS162222,AV 132008 - Avanta - Female - Black - 51 - Full Frame - Cat Eye - TR,0,1,1,WIDTH_INC,0,7,0,149,0
Jhunjhunu Indra Nagar,WEST,AVANTA,FRAME,TR|FULL|CAT EYE,FEMALE,990,,,SYS162221,,990,FREE,SYS162221,AV 132008 - Avanta - Female - Green - 51 - Full Frame - Cat Eye - TR,0,1,1,WIDTH_INC,0,6,0,149,0
Panvel Laxmi Eye,WEST,AVANTA,FRAME,METAL|FULL|ROUND,FEMALE,990,,,SYS167388,,990,FREE,SYS167388,AV 527339 - Avanta - Female - Silver - 50 - Full Frame - Round - Metal,0,1,1,WIDTH_INC,0,7,0,37,0
Indirapuram Shakti Khand Eros Market,NORTH,AVANTA,FRAME,TR|FULL|CAT EYE,FEMALE,890,,,SYS168095,,890,FREE,SYS168095,AV 8025 - Avanta - Female - Black - 47 - Full Frame - Cat Eye - TR,0,1,1,WIDTH_INC,0,9,0,32,0
Noida Spectrum Mall,NORTH,AVANTA KIDS,FRAME,TR|FULL|SQUARE,KIDS,790,,,SYS168299,,790,FREE,SYS168299,AV 95005 - Avanta Kids - Kids - MT.Blue - 45 - Full Frame - Square - TR,0,1,1,WIDTH_INC,0,10,0,4,0
Indirapuram Shakti Khand Eros Market,NORTH,AVANTA,FRAME,TR|FULL|RECTANGLE,MALE,690,,,SYS168026,,690,FREE,SYS168026,AV T018 - Avanta - Male - Trans/Grey - 51 - Full Frame - Rectangle - TR,0,1,1,WIDTH_INC,0,7,1,32,0
Noida Spectrum Mall,NORTH,AVANTA KIDS,FRAME,TR|FULL|ROUND,KIDS,790,,,SYS168320,,790,FREE,SYS168320,AV 95008 - Avanta Kids - Kids - Grey/Pink - 43 - Full Frame - Round - TR,0,1,1,WIDTH_INC,0,6,0,4,0
Noida GaurCity,NORTH,AVANTA KIDS,FRAME,PEDIATRIC|FULL|RECTANGLE,KIDS,1690,,,SYS114635,,1690,FREE,SYS114635,AV TR803 - Avanta Kids - Kids - C1 - 47 - Full Frame - Rectangle - Pediatric,0,1,1,WIDTH_INC,0,6,0,1,0
Siliguri Sevoke Road,WEST,AVANTA,FRAME,SHEET|FULL|HEXAGON,MALE,1190,,,SYS144609,,1190,FREE,SYS144609,AV 0055 - Avanta - Male - Black - 51 - Full Frame - Hexagon - Sheet,0,1,1,WIDTH_INC,0,2,0,20,0
Indirapuram Shakti Khand Eros Market,NORTH,AVANTA KIDS,FRAME,TR|FULL|SQUARE,KIDS,790,,,SYS168277,,790,FREE,SYS168277,AV 95001 - Avanta Kids - Kids - MT/D/Green - 43 - Full Frame - Square - TR,0,1,1,WIDTH_INC,0,7,2,14,0
Indirapuram Shakti Khand Eros Market,NORTH,AVANTA KIDS,FRAME,TR|FULL|RECTANGLE,KIDS,890,,,SYS168259,,890,FREE,SYS168259,AV 83005 - Avanta Kids - Kids - White - 46 - Full Frame - Rectangle - TR,0,1,1,WIDTH_INC,0,6,4,14,0
Faridabad Sec 16A,NORTH,AVANTA,FRAME,METAL|FULL|SQUARE,MALE,790,,,SYS168774,,790,FREE,SYS168774,AV 8253205 - Avanta - Male - Silver - 48 - Full Frame - Square - Metal,0,1,1,WIDTH_INC,0,11,2,23,0
Panvel Laxmi Eye,WEST,AVANTA,FRAME,METAL|SUPRA|RECTANGLE,MALE,890,,,SYS167431,,890,FREE,SYS167431,AV 825073 - Avanta - Male - Black - 49 - Supra - Rectangle - Metal,0,1,1,WIDTH_INC,0,12,0,37,0
Bhopal Hoshangabad Road,WEST,STEPPER,FRAME,TITANIUM|HALF|RECTANGLE,MALE,7480,,,SYS106071,,7480,FREE,SYS106071,SI/4105 - Stepper - Male - F010 - 53 - Half Frame - Rectangle - Titanium,0,1,1,WIDTH_INC,0,1,0,1,0
Jaipur Malviya Nagar,WEST,STEPPER,FRAME,TITANIUM|FULL|SQUARE,MALE,10780,,,SYS162000,,10780,FREE,SYS162000,SI/60311 - Stepper - Male - F029 - 53 - Full Frame - Square -Titanium,0,1,1,WIDTH_INC,0,1,0,3,0
Indirapuram Shakti Khand Eros Market,NORTH,AVANTA KIDS,FRAME,TR|FULL|ROUND,KIDS,790,,,SYS168311,,790,FREE,SYS168311,AV 95008 - Avanta Kids - Kids - Yellow - 43 - Full Frame - Round - TR,0,1,1,WIDTH_INC,0,6,0,14,0
Indirapuram Shakti Khand Eros Market,NORTH,AVANTA KIDS,FRAME,TR|FULL|ROUND,KIDS,790,,,SYS168317,,790,FREE,SYS168317,AV 95008 - Avanta Kids - Kids - Trans/Pink - 43 - Full Frame - Round - TR,0,1,1,WIDTH_INC,0,6,0,14,0
Indirapuram Shakti Khand Eros Market,NORTH,AVANTA KIDS,FRAME,TR|FULL|SQUARE,KIDS,790,,,SYS168299,,790,FREE,SYS168299,AV 95005 - Avanta Kids - Kids - MT.Blue - 45 - Full Frame - Square - TR,0,1,1,WIDTH_INC,0,10,0,14,0
Hyderabad Hayathnagar,SOUTH,AVANTA,FRAME,METAL|FULL|RECTANGLE,MALE,790,,,SYS168380,,790,FREE,SYS168380,AV ZXA42009 - Avanta - Male - Gun - 49 - Full Frame - Rectangle - Metal,0,1,1,WIDTH_INC,0,24,6,13,0
Indirapuram Shakti Khand Eros Market,NORTH,AVANTA KIDS,FRAME,TR|FULL|RECTANGLE,KIDS,790,,,SYS168339,,790,FREE,SYS168339,AV 95007 - Avanta Kids - Kids - Trans/Pink - 45 - Full Frame - Rectangle - TR,0,1,1,WIDTH_INC,0,6,0,14,0
Nashik Navkar Eye,WEST,AVANTA,FRAME,SHEET|FULL|ROUND,UNISEX,1190,,,SYS158417,,1190,FREE,SYS158417,AV 0068HD - Avanta - Unisex - Trans/Purple - 48 - Full Frame - Round - Sheet,0,1,1,WIDTH_INC,0,55,39,12,0
Nashik Navkar Eye,WEST,AVANTA,FRAME,SHEET|FULL|RECTANGLE,MALE,1190,,,SYS158432,,1190,FREE,SYS158432,AV 0063 - Avanta - Male - Trans/Brown - 51 - Full Frame - Rectangle - Sheet,0,1,1,WIDTH_INC,0,115,106,12,0
Indirapuram Shakti Khand Eros Market,NORTH,AVANTA KIDS,FRAME,TR|FULL|CAT EYE,KIDS,790,,,SYS168367,,790,FREE,SYS168367,AV 95010 - Avanta Kids - Kids - Trans/Purple - 46 - Full Frame - Cat Eye - TR,0,1,1,WIDTH_INC,0,6,0,14,0
Indirapuram Shakti Khand Eros Market,NORTH,AVANTA KIDS,FRAME,TR|FULL|CAT EYE,KIDS,790,,,SYS168368,,790,FREE,SYS168368,AV 95010 - Avanta Kids - Kids - D/Purple - 46 - Full Frame - Cat Eye - TR,0,1,1,WIDTH_INC,0,7,0,14,0
Nashik Navkar Eye,WEST,AVANTA,FRAME,SHEET|FULL|SQUARE,MALE,1190,,,SYS158368,,1190,FREE,SYS158368,AV 0064 - Avanta - Male - Black - 54 - Full Frame - Square - Sheet,0,1,1,WIDTH_INC,0,170,140,12,0
Hyderabad Hayathnagar,SOUTH,AVANTA,FRAME,METAL|SUPRA|RECTANGLE,MALE,790,,,SYS168394,,790,FREE,SYS168394,AV ZXA42003 - Avanta - Male - Gun - 48 - Supra - Rectangle - Metal,0,1,1,WIDTH_INC,0,24,0,13,0
Jhunjhunu Indra Nagar,WEST,AVANTA,FRAME,METAL|FULL|CAT EYE,FEMALE,690,,,SYS160650,,690,FREE,SYS160650,AV ST9802 - Avanta - Female - Purple - 51 - Full Frame - Cat Eye - Metal,0,1,1,WIDTH_INC,0,1,0,149,0
Jhunjhunu Indra Nagar,WEST,AVANTA,FRAME,METAL|HALF|CAT EYE,FEMALE,690,,,SYS160653,,690,FREE,SYS160653,AV ST9805 - Avanta - Female - Gun - 51 - Half Frame - Cat Eye - Metal,0,1,1,WIDTH_INC,0,1,0,149,0
Gurgaon Sec 29,NORTH,VOGUE,FRAME,SHEET|FULL|RECTANGLE,FEMALE,5590,,,SYS162420,,5590,FREE,SYS162420,VO5677 - Vogue - Female - W44 - 52 - Full Frame - Rectangle - Sheet,0,1,1,WIDTH_INC,0,1,0,2,0
Jhunjhunu Indra Nagar,WEST,AVANTA,FRAME,METAL|FULL|RECTANGLE,MALE,690,,,SYS160600,,690,FREE,SYS160600,AV 202432 - Avanta - Male - Gun - 49 - Full Frame - Rectangle - Metal,0,1,1,WIDTH_INC,0,12,9,149,0
Jhunjhunu Indra Nagar,WEST,AVANTA,FRAME,TR|FULL|CAT EYE,FEMALE,690,,,SYS160605,,690,FREE,SYS160605,AV 202433 - Avanta - Female - Black - 50 - Full Frame - Cat Eye - TR,0,1,1,WIDTH_INC,0,5,1,149,0
Noida MOI,NORTH,VOGUE JUNIOR,FRAME,SHEET|FULL|CAT EYE,KIDS,3890,,,SYS144740,,3890,FREE,SYS144740,VY2031 - Vogue Junior - Kids - 2613 - 50 - Full Frame - Cat Eye - Sheet,0,1,1,WIDTH_INC,0,1,0,9,5
Jhunjhunu Indra Nagar,WEST,AVANTA,FRAME,METAL|HALF|RECTANGLE,MALE,1190,,,SYS160626,,1190,FREE,SYS160626,AV 222561 - Avanta - Male - C1 - 52 - Half Frame - Rectangle - Metal,0,1,1,WIDTH_INC,0,2,0,149,0
Mohali Sector 62,NORTH,GUCCI,SUNGLASS,SHEET|FULL|RECTANGLE,MALE,14900,,,SYS144533,,14900,FREE,SYS144533,GG1857S - Gucci - Male - 001 - 55 - Sunglass - Rectangle - Sheet,0,1,1,WIDTH_INC,0,2,0,4,0
Jodhpur Sardarpura,WEST,AVANTA,FRAME,SHEET|FULL|CAT EYE,FEMALE,1190,,,SYS158411,,1190,FREE,SYS158411,AV 0072HD - Avanta - Female - Blue - 51 - Full Frame - Cat Eye - Sheet,0,1,1,WIDTH_INC,0,52,48,11,0
Faridabad Sec 16A,NORTH,AVANTA,FRAME,METAL|SUPRA|RECTANGLE,MALE,990,,,SYS168555,,990,FREE,SYS168555,AV 8825712 - Avanta - Male - Gun - 52 - Supra - Rectangle - Metal,0,1,1,WIDTH_INC,0,15,0,23,0
Gurgaon Sec 29,NORTH,VOGUE JUNIOR,FRAME,SHEET|FULL|OVAL,KIDS,2490,,,SYS75157,,2490,FREE,SYS75157,VY2011 - Vogue Junior - Kids - 2974 - 37 - Full Frame - Oval - Sheet,0,1,1,WIDTH_INC,0,7,0,6,0
Jodhpur Sardarpura,WEST,AVANTA,FRAME,SHEET|FULL|CAT EYE,FEMALE,1190,,,SYS158410,,1190,FREE,SYS158410,AV 0072HD - Avanta - Female - Purple - 51 - Full Frame - Cat Eye - Sheet,0,1,1,WIDTH_INC,0,60,41,11,0
Gurgaon Sec 29,NORTH,VOGUE JUNIOR,FRAME,SHEET|FULL|RECTANGLE,KIDS,3590,,,SYS162355,,3590,FREE,SYS162355,VY2042 - Vogue Junior - Kids - 2283 - 48 - Full Frame - Rectangle - Sheet,0,1,1,WIDTH_INC,0,1,0,6,0
Jodhpur Sardarpura,WEST,AVANTA,FRAME,SHEET|FULL|ROUND,UNISEX,1190,,,SYS158417,,1190,FREE,SYS158417,AV 0068HD - Avanta - Unisex - Trans/Purple - 48 - Full Frame - Round - Sheet,0,1,1,WIDTH_INC,0,55,39,11,0
Indirapuram Shakti Khand Eros Market,NORTH,EMPORIO ARMANI,FRAME,SHEET|FULL|CAT EYE,FEMALE,13390,,,SYS168924,,13390,FREE,SYS168924,EA3283BU - Emporio Armani - Female - 5017 - 51 - Full Frame - Cat Eye - Sheet,0,1,1,WIDTH_INC,0,2,1,3,2
Jodhpur Sardarpura,WEST,AVANTA,FRAME,SHEET|FULL|RECTANGLE,MALE,1190,,,SYS158378,,1190,FREE,SYS158378,AV 0061 - Avanta - Male - Black - 53 - Full Frame - Rectangle - Sheet,0,1,1,WIDTH_INC,0,143,113,11,0
Gurgaon Dhanak Basti New Railway Road,NORTH,AVANTA,FRAME,METAL|FULL|SQUARE,MALE,790,,,SYS168774,,790,FREE,SYS168774,AV 8253205 - Avanta - Male - Silver - 48 - Full Frame - Square - Metal,0,1,1,WIDTH_INC,0,11,2,17,0
Noida Spectrum Mall,NORTH,AVANTA,FRAME,TR|FULL|RECTANGLE,MALE,890,,,SYS166800,,890,FREE,SYS166800,AV 270812 - Avanta - Male - Black - 50 - Full Frame - Rectangle - TR,0,1,1,WIDTH_INC,0,20,0,15,0
Jhunjhunu Indra Nagar,WEST,AVANTA,FRAME,METAL|SUPRA|RECTANGLE,MALE,490,,,SYS160681,,490,FREE,SYS160681,AV 31010 - Avanta - Male - Gun - 51 - Supra - Rectangle - Metal,0,1,1,WIDTH_INC,0,10,0,149,0
Jhunjhunu Indra Nagar,WEST,AVANTA,FRAME,METAL|SUPRA|RECTANGLE,MALE,490,,,SYS160682,,490,FREE,SYS160682,AV 31010 - Avanta - Male - Black - 51 - Supra - Rectangle - Metal,0,1,1,WIDTH_INC,0,4,3,149,0
Jhunjhunu Indra Nagar,WEST,AVANTA,FRAME,METAL|SUPRA|RECTANGLE,MALE,490,,,SYS160684,,490,FREE,SYS160684,AV 31010 - Avanta - Male - Copper - 51 - Supra - Rectangle - Metal,0,1,1,WIDTH_INC,0,4,3,149,0
Guwahati Bhangagarh,NORTH,ADMYRA,FRAME,SHEET|FULL|SQUARE,MALE,2490,,,SYS67559,,2490,FREE,SYS67559,AM 001 - Admyra - Male - MT.Black - 53 - Full Frame - Square - Sheet,0,1,1,WIDTH_INC,0,61,44,28,16
Guwahati Bhangagarh,NORTH,ADMYRA,FRAME,SHEET|FULL|SQUARE,MALE,2490,,,SYS67558,,2490,FREE,SYS67558,AM 001 - Admyra - Male - Transparent - 53 - Full Frame - Square - Sheet,0,1,1,WIDTH_INC,0,84,54,28,16
Guwahati Bhangagarh,NORTH,ADMYRA,FRAME,SHEET|FULL|SQUARE,MALE,2490,,,SYS67557,,2490,FREE,SYS67557,AM 001 - Admyra - Male - D/Grey - 53 - Full Frame - Square - Sheet,0,1,1,WIDTH_INC,0,72,40,28,16
Guwahati Bhangagarh,NORTH,ADMYRA,FRAME,SHEET|FULL|SQUARE,MALE,2490,,,SYS67556,,2490,FREE,SYS67556,AM 001 - Admyra - Male - D/Brown - 53 - Full Frame - Square - Sheet,0,1,1,WIDTH_INC,0,56,49,28,16
Hyderabad Hayathnagar,SOUTH,AVANTA,FRAME,TR|FULL|SQUARE,MALE,690,,,SYS168626,,690,FREE,SYS168626,AV 701015 - Avanta - Male - MT.Blk - 53 - Full Frame - Square - TR,0,1,1,WIDTH_INC,0,18,10,13,0
Hyderabad Hayathnagar,SOUTH,AVANTA,FRAME,TR|FULL|ROUND,UNISEX,690,,,SYS168634,,690,FREE,SYS168634,AV 701017 - Avanta - Unisex - MT.Blk - 49 - Full Frame - Round - TR,0,1,1,WIDTH_INC,0,12,8,13,0
Delhi Dwarka Krishna Mall,NORTH,AVANTA,FRAME,SHEET|FULL|RECTANGLE,MALE,1190,,,SYS158378,,1190,FREE,SYS158378,AV 0061 - Avanta - Male - Black - 53 - Full Frame - Rectangle - Sheet,0,1,1,WIDTH_INC,0,143,113,2,0
Delhi Dwarka Krishna Mall,NORTH,AVANTA,FRAME,SHEET|FULL|SQUARE,MALE,1190,,,SYS158368,,1190,FREE,SYS158368,AV 0064 - Avanta - Male - Black - 54 - Full Frame - Square - Sheet,0,1,1,WIDTH_INC,0,170,140,2,0
Delhi Vikaspuri Najafgarh Road,NORTH,RAYBAN,FRAME,SHEET|FULL|RECTANGLE,UNISEX,4690,,,SYS12372,,4690,FREE,SYS12372,RX7128II - Rayban - Unisex - 2000 - 53 - Full Frame - Rectangle - Sheet,0,1,1,WIDTH_INC,0,4,0,7,6
Delhi Dwarka Sec 09,NORTH,FRENCH CONNECTION,FRAME,SHEET|FULL|RECTANGLE,MALE,4490,,,SYS111574,,4490,FREE,SYS111574,FC 8277 - French Connection - Male - C1 - 52 - Full Frame - Rectangle - Sheet,0,1,1,WIDTH_INC,0,1,0,23,20
Noida Spectrum Mall,NORTH,AVANTA,FRAME,TR|FULL|SQUARE,MALE,890,,,SYS167925,,890,FREE,SYS167925,AV 202534 - Avanta - Male - Black - 53 - Full Frame - Square - TR,0,1,1,WIDTH_INC,0,7,0,15,0
Noida Spectrum Mall,NORTH,AVANTA,FRAME,TR|FULL|CAT EYE,FEMALE,990,,,SYS168002,,990,FREE,SYS168002,AV 9952213 - Avanta - Female - Trans/Pink - 51 - Full Frame - Cat Eye - TR,0,1,1,WIDTH_INC,0,7,0,15,0
Delhi Dwarka Sec 09,NORTH,VOGUE JUNIOR,FRAME,SHEET|FULL|CAT EYE,KIDS,3190,,,SYS111547,,3190,FREE,SYS111547,VY2019 - Vogue Junior - Kids - 3064 - 48 - Full Frame - Cat Eye - Sheet,0,1,1,WIDTH_INC,0,2,0,5,0
Patna RPS Mod,NORTH,AVANTA,FRAME,TR|FULL|CAT EYE,FEMALE,790,,,SYS60536,,790,FREE,SYS60536,AV 8019 - Avanta - Female - Blk/Red - 51 - Full Frame - Cat Eye - TR,0,1,1,WIDTH_INC,0,3,0,24,0
Delhi Dwarka Sec 09,NORTH,VOGUE,FRAME,METAL|FULL|ROUND,FEMALE,5190,,,SYS111514,,5190,FREE,SYS111514,VO4280 - Vogue - Female - 323 - 50 - Full Frame - Round - Metal,0,1,1,WIDTH_INC,0,1,0,17,2
Delhi Dwarka Sec 09,NORTH,VOGUE,FRAME,SHEET|FULL|ROUND,UNISEX,2990,,,SYS111533,,2990,FREE,SYS111533,VO5546I - Vogue - Unisex - W44 - 50 - Full Frame - Round - Sheet,0,1,1,WIDTH_INC,0,1,0,17,2
Noida MOI,NORTH,TOMMY HILFIGER,SUNGLASS,SHEET|FULL|SQUARE,MALE,7990,,,SYS88565,,7990,FREE,SYS88565,TH 1576 - Tommy Hilfiger - Male - C2 - 54 - Sunglass - Square - Sheet,0,1,1,WIDTH_INC,0,1,0,7,2
Delhi Dwarka Sec 09,NORTH,RAYBAN,FRAME,METAL|FULL|CLUB MASTER,MALE,9390,,,SYS111493,,9390,FREE,SYS111493,RX5154 - Rayban - Male - 2000 - 53 - Full Frame - Club Master - Metal,0,1,1,WIDTH_INC,0,2,0,12,0
Panvel Laxmi Eye,WEST,AVANTA,FRAME,TR|FULL|SQUARE,MALE,990,,,SYS166960,,990,FREE,SYS166960,AV TB6041 - Avanta - Male - C1/6 - 51 - Full Frame - Square - TR,0,1,1,WIDTH_INC,0,14,0,37,0
Gurgaon Dhanak Basti New Railway Road,NORTH,AVANTA,FRAME,METAL|SUPRA|RECTANGLE,MALE,990,,,SYS168568,,990,FREE,SYS168568,AV 8825711 - Avanta - Male - Gun - 52 - Supra - Rectangle - Metal,0,1,1,WIDTH_INC,0,15,9,17,0
Jhunjhunu Indra Nagar,WEST,AVANTA,FRAME,METAL|FULL|SQUARE,UNISEX,990,,,SYS160550,,990,FREE,SYS160550,AV 18803 - Avanta - Unisex - Silver - 50 - Full Frame - Square - Metal,0,1,1,WIDTH_INC,0,1,0,149,0
Gurgaon Sec 29,NORTH,ADMYRA,FRAME,SHEET|FULL|CAT EYE,FEMALE,2790,,,SYS162316,,2790,FREE,SYS162316,AM 0133 - Admyra - Female - Black - 53 - Full Frame - Cat Eye - Sheet,0,1,1,WIDTH_INC,0,49,19,6,1
Jhunjhunu Indra Nagar,WEST,AVANTA,FRAME,METAL|FULL|OVAL,UNISEX,990,,,SYS160555,,990,FREE,SYS160555,AV 18821 - Avanta - Unisex - Gold/Blk - 49 - Full Frame - Oval - Metal,0,1,1,WIDTH_INC,0,1,0,149,0
Gurgaon Sec 29,NORTH,ADMYRA,FRAME,SHEET|FULL|CAT EYE,FEMALE,2790,,,SYS162310,,2790,FREE,SYS162310,AM 0131 - Admyra - Female - Trans/Blue - 51 - Full Frame - Cat Eye - Sheet,0,1,1,WIDTH_INC,0,49,19,6,1
Noida Spectrum Mall,NORTH,AVANTA,FRAME,TR|FULL|RECTANGLE,MALE,690,,,SYS168016,,690,FREE,SYS168016,AV T018 - Avanta - Male - Black - 51 - Full Frame - Rectangle - TR,0,1,1,WIDTH_INC,0,8,0,15,0
Gurgaon Sec 29,NORTH,VOGUE JUNIOR,FRAME,SHEET|FULL|RECTANGLE,KIDS,3690,,,SYS162030,,3690,FREE,SYS162030,VY2042 - Vogue Junior - Kids - 3197 - 46 - Full Frame - Rectangle - Sheet,0,1,1,WIDTH_INC,0,2,0,6,0
Gurgaon Sec 29,NORTH,VOGUE JUNIOR,FRAME,SHEET|FULL|RECTANGLE,KIDS,3690,,,SYS162031,,3690,FREE,SYS162031,VY2042 - Vogue Junior - Kids - W745 - 48 - Full Frame - Rectangle - Sheet,0,1,1,WIDTH_INC,0,2,0,6,0
Noida Spectrum Mall,NORTH,AVANTA,FRAME,TR|FULL|RECTANGLE,MALE,790,,,SYS168052,,790,FREE,SYS168052,AV 270805 - Avanta - Male - Black - 52 - Full Frame - Rectangle - TR,0,1,1,WIDTH_INC,0,9,0,15,0
Noida MOI,NORTH,RAYBAN,FRAME,METAL|FULL|SQUARE,MALE,5990,,,SYS144513,,5990,FREE,SYS144513,RX6542I - Rayban - Male - 3196 - 54 - Full Frame - Square - Metal,0,1,1,WIDTH_INC,0,2,0,11,0
Noida MOI,NORTH,RAYBAN,FRAME,SHEET|FULL|CAT EYE,FEMALE,6290,,,SYS144502,,6290,FREE,SYS144502,RX5444I - Rayban - Female - 8415 - 52 - Full Frame - Cat Eye - Sheet,0,1,1,WIDTH_INC,0,1,0,11,0
Navi Mumbai Nerul ( Shivam ),WEST,RAYBAN,FRAME,SHEET|FULL|RECTANGLE,MALE,8390,,,SYS168939,,8390,FREE,SYS168939,RX5435 - Rayban - Male - 8514 - 54 - Full Frame - Rectangle - Sheet,0,1,1,WIDTH_INC,0,2,0,6,3
Panvel Laxmi Eye,WEST,AVANTA,FRAME,TR|FULL|ROUND,UNISEX,990,,,SYS167143,,990,FREE,SYS167143,AV 250983 - Avanta - Unisex - C4 - 46 - Full Frame - Round - TR,0,1,1,WIDTH_INC,0,9,0,37,0
Ghaziabad RDC,NORTH,TOMMY HILFIGER,FRAME,TITANIUM|RIMLESS|RECTANGLE,MALE,9990,,,SYS105927,,9990,FREE,SYS105927,TH 6341T - Tommy Hilfiger - Male - C3 - 55 - Rimless - Rectangle - Titanium,0,1,1,WIDTH_INC,0,1,0,4,2
Indirapuram Shakti Khand Eros Market,NORTH,AVANTA,FRAME,METAL|FULL|HEXAGON,MALE,790,,,SYS168797,,790,FREE,SYS168797,AV 85003 - Avanta - Male - Black - 49 - Full Frame - Hexagon - Metal,0,1,1,WIDTH_INC,0,6,0,32,0
Indirapuram Shakti Khand Eros Market,NORTH,AVANTA,FRAME,METAL|FULL|HEXAGON,MALE,790,,,SYS168799,,790,FREE,SYS168799,AV 85003 - Avanta - Male - Silver - 49 - Full Frame - Hexagon - Metal,0,1,1,WIDTH_INC,0,5,0,32,0
Ghaziabad RDC,NORTH,AVANTA KIDS,FRAME,PEDIATRIC|FULL|RECTANGLE,KIDS,1690,,,SYS105984,,1690,FREE,SYS105984,AV TR688 - Avanta Kids - Kids - C1 - 43 - Full Frame - Rectangle - Pediatric,0,1,1,WIDTH_INC,0,5,0,7,0
Faridabad Sec 16A,NORTH,AVANTA,FRAME,METAL|SUPRA|RECTANGLE,MALE,790,,,SYS168394,,790,FREE,SYS168394,AV ZXA42003 - Avanta - Male - Gun - 48 - Supra - Rectangle - Metal,0,1,1,WIDTH_INC,0,24,0,23,0
Delhi Dwarka Sec 09,NORTH,EMPORIO ARMANI,FRAME,SHEET|FULL|RECTANGLE,MALE,12890,,,SYS107634,,12890,FREE,SYS107634,EA3233 - Emporio Armani - Male - 6103 - 56 - Full Frame - Rectangle - Sheet,0,1,1,WIDTH_INC,0,2,0,2,0
Siliguri Sevoke Road,WEST,AVANTA,FRAME,METAL|SUPRA|RECTANGLE,MALE,790,,,SYS168387,,790,FREE,SYS168387,AV ZXA42005 - Avanta - Male - Gun - 49 - Supra - Rectangle - Metal,0,1,1,WIDTH_INC,0,24,10,20,0
Dombivli (East) Laxmi Eye,WEST,ADMYRA,FRAME,SHEET|FULL|CAT EYE,FEMALE,2790,,,SYS162312,,2790,FREE,SYS162312,AM 0132 - Admyra - Female - D/Brown - 52 - Full Frame - Cat Eye - Sheet,0,1,1,WIDTH_INC,0,50,38,4,0
Dombivli (East) Laxmi Eye,WEST,ADMYRA,FRAME,SHEET|FULL|CAT EYE,FEMALE,2790,,,SYS162306,,2790,FREE,SYS162306,AM 0131 - Admyra - Female - Black - 51 - Full Frame - Cat Eye - Sheet,0,1,1,WIDTH_INC,0,47,41,4,0
Kanpur Mall Road,NORTH,AVANTA,FRAME,METAL|HALF|RECTANGLE,FEMALE,990,,,SYS163565,,990,FREE,SYS163565,AV 202438 - Avanta - Female - Copper/Gold - 48 - Half Frame - Rectangle - Metal,0,1,1,WIDTH_INC,0,9,4,33,0
Badlapur Kulgaon Drishti Eye,WEST,AVANTA,FRAME,TR|FULL|CAT EYE,FEMALE,990,,,SYS166990,,990,FREE,SYS166990,AV 250902 - Avanta - Female - Black - 47 - Full Frame - Cat Eye - TR,0,1,1,WIDTH_INC,0,7,0,10,0
Dombivli (East) Laxmi Eye,WEST,AVANTA,FRAME,TR|FULL|CAT EYE,FEMALE,990,,,SYS162221,,990,FREE,SYS162221,AV 132008 - Avanta - Female - Green - 51 - Full Frame - Cat Eye - TR,0,1,1,WIDTH_INC,0,6,0,7,0
Prayagraj Tashkent Marg,NORTH,ADMYRA,FRAME,SHEET|FULL|CAT EYE,FEMALE,2790,,,SYS162312,,2790,FREE,SYS162312,AM 0132 - Admyra - Female - D/Brown - 52 - Full Frame - Cat Eye - Sheet,0,1,1,WIDTH_INC,0,50,38,9,4
Prayagraj Tashkent Marg,NORTH,ADMYRA,FRAME,SHEET|FULL|CAT EYE,FEMALE,2790,,,SYS162310,,2790,FREE,SYS162310,AM 0131 - Admyra - Female - Trans/Blue - 51 - Full Frame - Cat Eye - Sheet,0,1,1,WIDTH_INC,0,49,19,9,4
Prayagraj Tashkent Marg,NORTH,ADMYRA,FRAME,SHEET|FULL|CAT EYE,FEMALE,2790,,,SYS162316,,2790,FREE,SYS162316,AM 0133 - Admyra - Female - Black - 53 - Full Frame - Cat Eye - Sheet,0,1,1,WIDTH_INC,0,49,19,9,4
Badlapur Kulgaon Drishti Eye,WEST,AVANTA,FRAME,TR|FULL|RECTANGLE,MALE,990,,,SYS167097,,990,FREE,SYS167097,AV 250984 - Avanta - Male - C1 - 48 - Full Frame - Rectangle - TR,0,1,1,WIDTH_INC,0,9,0,10,0
Kolkata AJC Bose Road,EAST,ADMYRA,FRAME,TR|FULL|SQUARE,MALE,2190,,,SYS163979,,2190,FREE,SYS163979,AM 9907 - Admyra - Male - C1 - 53 - Full Frame - Square - TR,0,1,1,WIDTH_INC,0,12,0,20,8
Badlapur Kulgaon Drishti Eye,WEST,AVANTA,FRAME,TR|FULL|ROUND,UNISEX,990,,,SYS167143,,990,FREE,SYS167143,AV 250983 - Avanta - Unisex - C4 - 46 - Full Frame - Round - TR,0,1,1,WIDTH_INC,0,9,0,10,0
Sikar Police Line Road I Max,WEST,AVANTA,FRAME,SHEET|FULL|ROUND,UNISEX,1190,,,SYS158416,,1190,FREE,SYS158416,AV 0068HD - Avanta - Unisex - D/Green - 48 - Full Frame - Round - Sheet,0,1,1,WIDTH_INC,0,17,10,29,0
Sikar Police Line Road I Max,WEST,AVANTA,FRAME,SHEET|FULL|ROUND,UNISEX,1190,,,SYS158417,,1190,FREE,SYS158417,AV 0068HD - Avanta - Unisex - Trans/Purple - 48 - Full Frame - Round - Sheet,0,1,1,WIDTH_INC,0,55,39,29,0
Sikar Police Line Road I Max,WEST,AVANTA,FRAME,SHEET|FULL|RECTANGLE,MALE,1190,,,SYS158378,,1190,FREE,SYS158378,AV 0061 - Avanta - Male - Black - 53 - Full Frame - Rectangle - Sheet,0,1,1,WIDTH_INC,0,143,113,29,0
Indirapuram Shakti Khand Eros Market,NORTH,AVANTA,FRAME,TR|FULL|RECTANGLE,UNISEX,990,,,SYS166902,,990,FREE,SYS166902,AV 81001 - Avanta - Unisex - MT.Blk - 50 - Full Frame - Rectangle - TR,0,1,1,WIDTH_INC,0,5,4,32,0
Gurgaon Sec 29,NORTH,VOGUE JUNIOR,FRAME,SHEET|FULL|OVAL,KIDS,2490,,,SYS68539,,2490,FREE,SYS68539,VY2011 - Vogue Junior - Kids - 2568 - 37 - Full Frame - Oval - Sheet,0,1,1,WIDTH_INC,0,3,0,6,0
Indirapuram Shakti Khand Eros Market,NORTH,AVANTA,FRAME,TR|FULL|RECTANGLE,MALE,990,,,SYS166952,,990,FREE,SYS166952,AV 50046 - Avanta - Male - C3 - 50 - Full Frame - Rectangle - TR,0,1,1,WIDTH_INC,0,10,0,32,0
Noida Sec 50,NORTH,STEPPER,FRAME,TITANIUM|HALF|RECTANGLE,MALE,7480,,,SYS78814,,7480,FREE,SYS78814,SI/4105 - Stepper - Male - F092 - 51 - Half Frame - Rectangle - Titanium,0,1,1,WIDTH_INC,0,2,0,3,0
Hyderabad Banjara Hills Dr Challa,SOUTH,FRENCH CONNECTION,FRAME,SHEET|FULL|RECTANGLE,MALE,3490,,,SYS75243,,3490,FREE,SYS75243,FC 9781 - French Connection - Male - C4 - 54 - Full Frame - Rectangle - Sheet,0,1,1,WIDTH_INC,0,9,0,2,1
Nashik Navkar Eye,WEST,AVANTA,FRAME,METAL|RIMLESS|SQUARE,MALE,1190,,,SYS159050,,1190,FREE,SYS159050,AV 210225 - Avanta - Male - C6 - 53 - Rimless - Square - Metal,0,1,1,WIDTH_INC,0,1,0,12,0
Ahemdabad CG Road,WEST,ADMYRA,FRAME,SHEET|FULL|RECTANGLE,MALE,2490,,,SYS67858,,2490,FREE,SYS67858,AM 039 - Admyra - Male - D/Grey - 51 - Full Frame - Rectangle - Sheet,0,1,1,WIDTH_INC,0,74,53,13,3
Ahemdabad CG Road,WEST,ADMYRA,FRAME,SHEET|FULL|RECTANGLE,MALE,2490,,,SYS67857,,2490,FREE,SYS67857,AM 039 - Admyra - Male - D/Brown - 51 - Full Frame - Rectangle - Sheet,0,1,1,WIDTH_INC,0,48,34,13,3
Ahemdabad CG Road,WEST,ADMYRA,FRAME,SHEET|FULL|RECTANGLE,MALE,2490,,,SYS67860,,2490,FREE,SYS67860,AM 039 - Admyra - Male - MT.Blue - 51 - Full Frame - Rectangle - Sheet,0,1,1,WIDTH_INC,0,106,69,13,3
Ahemdabad CG Road,WEST,ADMYRA,FRAME,SHEET|FULL|RECTANGLE,MALE,2490,,,SYS67859,,2490,FREE,SYS67859,AM 039 - Admyra - Male - MT.Black - 51 - Full Frame - Rectangle - Sheet,0,1,1,WIDTH_INC,0,70,44,13,3
Ahemdabad CG Road,WEST,ADMYRA,FRAME,SHEET|FULL|RECTANGLE,MALE,2490,,,SYS67856,,2490,FREE,SYS67856,AM 039 - Admyra - Male - Black - 51 - Full Frame - Rectangle - Sheet,0,1,1,WIDTH_INC,0,103,53,13,3
Patiala Randhawa Eye,NORTH,ADMYRA,FRAME,METAL|FULL|ROUND,FEMALE,2190,,,SYS107568,,2190,FREE,SYS107568,AM SY1886 - Admyra - Female - C1 - 49 - Full Frame - Round - Metal,0,1,1,WIDTH_INC,0,1,0,16,2
Ahemdabad CG Road,WEST,ADMYRA,FRAME,SHEET|FULL|ROUND,UNISEX,2490,,,SYS67832,,2490,FREE,SYS67832,AM 024 - Admyra - Unisex - D/Brown - 48 - Full Frame - Round - Sheet,0,1,1,WIDTH_INC,0,1,0,13,3
Indirapuram Shakti Khand Eros Market,NORTH,AVANTA,FRAME,TR|FULL|RECTANGLE,MALE,890,,,SYS166800,,890,FREE,SYS166800,AV 270812 - Avanta - Male - Black - 50 - Full Frame - Rectangle - TR,0,1,1,WIDTH_INC,0,20,0,32,0
Hyderabad Kukatpally Nizampet X Roads,SOUTH,RAYBAN JUNIOR,FRAME,SHEET|FULL|RECTANGLE,KIDS,4490,,,SYS152666,,4490,FREE,SYS152666,RY1586 - Rayban Junior - Kids - 3832 - 49 - Full Frame - Rectangle - Sheet,0,1,1,WIDTH_INC,0,3,0,6,0
Hyderabad Kukatpally Nizampet X Roads,SOUTH,RAYBAN JUNIOR,FRAME,SHEET|FULL|RECTANGLE,KIDS,4490,,,SYS152664,,4490,FREE,SYS152664,RY1586 - Rayban Junior - Kids - 3776 - 47 - Full Frame - Rectangle - Sheet,0,1,1,WIDTH_INC,0,4,0,6,0
Jabalpur Napier Town,SOUTH,AVANTA,FRAME,SHEET|FULL|CAT EYE,FEMALE,1190,,,SYS158410,,1190,FREE,SYS158410,AV 0072HD - Avanta - Female - Purple - 51 - Full Frame - Cat Eye - Sheet,0,1,1,WIDTH_INC,0,60,41,59,0
Jabalpur Napier Town,SOUTH,AVANTA,FRAME,SHEET|FULL|SQUARE,MALE,1190,,,SYS158372,,1190,FREE,SYS158372,AV 0064 - Avanta - Male - Trans/Grey - 54 - Full Frame - Square - Sheet,0,1,1,WIDTH_INC,0,121,117,59,0
Jabalpur Napier Town,SOUTH,AVANTA,FRAME,SHEET|FULL|RECTANGLE,MALE,1190,,,SYS158378,,1190,FREE,SYS158378,AV 0061 - Avanta - Male - Black - 53 - Full Frame - Rectangle - Sheet,0,1,1,WIDTH_INC,0,143,113,59,0
Jabalpur Napier Town,SOUTH,AVANTA,FRAME,SHEET|FULL|RECTANGLE,MALE,1190,,,SYS158381,,1190,FREE,SYS158381,AV 0061 - Avanta - Male - Trans/Grey - 53 - Full Frame - Rectangle - Sheet,0,1,1,WIDTH_INC,0,128,109,59,0
Jabalpur Napier Town,SOUTH,AVANTA,FRAME,SHEET|FULL|RECTANGLE,MALE,1190,,,SYS158380,,1190,FREE,SYS158380,AV 0061 - Avanta - Male - Trans/Blue - 53 - Full Frame - Rectangle - Sheet,0,1,1,WIDTH_INC,0,107,106,59,0
Jabalpur Napier Town,SOUTH,AVANTA,FRAME,SHEET|FULL|SQUARE,MALE,1190,,,SYS158368,,1190,FREE,SYS158368,AV 0064 - Avanta - Male - Black - 54 - Full Frame - Square - Sheet,0,1,1,WIDTH_INC,0,170,140,59,0
LAJPAT NAGAR,NORTH,AVANTA,FRAME,TR|FULL|SQUARE,MALE,990,,,SYS166959,,990,FREE,SYS166959,AV TB6041 - Avanta - Male - C1/5 - 51 - Full Frame - Square - TR,0,1,1,WIDTH_INC,0,12,0,14,0
LAJPAT NAGAR,NORTH,AVANTA,FRAME,TR|FULL|RECTANGLE,MALE,990,,,SYS166965,,990,FREE,SYS166965,AV 50043 - Avanta - Male - C2 - 51 - Full Frame - Rectangle - TR,0,1,1,WIDTH_INC,0,9,1,14,0
Indirapuram Shakti Khand Eros Market,NORTH,AVANTA,FRAME,METAL|SUPRA|RECTANGLE,MALE,1490,,,SYS82996,,1490,FREE,SYS82996,AV 7805 - Avanta - Male - C4 - 54 - Supra - Rectangle - Metal,0,1,1,WIDTH_INC,0,1,0,32,0
Hyderabad Banjara Hills Dr Challa,SOUTH,ADMYRA,FRAME,SHEET|FULL|SQUARE,MALE,2490,,,SYS67555,,2490,FREE,SYS67555,AM 001 - Admyra - Male - Black - 53 - Full Frame - Square - Sheet,0,1,1,WIDTH_INC,0,132,84,6,4
Delhi Safdarjung Enclave,NORTH,TOMMY HILFIGER,FRAME,SHEET|FULL|ROUND,MALE,7490,,,SYS60856,,7490,FREE,SYS60856,TH 6231 - Tommy Hilfiger - Male - C5 - 48 - Full Frame - Round - Sheet,0,1,1,WIDTH_INC,0,1,0,8,0
Faridabad Sec 16A,NORTH,AVANTA,FRAME,TR|FULL|RECTANGLE,MALE,990,,,SYS166997,,990,FREE,SYS166997,AV 250904 - Avanta - Male - Black - 53 - Full Frame - Rectangle - TR,0,1,1,WIDTH_INC,0,9,0,23,0
Faridabad Sec 16A,NORTH,AVANTA,FRAME,TR|FULL|SQUARE,MALE,990,,,SYS166959,,990,FREE,SYS166959,AV TB6041 - Avanta - Male - C1/5 - 51 - Full Frame - Square - TR,0,1,1,WIDTH_INC,0,12,0,23,0
Surat City Light Road,WEST,ADMYRA,FRAME,SHEET|FULL|RECTANGLE,MALE,2490,,,SYS67860,,2490,FREE,SYS67860,AM 039 - Admyra - Male - MT.Blue - 51 - Full Frame - Rectangle - Sheet,0,1,1,WIDTH_INC,0,106,69,1,0
Jabalpur Napier Town,SOUTH,AVANTA,FRAME,SHEET|FULL|ROUND,UNISEX,1190,,,SYS158417,,1190,FREE,SYS158417,AV 0068HD - Avanta - Unisex - Trans/Purple - 48 - Full Frame - Round - Sheet,0,1,1,WIDTH_INC,0,55,39,59,0
Jabalpur Napier Town,SOUTH,AVANTA,FRAME,SHEET|FULL|RECTANGLE,MALE,1190,,,SYS158432,,1190,FREE,SYS158432,AV 0063 - Avanta - Male - Trans/Brown - 51 - Full Frame - Rectangle - Sheet,0,1,1,WIDTH_INC,0,115,106,59,0
Jabalpur Napier Town,SOUTH,AVANTA,FRAME,SHEET|FULL|ROUND,UNISEX,1190,,,SYS158416,,1190,FREE,SYS158416,AV 0068HD - Avanta - Unisex - D/Green - 48 - Full Frame - Round - Sheet,0,1,1,WIDTH_INC,0,17,10,59,0
Jabalpur Napier Town,SOUTH,AVANTA,FRAME,SHEET|FULL|CAT EYE,FEMALE,1190,,,SYS158412,,1190,FREE,SYS158412,AV 0072HD - Avanta - Female - Trans/Brown - 51 - Full Frame - Cat Eye - Sheet,0,1,1,WIDTH_INC,0,32,28,59,0
Varanasi Mahmoorganj,NORTH,AVANTA,FRAME,METAL|FULL|ROUND,FEMALE,990,,,SYS167388,,990,FREE,SYS167388,AV 527339 - Avanta - Female - Silver - 50 - Full Frame - Round - Metal,0,1,1,WIDTH_INC,0,7,0,29,0
Greater Noida West Nirala Estate,NORTH,AVANTA KIDS,FRAME,PEDIATRIC|FULL|RECTANGLE,KIDS,1690,,,SYS114635,,1690,FREE,SYS114635,AV TR803 - Avanta Kids - Kids - C1 - 47 - Full Frame - Rectangle - Pediatric,0,1,1,WIDTH_INC,0,6,0,3,0
Varanasi Mahmoorganj,NORTH,AVANTA,FRAME,METAL|SUPRA|RECTANGLE,MALE,890,,,SYS167431,,890,FREE,SYS167431,AV 825073 - Avanta - Male - Black - 49 - Supra - Rectangle - Metal,0,1,1,WIDTH_INC,0,12,0,29,0
Guwahati Bhangagarh,NORTH,ADMYRA,FRAME,SHEET|FULL|RECTANGLE,MALE,2490,,,SYS67860,,2490,FREE,SYS67860,AM 039 - Admyra - Male - MT.Blue - 51 - Full Frame - Rectangle - Sheet,0,1,1,WIDTH_INC,0,106,69,28,16
Guwahati Bhangagarh,NORTH,ADMYRA,FRAME,SHEET|FULL|RECTANGLE,MALE,2490,,,SYS67857,,2490,FREE,SYS67857,AM 039 - Admyra - Male - D/Brown - 51 - Full Frame - Rectangle - Sheet,0,1,1,WIDTH_INC,0,48,34,28,16
Guwahati Bhangagarh,NORTH,ADMYRA,FRAME,SHEET|FULL|RECTANGLE,MALE,2490,,,SYS67859,,2490,FREE,SYS67859,AM 039 - Admyra - Male - MT.Black - 51 - Full Frame - Rectangle - Sheet,0,1,1,WIDTH_INC,0,70,44,28,16
Guwahati Bhangagarh,NORTH,ADMYRA,FRAME,SHEET|FULL|RECTANGLE,MALE,2490,,,SYS67858,,2490,FREE,SYS67858,AM 039 - Admyra - Male - D/Grey - 51 - Full Frame - Rectangle - Sheet,0,1,1,WIDTH_INC,0,74,53,28,16
Guwahati Bhangagarh,NORTH,ADMYRA,FRAME,SHEET|FULL|RECTANGLE,MALE,2490,,,SYS67856,,2490,FREE,SYS67856,AM 039 - Admyra - Male - Black - 51 - Full Frame - Rectangle - Sheet,0,1,1,WIDTH_INC,0,103,53,28,16
Jhunjhunu Indra Nagar,WEST,AVANTA,FRAME,METAL|HALF|SQUARE,MALE,1190,,,SYS163750,,1190,FREE,SYS163750,AV 222570 - Avanta - Male - C4 - 51 - Half Frame - Square - Metal,0,1,1,WIDTH_INC,0,6,0,149,0
Patna RPS Mod,NORTH,AVANTA,FRAME,METAL|FULL|RECTANGLE,MALE,690,,,SYS113113,,690,FREE,SYS113113,AV 31004 - Avanta - Male - Gun - 48 - Full Frame - Rectangle - Metal,0,1,1,WIDTH_INC,0,12,0,24,0
Varanasi Mahmoorganj,NORTH,AVANTA,FRAME,METAL|FULL|HEXAGON,UNISEX,990,,,SYS167590,,990,FREE,SYS167590,AV 253002 - Avanta - Unisex - Blk/Silver - 52 - Full Frame - Hexagon - Metal,0,1,1,WIDTH_INC,0,2,0,29,0
Noida Spectrum Mall,NORTH,RAYBAN,SUNGLASS,SHEET|FULL|SQUARE,MALE,7290,,,SYS144833,,7290,FREE,SYS144833,RB4460I - Rayban - Male - 601/71 - 56 - Sunglass - Square - Sheet,0,1,1,WIDTH_INC,0,1,0,2,0
Gurgaon Sector 51 M2K,NORTH,RAYBAN JUNIOR,FRAME,SHEET|FULL|RECTANGLE,KIDS,4490,,,SYS152664,,4490,FREE,SYS152664,RY1586 - Rayban Junior - Kids - 3776 - 47 - Full Frame - Rectangle - Sheet,0,1,1,WIDTH_INC,0,4,0,2,0
Gurgaon Sector 51 M2K,NORTH,RAYBAN JUNIOR,FRAME,SHEET|FULL|RECTANGLE,KIDS,3990,,,SYS152618,,3990,FREE,SYS152618,RY1904 - Rayban Junior - Kids - 3981 - 46 - Full Frame - Rectangle - Sheet,0,1,1,WIDTH_INC,0,3,0,2,0
Jhunjhunu Indra Nagar,WEST,AVANTA,FRAME,METAL|HALF|RECTANGLE,FEMALE,990,,,SYS163565,,990,FREE,SYS163565,AV 202438 - Avanta - Female - Copper/Gold - 48 - Half Frame - Rectangle - Metal,0,1,1,WIDTH_INC,0,9,4,149,0
Jhunjhunu Indra Nagar,WEST,AVANTA,FRAME,METAL|FULL|CAT EYE,FEMALE,1190,,,SYS163518,,1190,FREE,SYS163518,AV 930102 - Avanta - Female - Burgundy - 50 - Full Frame - Cat Eye - Metal,0,1,1,WIDTH_INC,0,2,0,149,0
Varanasi Mahmoorganj,NORTH,AVANTA,FRAME,METAL|FULL|CAT EYE,FEMALE,1090,,,SYS167551,,1090,FREE,SYS167551,AV 220188 - Avanta - Female - Gold - 54 - Full Frame - Cat Eye - Metal,0,1,1,WIDTH_INC,0,7,0,29,0
Jhunjhunu Indra Nagar,WEST,AVANTA,FRAME,METAL|FULL|RECTANGLE,FEMALE,990,,,SYS163530,,990,FREE,SYS163530,AV 202431 - Avanta - Female - Copper - 48 - Full Frame - Rectangle - Metal,0,1,1,WIDTH_INC,0,1,0,149,0
Jhunjhunu Indra Nagar,WEST,AVANTA,FRAME,METAL|HALF|RECTANGLE,FEMALE,990,,,SYS163549,,990,FREE,SYS163549,AV 202434 - Avanta - Female - Blk/Silver - 48 - Half Frame - Rectangle - Metal,0,1,1,WIDTH_INC,0,6,5,149,0
Jhunjhunu Indra Nagar,WEST,AVANTA,FRAME,METAL|FULL|SQUARE,MALE,1490,,,SYS116994,,1490,FREE,SYS116994,AV 25103 - Avanta - Male - C3 - 52 - Full Frame - Square - Metal,0,1,1,WIDTH_INC,0,1,0,149,0
Varanasi Mahmoorganj,NORTH,AVANTA,FRAME,TR|FULL|RECTANGLE,MALE,990,,,SYS166997,,990,FREE,SYS166997,AV 250904 - Avanta - Male - Black - 53 - Full Frame - Rectangle - TR,0,1,1,WIDTH_INC,0,9,0,29,0
Varanasi Mahmoorganj,NORTH,AVANTA,FRAME,TR|FULL|CAT EYE,FEMALE,990,,,SYS166990,,990,FREE,SYS166990,AV 250902 - Avanta - Female - Black - 47 - Full Frame - Cat Eye - TR,0,1,1,WIDTH_INC,0,7,0,29,0
Varanasi Mahmoorganj,NORTH,AVANTA,FRAME,TR|FULL|SQUARE,MALE,990,,,SYS166960,,990,FREE,SYS166960,AV TB6041 - Avanta - Male - C1/6 - 51 - Full Frame - Square - TR,0,1,1,WIDTH_INC,0,14,0,29,0
Ghaziabad Nehru Nagar,NORTH,ADMYRA,FRAME,SHEET|FULL|SQUARE,MALE,2490,,,SYS67559,,2490,FREE,SYS67559,AM 001 - Admyra - Male - MT.Black - 53 - Full Frame - Square - Sheet,0,1,1,WIDTH_INC,0,61,44,17,5
Ghaziabad Nehru Nagar,NORTH,ADMYRA,FRAME,SHEET|FULL|SQUARE,MALE,2490,,,SYS67558,,2490,FREE,SYS67558,AM 001 - Admyra - Male - Transparent - 53 - Full Frame - Square - Sheet,0,1,1,WIDTH_INC,0,84,54,17,5
Noida Sec 50,NORTH,VOGUE,SUNGLASS,METAL|FULL|AVIATOR,MALE,3590,,,SYS56461,,3590,FREE,SYS56461,VO3991SI - Vogue - Male - 813/14 - 58 - Sunglass - Aviator - Metal,0,1,1,WIDTH_INC,0,2,0,2,0
Jaipur Vaishali Nagar,WEST,AVANTA,FRAME,SHEET|FULL|RECTANGLE,MALE,1190,,,SYS158378,,1190,FREE,SYS158378,AV 0061 - Avanta - Male - Black - 53 - Full Frame - Rectangle - Sheet,0,1,1,WIDTH_INC,0,143,113,10,0
Jaipur Vaishali Nagar,WEST,AVANTA,FRAME,SHEET|FULL|SQUARE,MALE,1190,,,SYS158369,,1190,FREE,SYS158369,AV 0064 - Avanta - Male - D/Brown - 54 - Full Frame - Square - Sheet,0,1,1,WIDTH_INC,0,157,148,10,0
Delhi Dwarka Krishna Mall,NORTH,EMPORIO ARMANI,FRAME,METAL|SUPRA|RECTANGLE,UNISEX,13590,,,SYS115885,,13590,FREE,SYS115885,EA1041 - Emporio Armani - Unisex - 3017 - 55 - Supra - Rectangle - Metal,0,1,1,WIDTH_INC,0,2,1,3,0
Srinagar Baghat Fazili,NORTH,AVANTA,FRAME,SHEET|FULL|CAT EYE,FEMALE,1190,,,SYS158408,,1190,FREE,SYS158408,AV 0072HD - Avanta - Female - Black - 51 - Full Frame - Cat Eye - Sheet,0,1,1,WIDTH_INC,0,55,43,10,0
Srinagar Baghat Fazili,NORTH,AVANTA,FRAME,SHEET|FULL|RECTANGLE,MALE,1190,,,SYS158378,,1190,FREE,SYS158378,AV 0061 - Avanta - Male - Black - 53 - Full Frame - Rectangle - Sheet,0,1,1,WIDTH_INC,0,143,113,10,0
Mohali Sector 62,NORTH,AVANTA KIDS,FRAME,TR|FULL|RECTANGLE,KIDS,790,,,SYS168336,,790,FREE,SYS168336,AV 95007 - Avanta Kids - Kids - Black - 45 - Full Frame - Rectangle - TR,0,1,1,WIDTH_INC,0,6,0,1,0
Panvel Laxmi Eye,WEST,VOGUE,FRAME,SHEET|FULL|RECTANGLE,FEMALE,5190,,,SYS166630,,5190,FREE,SYS166630,VO5621 - Vogue - Female - 3272 - 51 - Full Frame - Rectangle - Sheet,0,1,1,WIDTH_INC,0,1,0,10,6
Panvel Laxmi Eye,WEST,VOGUE,FRAME,METAL|RIMLESS|CAT EYE,FEMALE,5290,,,SYS166615,,5290,FREE,SYS166615,VO4361I - Vogue - Female - 5152 - 53 - Rimless - Cat Eye - Metal,0,1,1,WIDTH_INC,0,1,0,10,6
Panvel Laxmi Eye,WEST,VOGUE,FRAME,METAL|RIMLESS|CAT EYE,FEMALE,5290,,,SYS166613,,5290,FREE,SYS166613,VO4361I - Vogue - Female - 280 - 53 - Rimless - Cat Eye - Metal,0,1,1,WIDTH_INC,0,1,0,10,6
Panvel Laxmi Eye,WEST,VOGUE,FRAME,METAL|RIMLESS|CAT EYE,FEMALE,5290,,,SYS166614,,5290,FREE,SYS166614,VO4361I - Vogue - Female - 323 - 53 - Rimless - Cat Eye - Metal,0,1,1,WIDTH_INC,0,2,0,10,6
Jaipur Vaishali Nagar,WEST,AVANTA,FRAME,SHEET|FULL|SQUARE,MALE,1190,,,SYS158368,,1190,FREE,SYS158368,AV 0064 - Avanta - Male - Black - 54 - Full Frame - Square - Sheet,0,1,1,WIDTH_INC,0,170,140,10,0
Varanasi Mahmoorganj,NORTH,AVANTA,FRAME,TR|FULL|ROUND,UNISEX,990,,,SYS167109,,990,FREE,SYS167109,AV 250986 - Avanta - Unisex - C1 - 48 - Full Frame - Round - TR,0,1,1,WIDTH_INC,0,9,0,29,0
Indirapuram Shakti Khand Eros Market,NORTH,AVANTA,FRAME,METAL|SUPRA|RECTANGLE,MALE,690,,,SYS143384,,690,FREE,SYS143384,AV 31004 - Avanta - Male - Black - 51 - Supra - Rectangle - Metal,0,1,1,WIDTH_INC,0,5,0,32,0
Nashik Navkar Eye,WEST,ADMYRA,FRAME,SHEET|FULL|SQUARE,MALE,2490,,,SYS67555,,2490,FREE,SYS67555,AM 001 - Admyra - Male - Black - 53 - Full Frame - Square - Sheet,0,1,1,WIDTH_INC,0,132,84,2,0
Guwahati Bhangagarh,NORTH,AVANTA,FRAME,METAL|SUPRA|RECTANGLE,MALE,490,,,SYS160681,,490,FREE,SYS160681,AV 31010 - Avanta - Male - Gun - 51 - Supra - Rectangle - Metal,0,1,1,WIDTH_INC,0,10,0,5,0
Panvel Laxmi Eye,WEST,STEPPER,FRAME,SHEET|FULL|CAT EYE,FEMALE,5610,,,SYS166214,,5610,FREE,SYS166214,ES/10005 - Stepper - Female - F550 - 52 - Full Frame - Cat Eye - Sheet,0,1,1,WIDTH_INC,0,2,0,2,0
Panvel Laxmi Eye,WEST,TOMMY HILFIGER,FRAME,SHEET|FULL|RECTANGLE,MALE,5990,,,SYS165713,,5990,FREE,SYS165713,TH 1096 - Tommy Hilfiger - Male - C3 - 53 - Full Frame - Rectangle - Sheet,0,1,1,WIDTH_INC,0,1,0,11,4
Panvel Laxmi Eye,WEST,TOMMY HILFIGER,FRAME,SHEET|FULL|RECTANGLE,MALE,5990,,,SYS165711,,5990,FREE,SYS165711,TH 1095 - Tommy Hilfiger - Male - C3 - 54 - Full Frame - Rectangle - Sheet,0,1,1,WIDTH_INC,0,1,0,11,4
Panvel Laxmi Eye,WEST,TOMMY HILFIGER,FRAME,SHEET|FULL|RECTANGLE,MALE,5990,,,SYS165723,,5990,FREE,SYS165723,TH 1097K - Tommy Hilfiger - Male - C3 - 52 - Full Frame - Rectangle - Sheet,0,1,1,WIDTH_INC,0,1,0,11,4
Delhi Dwarka Sec 09,NORTH,RAYBAN,FRAME,METAL|HALF|RECTANGLE,MALE,4690,,,SYS41809,,4690,FREE,SYS41809,RX6443I - Rayban - Male - 3063 - 53 - Frame - Supra - Metal,0,1,1,WIDTH_INC,0,1,0,12,0
Ghaziabad Nehru Nagar,NORTH,AVANTA,FRAME,SHEET|FULL|RECTANGLE,MALE,1190,,,SYS158382,,1190,FREE,SYS158382,AV 0061 - Avanta - Male - D/Green - 53 - Full Frame - Rectangle - Sheet,0,1,1,WIDTH_INC,0,110,106,19,0
Ghaziabad Nehru Nagar,NORTH,AVANTA,FRAME,SHEET|FULL|RECTANGLE,MALE,1190,,,SYS158381,,1190,FREE,SYS158381,AV 0061 - Avanta - Male - Trans/Grey - 53 - Full Frame - Rectangle - Sheet,0,1,1,WIDTH_INC,0,128,109,19,0
Ghaziabad Nehru Nagar,NORTH,AVANTA,FRAME,SHEET|FULL|CAT EYE,FEMALE,1190,,,SYS158412,,1190,FREE,SYS158412,AV 0072HD - Avanta - Female - Trans/Brown - 51 - Full Frame - Cat Eye - Sheet,0,1,1,WIDTH_INC,0,32,28,19,0
Ghaziabad Nehru Nagar,NORTH,AVANTA,FRAME,SHEET|FULL|ROUND,UNISEX,1190,,,SYS158415,,1190,FREE,SYS158415,AV 0068HD - Avanta - Unisex - Transparent - 48 - Full Frame - Round - Sheet,0,1,1,WIDTH_INC,0,64,59,19,0
Noida MOI,NORTH,GUCCI,FRAME,SHEET|FULL|SQUARE,MALE,14900,,,SYS60243,,14900,FREE,SYS60243,GG1117O - Gucci - Male - 003 - 56 - Full Frame - Square - Sheet,0,1,1,WIDTH_INC,0,1,0,4,1
Gurgaon Sec 29,NORTH,ADMYRA,FRAME,SHEET|FULL|RECTANGLE,MALE,2490,,,SYS67856,,2490,FREE,SYS67856,AM 039 - Admyra - Male - Black - 51 - Full Frame - Rectangle - Sheet,0,1,1,WIDTH_INC,0,103,53,6,1
Gurgaon Sec 29,NORTH,TOMMY HILFIGER,FRAME,SHEET|FULL|CAT EYE,FEMALE,8190,,,SYS161863,,8190,FREE,SYS161863,TH 4427 - Tommy Hilfiger - Female - C4 - 51 - Full Frame - Cat Eye - Sheet,0,1,1,WIDTH_INC,0,1,0,10,2
Gurgaon Sec 29,NORTH,TOMMY HILFIGER,FRAME,SHEET|FULL|CAT EYE,FEMALE,8190,,,SYS161864,,8190,FREE,SYS161864,TH 4427 - Tommy Hilfiger - Female - C5 - 51 - Full Frame - Cat Eye - Sheet,0,1,1,WIDTH_INC,0,1,0,10,2
Varanasi Mahmoorganj,NORTH,AVANTA,FRAME,TR|FULL|SQUARE,MALE,890,,,SYS167925,,890,FREE,SYS167925,AV 202534 - Avanta - Male - Black - 53 - Full Frame - Square - TR,0,1,1,WIDTH_INC,0,7,0,29,0
Gurgaon Sec 29,NORTH,TOMMY HILFIGER,FRAME,SHEET|FULL|CAT EYE,FEMALE,8190,,,SYS161953,,8190,FREE,SYS161953,TH 4427 - Tommy Hilfiger - Female - C6 - 51 - Full Frame - Cat Eye - Sheet,0,1,1,WIDTH_INC,0,1,0,10,2
Varanasi Mahmoorganj,NORTH,AVANTA,FRAME,TR|FULL|RECTANGLE,MALE,690,,,SYS168026,,690,FREE,SYS168026,AV T018 - Avanta - Male - Trans/Grey - 51 - Full Frame - Rectangle - TR,0,1,1,WIDTH_INC,0,7,1,29,0
Varanasi Mahmoorganj,NORTH,AVANTA KIDS,FRAME,TR|FULL|RECTANGLE,KIDS,790,,,SYS168344,,790,FREE,SYS168344,AV 95007 - Avanta Kids - Kids - D/Purple - 45 - Full Frame - Rectangle - TR,0,1,1,WIDTH_INC,0,7,0,3,0
Delhi Vikaspuri Najafgarh Road,NORTH,OMBRA,SUNGLASS,SHEET|FULL|RECTANGLE,MALE,1590,,,SYS166510,,1590,FREE,SYS166510,OB 9870P - OMBRA - Male - C4 - 50 - Sunglass - Rectangle - Sheet,0,1,1,WIDTH_INC,0,11,0,2,0
Varanasi Mahmoorganj,NORTH,AVANTA KIDS,FRAME,TR|FULL|SQUARE,KIDS,790,,,SYS168284,,790,FREE,SYS168284,AV 95001 - Avanta Kids - Kids - Trans/Grey - 43 - Full Frame - Square - TR,0,1,1,WIDTH_INC,0,7,1,3,0
Jodhpur Sardarpura,WEST,ADMYRA,FRAME,SHEET|FULL|RECTANGLE,MALE,2490,,,SYS67856,,2490,FREE,SYS67856,AM 039 - Admyra - Male - Black - 51 - Full Frame - Rectangle - Sheet,0,1,1,WIDTH_INC,0,103,53,2,0
Noida MOI,NORTH,BURBERRY,SUNGLASS,SHEET|FULL|SQUARE,MALE,15590,,,SYS59222,,15590,FREE,SYS59222,BE4337 - Burberry - Male - 379887 - 56 - Sunglass - Square - Sheet,0,1,1,WIDTH_INC,0,2,0,4,1
Delhi Rohini Ring Road Mall,NORTH,RAYBAN JUNIOR,FRAME,SHEET|FULL|CAT EYE,KIDS,4890,,,SYS111503,,4890,FREE,SYS111503,RY1591 - Rayban Junior - Kids - 3807 - 46 - Full Frame - Cat Eye - Sheet,0,1,1,WIDTH_INC,0,3,0,7,2
Noida MOI,NORTH,STEPPER,FRAME,TITANIUM|HALF|SQUARE,MALE,9350,,,SYS78825,,9350,FREE,SYS78825,SI/60275 - Stepper - Male - F120 - 53 - Half Frame - Square - Titanium,0,1,1,WIDTH_INC,0,2,0,5,0
Varanasi Mahmoorganj,NORTH,AVANTA,FRAME,TR|FULL|SQUARE,UNISEX,790,,,SYS166716,,790,FREE,SYS166716,AV 77081 - Avanta - Unisex - Blk/Brown - 48 - Full Frame - Square - TR,0,1,1,WIDTH_INC,0,4,0,29,0
Gurgaon Sec 29,NORTH,ADMYRA,FRAME,SHEET|FULL|SQUARE,MALE,2490,,,SYS67555,,2490,FREE,SYS67555,AM 001 - Admyra - Male - Black - 53 - Full Frame - Square - Sheet,0,1,1,WIDTH_INC,0,132,84,6,1
Gurgaon Sec 29,NORTH,ADMYRA,FRAME,SHEET|FULL|SQUARE,MALE,2490,,,SYS67557,,2490,FREE,SYS67557,AM 001 - Admyra - Male - D/Grey - 53 - Full Frame - Square - Sheet,0,1,1,WIDTH_INC,0,72,40,6,1
Varanasi Mahmoorganj,NORTH,AVANTA,FRAME,TR|FULL|RECTANGLE,MALE,890,,,SYS166801,,890,FREE,SYS166801,AV 270812 - Avanta - Male - Blk/Red - 50 - Full Frame - Rectangle - TR,0,1,1,WIDTH_INC,0,12,0,29,0
Varanasi Mahmoorganj,NORTH,AVANTA,FRAME,TR|FULL|CAT EYE,FEMALE,890,,,SYS168103,,890,FREE,SYS168103,AV 8019 - Avanta - Female - Black - 51 - Full Frame - Cat Eye - TR,0,1,1,WIDTH_INC,0,9,0,29,0
Varanasi Mahmoorganj,NORTH,AVANTA,FRAME,TR|FULL|RECTANGLE,MALE,790,,,SYS168052,,790,FREE,SYS168052,AV 270805 - Avanta - Male - Black - 52 - Full Frame - Rectangle - TR,0,1,1,WIDTH_INC,0,9,0,29,0
Delhi Dwarka Krishna Mall,NORTH,STEPPER,FRAME,TITANIUM|FULL|SQUARE,MALE,10450,,,SYS113808,,10450,FREE,SYS113808,SI/60242 - Stepper - Male - F020 - 56 - Full Frame - Square - Titanium,0,1,1,WIDTH_INC,0,2,0,4,0
Delhi Vikaspuri Najafgarh Road,NORTH,OMBRA,SUNGLASS,SHEET|FULL|RECTANGLE,MALE,1390,,,SYS166351,,1390,FREE,SYS166351,OB 66607 - OMBRA - Male - C6 - 54 - Sunglass - Rectangle - Sheet,0,1,1,WIDTH_INC,0,11,0,2,0
Faridabad Sec 16A,NORTH,AVANTA,FRAME,TR|FULL|RECTANGLE,MALE,890,,,SYS168079,,890,FREE,SYS168079,AV 8061 - Avanta - Male - Black - 53 - Full Frame - Rectangle - TR,0,1,1,WIDTH_INC,0,11,0,23,0
Noida MOI,NORTH,BURBERRY,FRAME,SHEET|FULL|RECTANGLE,MALE,17790,,,SYS168943,,17790,FREE,SYS168943,BE2452U - Burberry - Male - 3464 - 53 - Full Frame - Rectangle - Sheet,0,1,1,WIDTH_INC,0,2,0,15,13
Noida MOI,NORTH,BURBERRY,FRAME,SHEET|FULL|RECTANGLE,MALE,17790,,,SYS168944,,17790,FREE,SYS168944,BE2452U - Burberry - Male - 4234 - 53 - Full Frame - Rectangle - Sheet,0,1,1,WIDTH_INC,0,2,0,15,13
Faridabad Sec 16A,NORTH,AVANTA,FRAME,TR|FULL|RECTANGLE,MALE,690,,,SYS168016,,690,FREE,SYS168016,AV T018 - Avanta - Male - Black - 51 - Full Frame - Rectangle - TR,0,1,1,WIDTH_INC,0,8,0,23,0
Noida MOI,NORTH,EMPORIO ARMANI,SUNGLASS,METAL|FULL|SQUARE,MALE,16590,,,SYS168920,,16590,FREE,SYS168920,EA2173 - Emporio Armani - Male - 30458V - 59 - Sunglass - Square - Metal,0,1,1,WIDTH_INC,0,1,0,11,7
Noida MOI,NORTH,RAYBAN,SUNGLASS,SHEET|FULL|WAYFARER,MALE,13650,,,SYS168929,,13650,FREE,SYS168929,RB0832S - Rayban - Male - 684843 - 52 - Sunglass - Wayfarer - Sheet,0,1,1,WIDTH_INC,0,2,1,13,0
Noida MOI,NORTH,RAYBAN,SUNGLASS,METAL|FULL|RECTANGLE,MALE,12790,,,SYS168930,,12790,FREE,SYS168930,RB3746 - Rayban - Male - 001/73 - 56 - Sunglass - Rectangle - Metal,0,1,1,WIDTH_INC,0,2,0,13,0
Noida MOI,NORTH,RAYBAN,SUNGLASS,METAL|FULL|RECTANGLE,MALE,12850,,,SYS168931,,12850,FREE,SYS168931,RB3779 - Rayban - Male - 001/3F - 56 - Sunglass - Rectangle - Metal,0,1,1,WIDTH_INC,0,2,0,13,0
Noida MOI,NORTH,RAYBAN,FRAME,METAL|FULL|RECTANGLE,MALE,9290,,,SYS168915,,9290,FREE,SYS168915,RX6579 - Rayban - Male - 2501 - 56 - Full Frame - Rectangle - Metal,0,1,1,WIDTH_INC,0,2,0,11,0
Noida MOI,NORTH,RAYBAN,FRAME,SHEET|FULL|SQUARE,MALE,7790,,,SYS168917,,7790,FREE,SYS168917,RX7239 - Rayban - Male - 8510 - 54 - Full Frame - Square - Sheet,0,1,1,WIDTH_INC,0,2,0,11,0
Noida MOI,NORTH,RAYBAN,FRAME,SHEET|FULL|SQUARE,MALE,9290,,,SYS168942,,9290,FREE,SYS168942,RX5397 - Rayban - Male - 2001 - 50 - Full Frame - Square - Sheet,0,1,1,WIDTH_INC,0,2,0,11,0
Noida MOI,NORTH,RAYBAN,SUNGLASS,METAL|FULL|RECTANGLE,MALE,11950,,,SYS168925,,11950,FREE,SYS168925,RB3755 - Rayban - Male - 001/51 - 59 - Sunglass - Rectangle - Metal,0,1,1,WIDTH_INC,0,2,0,13,0
Noida MOI,NORTH,RAYBAN,SUNGLASS,SHEET|FULL|WAYFARER,MALE,13890,,,SYS168980,,13890,FREE,SYS168980,RB0832S - Rayban - Male - 901/58 - 52 - Sunglass - Wayfarer - Sheet,0,1,1,WIDTH_INC,0,2,1,13,0
Noida MOI,NORTH,EMPORIO ARMANI,SUNGLASS,METAL|FULL|SQUARE,MALE,16590,,,SYS168975,,16590,FREE,SYS168975,EA2173 - Emporio Armani - Male - 300187 - 59 - Sunglass - Square - Metal,0,1,1,WIDTH_INC,0,1,0,11,7
Noida MOI,NORTH,PRADA,FRAME,SHEET|FULL|RECTANGLE,FEMALE,29590,,,SYS168953,,29590,FREE,SYS168953,PR D04V - Prada - Female - 20D1O1 - 52 - Full Frame - Rectangle - Sheet,0,1,1,WIDTH_INC,0,3,0,4,0
Delhi Safdarjung Enclave,NORTH,PRADA,FRAME,METAL|FULL|SQUARE,FEMALE,21690,,,SYS56492,,21690,FREE,SYS56492,PR 56WV - Prada - Female - 02H1O1 - 54 - Full Frame - Square - Metal,0,1,1,WIDTH_INC,0,1,0,2,0
Dombivli (East) Laxmi Eye,WEST,AVANTA,FRAME,SHEET|FULL|RECTANGLE,MALE,1090,,,SYS76660,,1090,FREE,SYS76660,AV 0026 - Avanta - Male - Grey - 54 - Full Frame - Rectangle - Sheet,0,1,1,WIDTH_INC,0,1,0,7,0
Delhi Dwarka Sec 09,NORTH,AVANTA KIDS,FRAME,PEDIATRIC|FULL|RECTANGLE,KIDS,1690,,,SYS115062,,1690,FREE,SYS115062,AV TR819 - Avanta Kids - kids - C1 - 45 - Full Frame - Rectangle - Pediatric,0,1,1,WIDTH_INC,0,6,0,14,0
Delhi Dwarka Sec 09,NORTH,VOGUE,FRAME,SHEET|FULL|CAT EYE,FEMALE,6290,,,SYS112636,,6290,FREE,SYS112636,VO5378 - Vogue - Female - 3150 - 51 - Full Frame - Cat Eye - Sheet,0,1,1,WIDTH_INC,0,1,0,17,2
Mumbai Ghatkopar Dr Mehta Eye,WEST,OMBRA,SUNGLASS,SHEET|FULL|SQUARE,UNISEX,1590,,,SYS166499,,1590,FREE,SYS166499,OB 9864 - OMBRA - Unisex - C4 - 53 - Sunglass - Square - Sheet,0,1,1,WIDTH_INC,0,12,5,2,1
Gorakhpur Mughlaha,NORTH,STEPPER,FRAME,TITANIUM|FULL|SQUARE,MALE,10890,,,SYS113803,,10890,FREE,SYS113803,SI/60287 - Stepper - Male - F010 - 55 - Full Frame - Square - Titanium,0,1,1,WIDTH_INC,0,2,0,1,0
Siliguri Sevoke Road,WEST,RAYBAN,FRAME,METAL|FULL|ROUND,UNISEX,8890,,,SYS47347,,8890,FREE,SYS47347,RX6465 - Rayban - Unisex - 2509 - 51 - Full Frame - Round - Metal,0,1,1,WIDTH_INC,0,4,0,7,4
Faridabad Sec 16A,NORTH,AVANTA KIDS,FRAME,TR|FULL|RECTANGLE,KIDS,790,,,SYS168340,,790,FREE,SYS168340,AV 95007 - Avanta Kids - Kids - Yellow - 45 - Full Frame - Rectangle - TR,0,1,1,WIDTH_INC,0,6,0,3,0
Delhi Dwarka Krishna Mall,NORTH,EMPORIO ARMANI,FRAME,SHEET|FULL|RECTANGLE,MALE,14390,,,SYS115899,,14390,FREE,SYS115899,EA3250U - Emporio Armani - Male - 6203 - 54 - Full Frame - Rectangle - Sheet,0,1,1,WIDTH_INC,0,1,0,3,0
Faridabad Sec 16A,NORTH,AVANTA KIDS,FRAME,TR|FULL|ROUND,KIDS,790,,,SYS168316,,790,FREE,SYS168316,AV 95008 - Avanta Kids - Kids - Trans/Purple - 43 - Full Frame - Round - TR,0,1,1,WIDTH_INC,0,6,0,3,0
Pune Satara Road Jhamwar Eye,WEST,AVANTA,FRAME,SHEET|FULL|SQUARE,MALE,1190,,,SYS158368,,1190,FREE,SYS158368,AV 0064 - Avanta - Male - Black - 54 - Full Frame - Square - Sheet,0,1,1,WIDTH_INC,0,170,140,19,0
Hyderabad Kukatpally Nizampet X Roads,SOUTH,TOMMY HILFIGER,FRAME,SHEET|FULL|RECTANGLE,MALE,8990,,,SYS148336,,8990,FREE,SYS148336,TH 6357 - Tommy Hilfiger - Male - C4 - 55 - Full Frame - Rectangle - Sheet,0,1,1,WIDTH_INC,0,2,0,2,0
Faridabad Sec 16A,NORTH,AVANTA,FRAME,TR|FULL|SQUARE,MALE,890,,,SYS167925,,890,FREE,SYS167925,AV 202534 - Avanta - Male - Black - 53 - Full Frame - Square - TR,0,1,1,WIDTH_INC,0,7,0,23,0
Indirapuram Shakti Khand Eros Market,NORTH,AVANTA,FRAME,METAL|FULL|SQUARE,MALE,790,,,SYS168775,,790,FREE,SYS168775,AV 8253205 - Avanta - Male - Gun - 48 - Full Frame - Square - Metal,0,1,1,WIDTH_INC,0,11,0,32,0
Noida MOI,NORTH,TOM FORD,FRAME,SHEET|FULL|SQUARE,MALE,32400,,,SYS169010,,32400,FREE,SYS169010,TF5832/B - Tom Ford - Male - 090 - 50 - Full Frame - Square - Sheet,0,1,1,WIDTH_INC,0,1,0,5,2
Noida MOI,NORTH,TOM FORD,SUNGLASS,SHEET|FULL|CAT EYE,FEMALE,36000,,,SYS169012,,36000,FREE,SYS169012,TF1312 - Tom Ford - Female - 55B - 56 - Sunglass - Cat Eye - Sheet,0,1,1,WIDTH_INC,0,1,0,6,4
Prayagraj Tashkent Marg,NORTH,ADMYRA,FRAME,SHEET|FULL|SQUARE,MALE,2490,,,SYS67558,,2490,FREE,SYS67558,AM 001 - Admyra - Male - Transparent - 53 - Full Frame - Square - Sheet,0,1,1,WIDTH_INC,0,84,54,9,4
Faridabad Sec 16A,NORTH,AVANTA,FRAME,TR|FULL|RECTANGLE,UNISEX,890,,,SYS167908,,890,FREE,SYS167908,AV 202532 - Avanta - Unisex - Black - 51 - Full Frame - Rectangle - TR,0,1,1,WIDTH_INC,0,8,4,23,0
Indirapuram Shakti Khand Eros Market,NORTH,AVANTA,FRAME,TR|FULL|SQUARE,MALE,890,,,SYS168465,,890,FREE,SYS168465,AV 303032 - Avanta - Male - Black - 52 - Full Frame - Square - TR,0,1,1,WIDTH_INC,0,8,0,32,0
Indirapuram Shakti Khand Eros Market,NORTH,AVANTA,FRAME,METAL|SUPRA|RECTANGLE,MALE,790,,,SYS168394,,790,FREE,SYS168394,AV ZXA42003 - Avanta - Male - Gun - 48 - Supra - Rectangle - Metal,0,1,1,WIDTH_INC,0,24,0,32,0
Kolkata AJC Bose Road,EAST,AVANTA,FRAME,SHEET|FULL|SQUARE,MALE,1190,,,SYS162649,,1190,FREE,SYS162649,AV 0063 - Avanta - Male - Trans/Grey - 51 - Full Frame - Square - Sheet,0,1,1,WIDTH_INC,0,267,247,17,0
Moradabad Kanth Road,NORTH,AVANTA,FRAME,METAL|FULL|RECTANGLE,MALE,690,,,SYS113113,,690,FREE,SYS113113,AV 31004 - Avanta - Male - Gun - 48 - Full Frame - Rectangle - Metal,0,1,1,WIDTH_INC,0,12,0,20,0
Hyderabad Banjara Hills Dr Challa,SOUTH,TOMMY HILFIGER,FRAME,SHEET|FULL|SQUARE,MALE,8490,,,SYS161950,,8490,FREE,SYS161950,TH 1111 - Tommy Hilfiger - Male - C5 - 53 - Full Frame - Square - Sheet,0,1,1,WIDTH_INC,0,1,0,1,0
Delhi Pitampura,NORTH,RAYBAN,SUNGLASS,SHEET|FULL|RECTANGLE,MALE,10990,,,SYS162425,,10990,FREE,SYS162425,RB4396 - Rayban - Male - 667771 - 54 - Sunglass - Rectangle - Sheet,0,1,1,WIDTH_INC,0,3,0,3,0
Indirapuram Shakti Khand Eros Market,NORTH,AVANTA,FRAME,TR|FULL|RECTANGLE,FEMALE,890,,,SYS168523,,890,FREE,SYS168523,AV 87009 - Avanta - Female - Black - 50 - Full Frame - Rectangle - TR,0,1,1,WIDTH_INC,0,7,0,32,0
Indirapuram Shakti Khand Eros Market,NORTH,AVANTA,FRAME,METAL|SUPRA|RECTANGLE,MALE,990,,,SYS168555,,990,FREE,SYS168555,AV 8825712 - Avanta - Male - Gun - 52 - Supra - Rectangle - Metal,0,1,1,WIDTH_INC,0,15,0,32,0
Pune Satara Road Jhamwar Eye,WEST,AVANTA,FRAME,SHEET|FULL|RECTANGLE,MALE,1190,,,SYS158432,,1190,FREE,SYS158432,AV 0063 - Avanta - Male - Trans/Brown - 51 - Full Frame - Rectangle - Sheet,0,1,1,WIDTH_INC,0,115,106,19,0
Delhi Pitampura,NORTH,TOMMY HILFIGER,SUNGLASS,METAL|FULL|AVIATOR,MALE,7490,,,SYS75311,,7490,FREE,SYS75311,TH 877PL - Tommy Hilfiger - Male - C3 - 60 - Sunglass - Avaitor - Metal,0,1,1,WIDTH_INC,0,1,0,3,0
Hyderabad Banjara Hills Dr Challa,SOUTH,ADMYRA,FRAME,SHEET|FULL|RECTANGLE,MALE,2490,,,SYS67856,,2490,FREE,SYS67856,AM 039 - Admyra - Male - Black - 51 - Full Frame - Rectangle - Sheet,0,1,1,WIDTH_INC,0,103,53,6,4
Patiala Randhawa Eye,NORTH,AVANTA,FRAME,METAL|FULL|AVIATOR,MALE,990,,,SYS153555,,990,FREE,SYS153555,AV 88805 - Avanta - Male - Silver - 55 - Full Frame - Aviator - Metal,0,1,1,WIDTH_INC,0,1,0,29,0
Noida Spectrum Mall,NORTH,VOGUE JUNIOR,FRAME,SHEET|FULL|SQUARE,KIDS,3890,,,SYS144745,,3890,FREE,SYS144745,VY2032 - Vogue Junior - Kids - 2761 - 47 - Full Frame - Square - Sheet,0,1,1,WIDTH_INC,0,1,0,4,0
Indirapuram Shakti Khand Eros Market,NORTH,AVANTA,FRAME,METAL|FULL|RECTANGLE,MALE,790,,,SYS168380,,790,FREE,SYS168380,AV ZXA42009 - Avanta - Male - Gun - 49 - Full Frame - Rectangle - Metal,0,1,1,WIDTH_INC,0,24,6,32,0
Delhi Safdarjung Enclave,NORTH,TOMMY HILFIGER,FRAME,SHEET|FULL|SQUARE,MALE,8090,,,SYS165781,,8090,FREE,SYS165781,TH 6385 - Tommy Hilfiger - Male - C3 - 54 - Full Frame - Square - Sheet,0,1,1,WIDTH_INC,0,1,0,8,0
Delhi Safdarjung Enclave,NORTH,TOMMY HILFIGER,FRAME,SHEET|FULL|SQUARE,MALE,8090,,,SYS165780,,8090,FREE,SYS165780,TH 6385 - Tommy Hilfiger - Male - C2 - 54 - Full Frame - Square - Sheet,0,1,1,WIDTH_INC,0,1,0,8,0
Delhi Safdarjung Enclave,NORTH,MONTBLANC,FRAME,METAL|RIMLESS|RECTANGLE,MALE,28300,,,SYS18769,,28300,FREE,SYS18769,MB0071O - Montblanc - Male - 001 - 56 - Rimless - Rectangle - Metal,0,1,1,WIDTH_INC,0,1,0,3,0
Delhi Safdarjung Enclave,NORTH,RAYBAN,SUNGLASS,METAL|FULL|AVIATOR,MALE,9890,,,SYS45944,,9890,FREE,SYS45944,RB3025I - Rayban - Male - 004/58 - 58 - Sunglass - Aviator - Metal,0,1,1,WIDTH_INC,0,1,0,4,0
Delhi Safdarjung Enclave,NORTH,TOMMY HILFIGER,FRAME,SHEET|FULL|RECTANGLE,MALE,7690,,,SYS165739,,7690,FREE,SYS165739,TH 4412 - Tommy Hilfiger - Male - C4 - 54 - Full Frame - Rectangle - Sheet,0,1,1,WIDTH_INC,0,1,0,8,0
Delhi Preet Vihar Vikas Marg,NORTH,OMBRA,SUNGLASS,SHEET|FULL|RECTANGLE,MALE,1390,,,SYS166351,,1390,FREE,SYS166351,OB 66607 - OMBRA - Male - C6 - 54 - Sunglass - Rectangle - Sheet,0,1,1,WIDTH_INC,0,11,0,3,2
Jhunjhunu Indra Nagar,WEST,AVANTA,FRAME,TR|FULL|ROUND,FEMALE,790,,,SYS165228,,790,FREE,SYS165228,AV 66047 - Avanta - Female - Trans/Grey - 47 - Full Frame - Round - TR,0,1,1,WIDTH_INC,0,1,0,149,0
Srinagar Baghat Fazili,NORTH,ADMYRA,FRAME,SHEET|FULL|RECTANGLE,MALE,2490,,,SYS67856,,2490,FREE,SYS67856,AM 039 - Admyra - Male - Black - 51 - Full Frame - Rectangle - Sheet,0,1,1,WIDTH_INC,0,103,53,3,0
Delhi Rohini Ring Road Mall,NORTH,ADMYRA,FRAME,SHEET|FULL|SQUARE,MALE,2490,,,SYS67557,,2490,FREE,SYS67557,AM 001 - Admyra - Male - D/Grey - 53 - Full Frame - Square - Sheet,0,1,1,WIDTH_INC,0,72,40,10,2
Delhi Rohini Ring Road Mall,NORTH,ADMYRA,FRAME,SHEET|FULL|SQUARE,MALE,2490,,,SYS67555,,2490,FREE,SYS67555,AM 001 - Admyra - Male - Black - 53 - Full Frame - Square - Sheet,0,1,1,WIDTH_INC,0,132,84,10,2
LAJPAT NAGAR,NORTH,CARRERA,FRAME,SHEET|FULL|SQUARE,MALE,9300,,,SYS92394,,9300,FREE,SYS92394,Victory C 02/BB - Carrera - Male - 2M2 - 54 - Full Frame - Square - Sheet,0,1,1,WIDTH_INC,0,1,0,13,12
Noida MOI,NORTH,PRADA,FRAME,SHEET|FULL|CAT EYE,FEMALE,19890,,,SYS152633,,19890,FREE,SYS152633,PR 15ZV - Prada - Female - 07R1O1 - 53 - Full Frame - Cat Eye - Sheet,0,1,1,WIDTH_INC,0,1,0,4,0
Noida MOI,NORTH,RAYBAN JUNIOR,FRAME,SHEET|FULL|RECTANGLE,KIDS,3990,,,SYS152618,,3990,FREE,SYS152618,RY1904 - Rayban Junior - Kids - 3981 - 46 - Full Frame - Rectangle - Sheet,0,1,1,WIDTH_INC,0,3,0,5,3
Vadodara Genda Circle,NORTH,ADMYRA,FRAME,SHEET|FULL|CAT EYE,FEMALE,2790,,,SYS162316,,2790,FREE,SYS162316,AM 0133 - Admyra - Female - Black - 53 - Full Frame - Cat Eye - Sheet,0,1,1,WIDTH_INC,0,49,19,10,3
Vadodara Genda Circle,NORTH,ADMYRA,FRAME,SHEET|FULL|CAT EYE,FEMALE,2790,,,SYS162310,,2790,FREE,SYS162310,AM 0131 - Admyra - Female - Trans/Blue - 51 - Full Frame - Cat Eye - Sheet,0,1,1,WIDTH_INC,0,49,19,10,3
Vadodara Genda Circle,NORTH,ADMYRA,FRAME,SHEET|FULL|CAT EYE,FEMALE,2790,,,SYS162312,,2790,FREE,SYS162312,AM 0132 - Admyra - Female - D/Brown - 52 - Full Frame - Cat Eye - Sheet,0,1,1,WIDTH_INC,0,50,38,10,3
Badlapur Kulgaon Drishti Eye,WEST,AVANTA,FRAME,METAL|SUPRA|RECTANGLE,MALE,790,,,SYS168394,,790,FREE,SYS168394,AV ZXA42003 - Avanta - Male - Gun - 48 - Supra - Rectangle - Metal,0,1,1,WIDTH_INC,0,24,0,10,0
Noida MOI,NORTH,RAYBAN,SUNGLASS,SHEET|FULL|WAYFARER,UNISEX,32100,,,SYS152770,,32100,FREE,SYS152770,RW4006 - Rayban Meta - Unisex - 601ST3 - 50 - Sunglass - Wayfarer - Sheet,0,1,1,WIDTH_INC,0,1,0,13,0
Noida MOI,NORTH,RAYBAN,SUNGLASS,SHEET|FULL|WAYFARER,UNISEX,12490,,,SYS152687,,12490,FREE,SYS152687,RB0840S - Rayban - Unisex - 902/56 - 51 - Sunglass - Wayfarer - Sheet,0,1,1,WIDTH_INC,0,2,0,13,0
Jabalpur Napier Town,SOUTH,AVANTA,FRAME,SHEET|FULL|RECTANGLE,MALE,1090,,,SYS76662,,1090,FREE,SYS76662,AV 0026 - Avanta - Male - MT.Black - 54 - Full Frame - Rectangle - Sheet,0,1,1,WIDTH_INC,0,1,0,59,0
Delhi Safdarjung Enclave,NORTH,STEPPER,FRAME,TITANIUM|RIMLESS|SQUARE,MALE,10120,,,SYS166221,,10120,FREE,SYS166221,SI/87929 - Stepper - Male - F010 - 55 - Rimless - Square - Titanium,0,1,1,WIDTH_INC,0,1,0,6,0
Ghaziabad Nehru Nagar,NORTH,ADMYRA,FRAME,TR|FULL|SQUARE,MALE,2190,,,SYS163979,,2190,FREE,SYS163979,AM 9907 - Admyra - Male - C1 - 53 - Full Frame - Square - TR,0,1,1,WIDTH_INC,0,12,0,17,5
Noida MOI,NORTH,VERSACE,FRAME,SHEET|FULL|SQUARE,MALE,19990,,,SYS148613,,19990,FREE,SYS148613,VE3377U - Versace - Male - 108 - 53 - Full Frame - Square - Sheet,0,1,1,WIDTH_INC,0,1,0,3,0
Indore Vijay Nagar,NORTH,ADMYRA,FRAME,SHEET|FULL|CAT EYE,FEMALE,2990,,,SYS115304,,2990,FREE,SYS115304,AM 101 - Admyra - Female - Black - 53 - Full Frame - Cat Eye - Sheet,0,1,1,WIDTH_INC,0,29,27,29,9
Varanasi Mahmoorganj,NORTH,RAYBAN,FRAME,METAL|RIMLESS|RECTANGLE,MALE,12290,,,SYS168936,,12290,FREE,SYS168936,RX8423 - Rayban - Male - 2509 - 54 - Rimless - Rectangle - Metal,0,1,1,WIDTH_INC,0,2,0,2,1
Jhunjhunu Indra Nagar,WEST,AVANTA,FRAME,METAL|FULL|SQUARE,MALE,1790,,,SYS165489,,1790,FREE,SYS165489,AV 7241 - Avanta - Male - C2 - 53 - Full Frame - Square - Metal,0,1,1,WIDTH_INC,0,3,2,149,0
Vijayawada Mogalrajpuram,SOUTH,AVANTA,FRAME,METAL|FULL|RECTANGLE,FEMALE,1190,,,SYS159071,,1190,FREE,SYS159071,AV JP244110 - Avanta - Female - Gold - 50 - Full Frame - Rectangle - Metal,0,1,1,WIDTH_INC,0,2,0,38,0
Indirapuram Shakti Khand Eros Market,NORTH,VOGUE JUNIOR,FRAME,SHEET|FULL|SQUARE,KIDS,3890,,,SYS144746,,3890,FREE,SYS144746,VY2032 - Vogue Junior - Kids - 3066 - 47 - Full Frame - Square - Sheet,0,1,1,WIDTH_INC,0,1,0,4,3
Delhi Safdarjung Enclave,NORTH,VOGUE,FRAME,METAL|FULL|RECTANGLE,MALE,5590,,,SYS166672,,5590,FREE,SYS166672,VO4354 - Vogue - Male - 5152 - 52 - Full Frame - Rectangle - Metal,0,1,1,WIDTH_INC,0,2,0,8,0
Delhi Safdarjung Enclave,NORTH,VOGUE,FRAME,SHEET|FULL|SQUARE,MALE,6090,,,SYS166676,,6090,FREE,SYS166676,VO5708 - Vogue - Male - 3187 - 49 - Full Frame - Square - Sheet,0,1,1,WIDTH_INC,0,2,0,8,0
Jammu BC Road Rehari Chungi,NORTH,ADMYRA,FRAME,SHEET|FULL|SQUARE,MALE,2490,,,SYS67557,,2490,FREE,SYS67557,AM 001 - Admyra - Male - D/Grey - 53 - Full Frame - Square - Sheet,0,1,1,WIDTH_INC,0,72,40,11,0
Jammu BC Road Rehari Chungi,NORTH,ADMYRA,FRAME,SHEET|FULL|SQUARE,MALE,2490,,,SYS67558,,2490,FREE,SYS67558,AM 001 - Admyra - Male - Transparent - 53 - Full Frame - Square - Sheet,0,1,1,WIDTH_INC,0,84,54,11,0
Jammu BC Road Rehari Chungi,NORTH,ADMYRA,FRAME,SHEET|FULL|SQUARE,MALE,2490,,,SYS67555,,2490,FREE,SYS67555,AM 001 - Admyra - Male - Black - 53 - Full Frame - Square - Sheet,0,1,1,WIDTH_INC,0,132,84,11,0
Delhi Safdarjung Enclave,NORTH,MONTBLANC,FRAME,SHEET|FULL|SQUARE,MALE,23000,,,SYS166592,,23000,FREE,SYS166592,MB0452O - Montblanc - Male - 003 - 55 - Full Frame - Square - Sheet,0,1,1,WIDTH_INC,0,1,0,3,0
Delhi Safdarjung Enclave,NORTH,MONTBLANC,FRAME,TITANIUM|HALF|RECTANGLE,MALE,29900,,,SYS166593,,29900,FREE,SYS166593,MB0313OA - Montblanc - Male - 001 - 54 - Half Frame - Rectangle - Titanium,0,1,1,WIDTH_INC,0,1,0,3,0
Jhunjhunu Indra Nagar,WEST,AVANTA,FRAME,TR|FULL|CAT EYE,FEMALE,1190,,,SYS164753,,1190,FREE,SYS164753,AV 149005 - Avanta - Female - Demi - 54 - Full Frame - Cat Eye - TR,0,1,1,WIDTH_INC,0,2,0,149,0
Jhunjhunu Indra Nagar,WEST,AVANTA,FRAME,METAL|FULL|AVIATOR,MALE,1190,,,SYS164716,,1190,FREE,SYS164716,AV PB001 - Avanta - Male - Gold - 56 - Full Frame - Aviator - Metal,0,1,1,WIDTH_INC,0,12,10,149,0
Varanasi Mahmoorganj,NORTH,AVANTA,FRAME,METAL|FULL|HEXAGON,MALE,790,,,SYS168799,,790,FREE,SYS168799,AV 85003 - Avanta - Male - Silver - 49 - Full Frame - Hexagon - Metal,0,1,1,WIDTH_INC,0,5,0,29,0
Jhunjhunu Indra Nagar,WEST,AVANTA,FRAME,METAL|FULL|AVIATOR,MALE,1190,,,SYS164719,,1190,FREE,SYS164719,AV PB001 - Avanta - Male - Silver - 56 - Full Frame - Aviator - Metal,0,1,1,WIDTH_INC,0,12,9,149,0
Ghaziabad Nehru Nagar,NORTH,AVANTA,FRAME,TR|FULL|ROUND,UNISEX,990,,,SYS163224,,990,FREE,SYS163224,AV 303039 - Avanta - Unisex - Trans/Green - 47 - Full Frame - Round - TR,0,1,1,WIDTH_INC,0,7,0,19,0
Ranchi Kutchery Road,EAST,AVANTA,FRAME,METAL|SUPRA|RECTANGLE,MALE,890,,,SYS167427,,890,FREE,SYS167427,AV 825071 - Avanta - Male - Gun - 48 - Supra - Rectangle - Metal,0,1,1,WIDTH_INC,0,12,1,21,0
Patna RPS Mod,NORTH,ADMYRA,FRAME,SHEET|FULL|RECTANGLE,MALE,2490,,,SYS67856,,2490,FREE,SYS67856,AM 039 - Admyra - Male - Black - 51 - Full Frame - Rectangle - Sheet,0,1,1,WIDTH_INC,0,103,53,10,3
Patna RPS Mod,NORTH,ADMYRA,FRAME,SHEET|FULL|RECTANGLE,MALE,2490,,,SYS67859,,2490,FREE,SYS67859,AM 039 - Admyra - Male - MT.Black - 51 - Full Frame - Rectangle - Sheet,0,1,1,WIDTH_INC,0,70,44,10,3
Patna RPS Mod,NORTH,ADMYRA,FRAME,SHEET|FULL|RECTANGLE,MALE,2490,,,SYS67860,,2490,FREE,SYS67860,AM 039 - Admyra - Male - MT.Blue - 51 - Full Frame - Rectangle - Sheet,0,1,1,WIDTH_INC,0,106,69,10,3
Guwahati Bhangagarh,NORTH,ADMYRA,FRAME,SHEET|FULL|CAT EYE,FEMALE,2790,,,SYS162308,,2790,FREE,SYS162308,AM 0131 - Admyra - Female - Purple - 51 - Full Frame - Cat Eye - Sheet,0,1,1,WIDTH_INC,0,44,39,28,16
Sikar Police Line Road I Max,WEST,AVANTA,FRAME,SHEET|FULL|SQUARE,MALE,1190,,,SYS162649,,1190,FREE,SYS162649,AV 0063 - Avanta - Male - Trans/Grey - 51 - Full Frame - Square - Sheet,0,1,1,WIDTH_INC,0,267,247,29,0
Jhunjhunu Indra Nagar,WEST,AVANTA,FRAME,TR|FULL|RECTANGLE,MALE,790,,,SYS118601,,790,FREE,SYS118601,AV 8021 - Avanta - Male - Black - 50 - Full Frame - Rectangle - TR,0,1,1,WIDTH_INC,0,10,0,149,0
Ghaziabad Nehru Nagar,NORTH,AVANTA,FRAME,METAL|FULL|CAT EYE,FEMALE,1190,,,SYS163521,,1190,FREE,SYS163521,AV 930102 - Avanta - Female - Copper - 50 - Full Frame - Cat Eye - Metal,0,1,1,WIDTH_INC,0,1,0,19,0
Jodhpur Sardarpura,WEST,AVANTA,FRAME,METAL|SUPRA|RECTANGLE,MALE,490,,,SYS160681,,490,FREE,SYS160681,AV 31010 - Avanta - Male - Gun - 51 - Supra - Rectangle - Metal,0,1,1,WIDTH_INC,0,10,0,11,0
Delhi Safdarjung Enclave,NORTH,VOGUE,FRAME,SHEET|FULL|CAT EYE,FEMALE,7290,,,SYS166318,,7290,FREE,SYS166318,VO5239 - Vogue - Female - W44 - 52 - Full Frame - Cat Eye - Sheet,0,1,1,WIDTH_INC,0,1,0,8,0
Jaipur Vaishali Nagar,WEST,ADMYRA,FRAME,SHEET|FULL|SQUARE,MALE,2490,,,SYS67555,,2490,FREE,SYS67555,AM 001 - Admyra - Male - Black - 53 - Full Frame - Square - Sheet,0,1,1,WIDTH_INC,0,132,84,4,0
Jhunjhunu Indra Nagar,WEST,AVANTA,FRAME,METAL|FULL|CAT EYE,FEMALE,1590,,,SYS165407,,1590,FREE,SYS165407,AV SY1898 - Avanta - Female - C1 - 51 - Full Frame - Cat Eye - Metal,0,1,1,WIDTH_INC,0,2,1,149,0
Jhunjhunu Indra Nagar,WEST,AVANTA,FRAME,METAL|FULL|SQUARE,MALE,1590,,,SYS165398,,1590,FREE,SYS165398,AV 56111 - Avanta - Male - C5 - 55 - Full Frame - Square - Metal,0,1,1,WIDTH_INC,0,2,1,149,0
Jhunjhunu Indra Nagar,WEST,AVANTA,FRAME,METAL|FULL|CAT EYE,FEMALE,1190,,,SYS165350,,1190,FREE,SYS165350,AV JM8812 - Avanta - Female - C3 - 52 - Full Frame - Cat Eye - Metal,0,1,1,WIDTH_INC,0,2,0,149,0
Ghaziabad Nehru Nagar,NORTH,ADMYRA,FRAME,METAL|RIMLESS|RECTANGLE,MALE,2190,,,SYS117031,,2190,FREE,SYS117031,AM XY006 - Admyra - Male - C2 - 50 - Rimless - Rectangle - Metal,0,1,1,WIDTH_INC,0,1,0,17,5
Jhunjhunu Indra Nagar,WEST,AVANTA,FRAME,METAL|HALF|CAT EYE,FEMALE,1190,,,SYS165357,,1190,FREE,SYS165357,AV JM8811 - Avanta - Female - C3 - 53 - Half Frame - Cat Eye - Metal,0,1,1,WIDTH_INC,0,2,0,149,0
Jhunjhunu Indra Nagar,WEST,AVANTA,FRAME,METAL|HALF|CAT EYE,FEMALE,1190,,,SYS165356,,1190,FREE,SYS165356,AV JM8811 - Avanta - Female - C2 - 53 - Half Frame - Cat Eye - Metal,0,1,1,WIDTH_INC,0,2,0,149,0
Jhunjhunu Indra Nagar,WEST,AVANTA,FRAME,METAL|HALF|CAT EYE,FEMALE,1190,,,SYS165358,,1190,FREE,SYS165358,AV JM8811 - Avanta - Female - C4 - 53 - Half Frame - Cat Eye - Metal,0,1,1,WIDTH_INC,0,1,0,149,0
Jhunjhunu Indra Nagar,WEST,AVANTA,FRAME,METAL|FULL|SQUARE,FEMALE,1190,,,SYS165360,,1190,FREE,SYS165360,AV 82002 - Avanta - Female - C3 - 51 - Full Frame - Square - Metal,0,1,1,WIDTH_INC,0,1,0,149,0
Delhi Pitampura,NORTH,RAYBAN,SUNGLASS,METAL|FULL|SQUARE,MALE,12690,,,SYS76951,,12690,FREE,SYS76951,RBR0102S - Rayban - Male - 004/GR - 58 - Sunglass - Square - Metal,0,1,1,WIDTH_INC,0,1,0,3,0
Patiala Randhawa Eye,NORTH,ADMYRA,FRAME,SHEET|FULL|SQUARE,MALE,2990,,,SYS114392,,2990,FREE,SYS114392,AM 104 - Admyra - Male - Trans/Blue - 53 - Full Frame - Square - Sheet,0,1,1,WIDTH_INC,0,1,0,16,2
Delhi Safdarjung Enclave,NORTH,OMBRA,SUNGLASS,SHEET|FULL|ROUND,UNISEX,1390,,,SYS166440,,1390,FREE,SYS166440,OB 6260P - OMBRA - Unisex - C1 - 51 - Sunglass - Round - Sheet,0,1,1,WIDTH_INC,0,10,6,3,2
Jammu BC Road Rehari Chungi,NORTH,ADMYRA,FRAME,SHEET|FULL|RECTANGLE,MALE,2490,,,SYS67859,,2490,FREE,SYS67859,AM 039 - Admyra - Male - MT.Black - 51 - Full Frame - Rectangle - Sheet,0,1,1,WIDTH_INC,0,70,44,11,0
Jammu BC Road Rehari Chungi,NORTH,ADMYRA,FRAME,SHEET|FULL|RECTANGLE,MALE,2490,,,SYS67860,,2490,FREE,SYS67860,AM 039 - Admyra - Male - MT.Blue - 51 - Full Frame - Rectangle - Sheet,0,1,1,WIDTH_INC,0,106,69,11,0
Jammu BC Road Rehari Chungi,NORTH,ADMYRA,FRAME,SHEET|FULL|RECTANGLE,MALE,2490,,,SYS67858,,2490,FREE,SYS67858,AM 039 - Admyra - Male - D/Grey - 51 - Full Frame - Rectangle - Sheet,0,1,1,WIDTH_INC,0,74,53,11,0
Jammu BC Road Rehari Chungi,NORTH,ADMYRA,FRAME,SHEET|FULL|RECTANGLE,MALE,2490,,,SYS67856,,2490,FREE,SYS67856,AM 039 - Admyra - Male - Black - 51 - Full Frame - Rectangle - Sheet,0,1,1,WIDTH_INC,0,103,53,11,0
Jhunjhunu Indra Nagar,WEST,AVANTA,FRAME,METAL|SUPRA|RECTANGLE,MALE,590,,,SYS164968,,590,FREE,SYS164968,AV 12896 - Avanta - Male - Gun - 51 - Supra - Rectangle - Metal,0,1,1,WIDTH_INC,0,3,0,149,0
Jhunjhunu Indra Nagar,WEST,AVANTA,FRAME,METAL|HALF|CAT EYE,FEMALE,790,,,SYS165005,,790,FREE,SYS165005,AV 7310 - Avanta - Female - Copper - 50 - Half Frame - Cat Eye - Metal,0,1,1,WIDTH_INC,0,2,0,149,0
Jhunjhunu Indra Nagar,WEST,AVANTA,FRAME,METAL|HALF|RECTANGLE,FEMALE,790,,,SYS165013,,790,FREE,SYS165013,AV 7306 - Avanta - Female - Purple - 50 - Half Frame - Rectangle - Metal,0,1,1,WIDTH_INC,0,2,0,149,0
Palwal New Colony,NORTH,AVANTA,FRAME,TR|FULL|ROUND,UNISEX,990,,,SYS167109,,990,FREE,SYS167109,AV 250986 - Avanta - Unisex - C1 - 48 - Full Frame - Round - TR,0,1,1,WIDTH_INC,0,9,0,19,0
Ranchi Kutchery Road,EAST,RAYBAN,FRAME,METAL|HALF|RECTANGLE,MALE,6290,,,SYS166617,,6290,FREE,SYS166617,RX6555I - Rayban - Male - 2502 - 53 - Supra - Rectangle - Metal,0,1,1,WIDTH_INC,0,1,0,5,3
Ranchi Kutchery Road,EAST,RAYBAN,FRAME,METAL|HALF|RECTANGLE,MALE,6290,,,SYS166618,,6290,FREE,SYS166618,RX6555I - Rayban - Male - 2890 - 53 - Supra - Rectangle - Metal,0,1,1,WIDTH_INC,0,2,0,5,3
Jhunjhunu Indra Nagar,WEST,AVANTA,FRAME,TR|FULL|ROUND,FEMALE,990,,,SYS165064,,990,FREE,SYS165064,AV TR85606 - Avanta - Female - Brown - 50 - Full Frame - Round - TR,0,1,1,WIDTH_INC,0,4,3,149,0
Delhi Ashok Vihar Phase II,NORTH,VOGUE,FRAME,METAL|RIMLESS|CAT EYE,FEMALE,5290,,,SYS166614,,5290,FREE,SYS166614,VO4361I - Vogue - Female - 323 - 53 - Rimless - Cat Eye - Metal,0,1,1,WIDTH_INC,0,2,0,3,2
Palwal New Colony,NORTH,AVANTA,FRAME,TR|FULL|CAT EYE,FEMALE,990,,,SYS166990,,990,FREE,SYS166990,AV 250902 - Avanta - Female - Black - 47 - Full Frame - Cat Eye - TR,0,1,1,WIDTH_INC,0,7,0,19,0
Noida Sec 50,NORTH,VOGUE,SUNGLASS,SHEET|FULL|RECTANGLE,MALE,6090,,,SYS60400,,6090,FREE,SYS60400,VO5404S - Vogue - Male - 297180 - 54 - Sunglass - Rectangle - Sheet,0,1,1,WIDTH_INC,0,1,0,2,0
Jhunjhunu Indra Nagar,WEST,AVANTA,FRAME,METAL|FULL|AVIATOR,MALE,990,,,SYS164793,,990,FREE,SYS164793,AV 88805 - Avanta - Male - Gold/Brown - 55 - Full Frame - Aviator - Metal,0,1,1,WIDTH_INC,0,1,0,149,0
Vijayawada Mogalrajpuram,SOUTH,AVANTA,FRAME,SHEET|FULL|SQUARE,MALE,1190,,,SYS158369,,1190,FREE,SYS158369,AV 0064 - Avanta - Male - D/Brown - 54 - Full Frame - Square - Sheet,0,1,1,WIDTH_INC,0,157,148,38,0
Vijayawada Mogalrajpuram,SOUTH,AVANTA,FRAME,SHEET|FULL|RECTANGLE,MALE,1190,,,SYS158378,,1190,FREE,SYS158378,AV 0061 - Avanta - Male - Black - 53 - Full Frame - Rectangle - Sheet,0,1,1,WIDTH_INC,0,143,113,38,0
Vijayawada Mogalrajpuram,SOUTH,AVANTA,FRAME,SHEET|FULL|SQUARE,MALE,1190,,,SYS158368,,1190,FREE,SYS158368,AV 0064 - Avanta - Male - Black - 54 - Full Frame - Square - Sheet,0,1,1,WIDTH_INC,0,170,140,38,0
Vijayawada Mogalrajpuram,SOUTH,AVANTA,FRAME,SHEET|FULL|SQUARE,MALE,1190,,,SYS158372,,1190,FREE,SYS158372,AV 0064 - Avanta - Male - Trans/Grey - 54 - Full Frame - Square - Sheet,0,1,1,WIDTH_INC,0,121,117,38,0
Jhunjhunu Indra Nagar,WEST,AVANTA,FRAME,METAL|FULL|SQUARE,MALE,990,,,SYS164810,,990,FREE,SYS164810,AV 7412205 - Avanta - Male - Gold/Blk - 51 - Full Frame - Square - Metal,0,1,1,WIDTH_INC,0,9,0,149,0
Jhunjhunu Indra Nagar,WEST,AVANTA,FRAME,METAL|FULL|SQUARE,MALE,990,,,SYS164812,,990,FREE,SYS164812,AV 7412205 - Avanta - Male - Silver - 51 - Full Frame - Square - Metal,0,1,1,WIDTH_INC,0,7,4,149,0
Jhunjhunu Indra Nagar,WEST,AVANTA,FRAME,METAL|FULL|SQUARE,MALE,990,,,SYS164811,,990,FREE,SYS164811,AV 7412205 - Avanta - Male - Gun/Grey - 51 - Full Frame - Square - Metal,0,1,1,WIDTH_INC,0,8,0,149,0
Jabalpur Napier Town,SOUTH,AVANTA,FRAME,SHEET|FULL|SQUARE,MALE,1190,,,SYS162649,,1190,FREE,SYS162649,AV 0063 - Avanta - Male - Trans/Grey - 51 - Full Frame - Square - Sheet,0,1,1,WIDTH_INC,0,267,247,59,0
Patna RPS Mod,NORTH,ADMYRA,FRAME,SHEET|FULL|SQUARE,MALE,2490,,,SYS67558,,2490,FREE,SYS67558,AM 001 - Admyra - Male - Transparent - 53 - Full Frame - Square - Sheet,0,1,1,WIDTH_INC,0,84,54,10,3
Jhunjhunu Indra Nagar,WEST,AVANTA,FRAME,METAL|SUPRA|RECTANGLE,MALE,590,,,SYS164845,,590,FREE,SYS164845,AV 25035524 - Avanta - Male - Black - 48 - Supra - Rectangle - Metal,0,1,1,WIDTH_INC,0,3,0,149,0
Vijayawada Mogalrajpuram,SOUTH,AVANTA,FRAME,SHEET|FULL|ROUND,UNISEX,1190,,,SYS158414,,1190,FREE,SYS158414,AV 0068HD - Avanta - Unisex - D/Wine - 48 - Full Frame - Round - Sheet,0,1,1,WIDTH_INC,0,74,64,38,0
Vijayawada Mogalrajpuram,SOUTH,AVANTA,FRAME,SHEET|FULL|CAT EYE,FEMALE,1190,,,SYS158410,,1190,FREE,SYS158410,AV 0072HD - Avanta - Female - Purple - 51 - Full Frame - Cat Eye - Sheet,0,1,1,WIDTH_INC,0,60,41,38,0
Palwal New Colony,NORTH,AVANTA,FRAME,TR|FULL|RECTANGLE,MALE,990,,,SYS166965,,990,FREE,SYS166965,AV 50043 - Avanta - Male - C2 - 51 - Full Frame - Rectangle - TR,0,1,1,WIDTH_INC,0,9,1,19,0
Jhunjhunu Indra Nagar,WEST,AVANTA,FRAME,METAL|FULL|HEXAGON,MALE,890,,,SYS164946,,890,FREE,SYS164946,AV 85012 - Avanta - Male - Burgundy - 50 - Full Frame - Hexagon - Metal,0,1,1,WIDTH_INC,0,1,0,149,0
Delhi Rohini Ring Road Mall,NORTH,ADMYRA,FRAME,SHEET|FULL|RECTANGLE,MALE,2490,,,SYS67860,,2490,FREE,SYS67860,AM 039 - Admyra - Male - MT.Blue - 51 - Full Frame - Rectangle - Sheet,0,1,1,WIDTH_INC,0,106,69,10,2
Delhi Rohini Ring Road Mall,NORTH,ADMYRA,FRAME,SHEET|FULL|RECTANGLE,MALE,2490,,,SYS67858,,2490,FREE,SYS67858,AM 039 - Admyra - Male - D/Grey - 51 - Full Frame - Rectangle - Sheet,0,1,1,WIDTH_INC,0,74,53,10,2
Delhi Rohini Ring Road Mall,NORTH,ADMYRA,FRAME,SHEET|FULL|RECTANGLE,MALE,2490,,,SYS67859,,2490,FREE,SYS67859,AM 039 - Admyra - Male - MT.Black - 51 - Full Frame - Rectangle - Sheet,0,1,1,WIDTH_INC,0,70,44,10,2
Delhi Rohini Ring Road Mall,NORTH,ADMYRA,FRAME,SHEET|FULL|RECTANGLE,MALE,2490,,,SYS67856,,2490,FREE,SYS67856,AM 039 - Admyra - Male - Black - 51 - Full Frame - Rectangle - Sheet,0,1,1,WIDTH_INC,0,103,53,10,2
Jhunjhunu Indra Nagar,WEST,AVANTA,FRAME,METAL|FULL|RECTANGLE,MALE,590,,,SYS164861,,590,FREE,SYS164861,AV 25035526 - Avanta - Male - Black - 48 - Full Frame - Rectangle - Metal,0,1,1,WIDTH_INC,0,5,0,149,0
Srinagar Baghat Fazili,NORTH,ADMYRA,FRAME,SHEET|FULL|SQUARE,MALE,2490,,,SYS67555,,2490,FREE,SYS67555,AM 001 - Admyra - Male - Black - 53 - Full Frame - Square - Sheet,0,1,1,WIDTH_INC,0,132,84,3,0
Jaipur Vaishali Nagar,WEST,ADMYRA,FRAME,SHEET|FULL|RECTANGLE,MALE,2490,,,SYS67856,,2490,FREE,SYS67856,AM 039 - Admyra - Male - Black - 51 - Full Frame - Rectangle - Sheet,0,1,1,WIDTH_INC,0,103,53,4,0
Gurgaon Sector 51 M2K,NORTH,VERSACE,FRAME,SHEET|FULL|CAT EYE,FEMALE,15690,,,SYS56577,,15690,FREE,SYS56577,VE3186 - Versace - Female - 5077 - 54 - Full Frame - Cat Eye - Sheet,0,1,1,WIDTH_INC,0,1,0,6,0
Noida GaurCity,NORTH,ADMYRA,FRAME,SHEET|FULL|SQUARE,MALE,2490,,,SYS67558,,2490,FREE,SYS67558,AM 001 - Admyra - Male - Transparent - 53 - Full Frame - Square - Sheet,0,1,1,WIDTH_INC,0,84,54,12,5
Noida GaurCity,NORTH,ADMYRA,FRAME,SHEET|FULL|SQUARE,MALE,2490,,,SYS67559,,2490,FREE,SYS67559,AM 001 - Admyra - Male - MT.Black - 53 - Full Frame - Square - Sheet,0,1,1,WIDTH_INC,0,61,44,12,5
Noida GaurCity,NORTH,ADMYRA,FRAME,SHEET|FULL|SQUARE,MALE,2490,,,SYS67555,,2490,FREE,SYS67555,AM 001 - Admyra - Male - Black - 53 - Full Frame - Square - Sheet,0,1,1,WIDTH_INC,0,132,84,12,5
Nashik Navkar Eye,WEST,ADMYRA,FRAME,SHEET|FULL|CAT EYE,FEMALE,2790,,,SYS162316,,2790,FREE,SYS162316,AM 0133 - Admyra - Female - Black - 53 - Full Frame - Cat Eye - Sheet,0,1,1,WIDTH_INC,0,49,19,2,0
Varanasi Mahmoorganj,NORTH,AVANTA,FRAME,METAL|SUPRA|RECTANGLE,MALE,990,,,SYS168555,,990,FREE,SYS168555,AV 8825712 - Avanta - Male - Gun - 52 - Supra - Rectangle - Metal,0,1,1,WIDTH_INC,0,15,0,29,0
Varanasi Mahmoorganj,NORTH,AVANTA,FRAME,TR|FULL|RECTANGLE,FEMALE,890,,,SYS168523,,890,FREE,SYS168523,AV 87009 - Avanta - Female - Black - 50 - Full Frame - Rectangle - TR,0,1,1,WIDTH_INC,0,7,0,29,0
Delhi Shahdara,NORTH,AVANTA,FRAME,METAL|HALF|RECTANGLE,FEMALE,990,,,SYS163556,,990,FREE,SYS163556,AV 202438 - Avanta - Female - Beige - 48 - Half Frame - Rectangle - Metal,0,1,1,WIDTH_INC,0,5,2,3,0
Panvel Laxmi Eye,WEST,FRENCH CONNECTION,FRAME,SHEET|FULL|SQUARE,MALE,3490,,,SYS88653,,3490,FREE,SYS88653,FC 9761 - French Connection - Male - C3 - 53 - Full Frame - Square - Sheet,0,1,1,WIDTH_INC,0,1,0,10,8
Panvel Laxmi Eye,WEST,FRENCH CONNECTION,FRAME,SHEET|FULL|SQUARE,MALE,3490,,,SYS88651,,3490,FREE,SYS88651,FC 9761 - French Connection - Male - C1 - 53 - Full Frame - Square - Sheet,0,1,1,WIDTH_INC,0,4,0,10,8
Varanasi Mahmoorganj,NORTH,AVANTA,FRAME,METAL|SUPRA|RECTANGLE,MALE,790,,,SYS168394,,790,FREE,SYS168394,AV ZXA42003 - Avanta - Male - Gun - 48 - Supra - Rectangle - Metal,0,1,1,WIDTH_INC,0,24,0,29,0
Ranchi Kutchery Road,EAST,OMBRA,SUNGLASS,SHEET|FULL|RECTANGLE,MALE,1390,,,SYS166351,,1390,FREE,SYS166351,OB 66607 - OMBRA - Male - C6 - 54 - Sunglass - Rectangle - Sheet,0,1,1,WIDTH_INC,0,11,0,2,0
Kolkata Madhyamgram,EAST,AVANTA KIDS,FRAME,TR|FULL|RECTANGLE,KIDS,790,,,SYS168342,,790,FREE,SYS168342,AV 95007 - Avanta Kids - Kids - Purple/Pink - 45 - Full Frame - Rectangle - TR,0,1,1,WIDTH_INC,0,6,2,8,0
Kolkata Madhyamgram,EAST,AVANTA KIDS,FRAME,TR|FULL|RECTANGLE,KIDS,790,,,SYS168336,,790,FREE,SYS168336,AV 95007 - Avanta Kids - Kids - Black - 45 - Full Frame - Rectangle - TR,0,1,1,WIDTH_INC,0,6,0,8,0
Kolkata Madhyamgram,EAST,AVANTA KIDS,FRAME,TR|FULL|ROUND,KIDS,790,,,SYS168317,,790,FREE,SYS168317,AV 95008 - Avanta Kids - Kids - Trans/Pink - 43 - Full Frame - Round - TR,0,1,1,WIDTH_INC,0,6,0,8,0
Palwal New Colony,NORTH,AVANTA,FRAME,METAL|SUPRA|RECTANGLE,MALE,890,,,SYS167427,,890,FREE,SYS167427,AV 825071 - Avanta - Male - Gun - 48 - Supra - Rectangle - Metal,0,1,1,WIDTH_INC,0,12,1,19,0
Varanasi Mahmoorganj,NORTH,AVANTA,FRAME,METAL|FULL|SQUARE,MALE,790,,,SYS168775,,790,FREE,SYS168775,AV 8253205 - Avanta - Male - Gun - 48 - Full Frame - Square - Metal,0,1,1,WIDTH_INC,0,11,0,29,0
Varanasi Mahmoorganj,NORTH,AVANTA,FRAME,SHEET|FULL|SQUARE,FEMALE,1290,,,SYS168768,,1290,FREE,SYS168768,AV 9773 - Avanta - Female - C1 - 52 - Full Frame - Square - Sheet,0,1,1,WIDTH_INC,0,8,0,29,0
Varanasi Mahmoorganj,NORTH,AVANTA,FRAME,METAL|RIMLESS|RECTANGLE,MALE,990,,,SYS168746,,990,FREE,SYS168746,AV ST1006 - Avanta - Male - Gun - 52 - Rimless - Rectangle - Metal,0,1,1,WIDTH_INC,0,9,4,29,0
Kolkata Madhyamgram,EAST,AVANTA KIDS,FRAME,TR|FULL|CAT EYE,KIDS,790,,,SYS168368,,790,FREE,SYS168368,AV 95010 - Avanta Kids - Kids - D/Purple - 46 - Full Frame - Cat Eye - TR,0,1,1,WIDTH_INC,0,7,0,8,0
Kolkata Madhyamgram,EAST,AVANTA KIDS,FRAME,TR|FULL|CAT EYE,KIDS,790,,,SYS168367,,790,FREE,SYS168367,AV 95010 - Avanta Kids - Kids - Trans/Purple - 46 - Full Frame - Cat Eye - TR,0,1,1,WIDTH_INC,0,6,0,8,0
Jhunjhunu Indra Nagar,WEST,AVANTA,FRAME,TR|FULL|ROUND,UNISEX,990,,,SYS163222,,990,FREE,SYS163222,AV 303039 - Avanta - Unisex - MT.Green - 47 - Full Frame - Round - TR,0,1,1,WIDTH_INC,0,6,0,149,0
Jhunjhunu Indra Nagar,WEST,AVANTA,FRAME,TR|FULL|ROUND,UNISEX,990,,,SYS163224,,990,FREE,SYS163224,AV 303039 - Avanta - Unisex - Trans/Green - 47 - Full Frame - Round - TR,0,1,1,WIDTH_INC,0,7,0,149,0
Varanasi Mahmoorganj,NORTH,AVANTA,FRAME,METAL|SUPRA|RECTANGLE,MALE,690,,,SYS143390,,690,FREE,SYS143390,AV 31004 - Avanta - Male - Gun - 51 - Supra - Rectangle - Metal,0,1,1,WIDTH_INC,0,8,0,29,0
Delhi Vikaspuri Najafgarh Road,NORTH,AVANTA,FRAME,TR|FULL|SQUARE,MALE,990,,,SYS166960,,990,FREE,SYS166960,AV TB6041 - Avanta - Male - C1/6 - 51 - Full Frame - Square - TR,0,1,1,WIDTH_INC,0,14,0,5,0
Kolkata Madhyamgram,EAST,RAYBAN,FRAME,METAL|RIMLESS|RECTANGLE,MALE,12290,,,SYS168936,,12290,FREE,SYS168936,RX8423 - Rayban - Male - 2509 - 54 - Rimless - Rectangle - Metal,0,1,1,WIDTH_INC,0,2,0,9,5
Ranchi Kutchery Road,EAST,OMBRA,SUNGLASS,SHEET|FULL|RECTANGLE,MALE,1590,,,SYS166510,,1590,FREE,SYS166510,OB 9870P - OMBRA - Male - C4 - 50 - Sunglass - Rectangle - Sheet,0,1,1,WIDTH_INC,0,11,0,2,0
Hisar Sec 14,NORTH,AVANTA,FRAME,SHEET|FULL|RECTANGLE,MALE,1190,,,SYS158381,,1190,FREE,SYS158381,AV 0061 - Avanta - Male - Trans/Grey - 53 - Full Frame - Rectangle - Sheet,0,1,1,WIDTH_INC,0,128,109,11,0
Hisar Sec 14,NORTH,AVANTA,FRAME,SHEET|FULL|CAT EYE,FEMALE,1190,,,SYS158408,,1190,FREE,SYS158408,AV 0072HD - Avanta - Female - Black - 51 - Full Frame - Cat Eye - Sheet,0,1,1,WIDTH_INC,0,55,43,11,0
Hisar Sec 14,NORTH,AVANTA,FRAME,SHEET|FULL|ROUND,UNISEX,1190,,,SYS158413,,1190,FREE,SYS158413,AV 0068HD - Avanta - Unisex - Black - 48 - Full Frame - Round - Sheet,0,1,1,WIDTH_INC,0,54,51,11,0
Delhi Ashok Vihar Phase II,NORTH,AVANTA,FRAME,TR|FULL|SQUARE,MALE,990,,,SYS166959,,990,FREE,SYS166959,AV TB6041 - Avanta - Male - C1/5 - 51 - Full Frame - Square - TR,0,1,1,WIDTH_INC,0,12,0,5,0
Delhi Dwarka Krishna Mall,NORTH,RAYBAN,SUNGLASS,SHEET|FULL|RECTANGLE,MALE,10490,,,SYS75230,,10490,FREE,SYS75230,RB4396 - Rayban - Male - 668073 - 54 - Sunglass - Rectangle - Sheet,0,1,1,WIDTH_INC,0,1,0,3,0
Noida GaurCity,NORTH,ADMYRA,FRAME,SHEET|FULL|RECTANGLE,MALE,2490,,,SYS67856,,2490,FREE,SYS67856,AM 039 - Admyra - Male - Black - 51 - Full Frame - Rectangle - Sheet,0,1,1,WIDTH_INC,0,103,53,12,5
Noida Spectrum Mall,NORTH,VOGUE JUNIOR,FRAME,SHEET|FULL|CAT EYE,KIDS,4490,,,SYS144944,,4490,FREE,SYS144944,VY2034 - Vogue Junior - Kids - 2726 - 51 - Full Frame - Cat Eye - Sheet,0,1,1,WIDTH_INC,0,2,0,4,0
Noida GaurCity,NORTH,ADMYRA,FRAME,SHEET|FULL|RECTANGLE,MALE,2490,,,SYS67857,,2490,FREE,SYS67857,AM 039 - Admyra - Male - D/Brown - 51 - Full Frame - Rectangle - Sheet,0,1,1,WIDTH_INC,0,48,34,12,5
Delhi Dwarka Krishna Mall,NORTH,ADMYRA,FRAME,SHEET|FULL|CAT EYE,FEMALE,2790,,,SYS162316,,2790,FREE,SYS162316,AM 0133 - Admyra - Female - Black - 53 - Full Frame - Cat Eye - Sheet,0,1,1,WIDTH_INC,0,49,19,6,1
Palwal New Colony,NORTH,AVANTA KIDS,FRAME,TR|FULL|SQUARE,KIDS,1090,,,SYS167676,,1090,FREE,SYS167676,AV 77072 - Avanta Kids - Kids - Black - 45 - Clip on - Square - TR,0,1,1,WIDTH_INC,0,8,0,4,0
Mumbai Ghatkopar Dr Mehta Eye,WEST,AVANTA,FRAME,TR|FULL|RECTANGLE,MALE,990,,,SYS166997,,990,FREE,SYS166997,AV 250904 - Avanta - Male - Black - 53 - Full Frame - Rectangle - TR,0,1,1,WIDTH_INC,0,9,0,11,0
Kolkata AJC Bose Road,EAST,OMBRA,SUNGLASS,SHEET|FULL|RECTANGLE,MALE,1590,,,SYS166510,,1590,FREE,SYS166510,OB 9870P - OMBRA - Male - C4 - 50 - Sunglass - Rectangle - Sheet,0,1,1,WIDTH_INC,0,11,0,12,9
Gorakhpur Mughlaha,NORTH,ADMYRA,FRAME,SHEET|FULL|CAT EYE,FEMALE,2790,,,SYS162310,,2790,FREE,SYS162310,AM 0131 - Admyra - Female - Trans/Blue - 51 - Full Frame - Cat Eye - Sheet,0,1,1,WIDTH_INC,0,49,19,17,3
Gorakhpur Mughlaha,NORTH,ADMYRA,FRAME,SHEET|FULL|CAT EYE,FEMALE,2790,,,SYS162315,,2790,FREE,SYS162315,AM 0132 - Admyra - Female - Green - 52 - Full Frame - Cat Eye - Sheet,0,1,1,WIDTH_INC,0,45,42,17,3
Gorakhpur Mughlaha,NORTH,ADMYRA,FRAME,SHEET|FULL|CAT EYE,FEMALE,2790,,,SYS162316,,2790,FREE,SYS162316,AM 0133 - Admyra - Female - Black - 53 - Full Frame - Cat Eye - Sheet,0,1,1,WIDTH_INC,0,49,19,17,3
Gorakhpur Mughlaha,NORTH,ADMYRA,FRAME,SHEET|FULL|CAT EYE,FEMALE,2790,,,SYS162309,,2790,FREE,SYS162309,AM 0131 - Admyra - Female - D/Green - 51 - Full Frame - Cat Eye - Sheet,0,1,1,WIDTH_INC,0,50,38,17,3
Gorakhpur Mughlaha,NORTH,ADMYRA,FRAME,SHEET|FULL|CAT EYE,FEMALE,2790,,,SYS162319,,2790,FREE,SYS162319,AM 0133 - Admyra - Female - Trans/Green - 53 - Full Frame - Cat Eye - Sheet,0,1,1,WIDTH_INC,0,44,39,17,3
Kolkata AJC Bose Road,EAST,OMBRA,SUNGLASS,SHEET|FULL|ROUND,UNISEX,1390,,,SYS166440,,1390,FREE,SYS166440,OB 6260P - OMBRA - Unisex - C1 - 51 - Sunglass - Round - Sheet,0,1,1,WIDTH_INC,0,10,6,12,9
Delhi Dwarka Sec 09,NORTH,VERSACE,FRAME,SHEET|FULL|RECTANGLE,MALE,17390,,,SYS115961,,17390,FREE,SYS115961,VE3363U - Versace - Male - 148 - 52 - Full Frame - Rectangle - Sheet,0,1,1,WIDTH_INC,0,1,0,4,0
Kolkata AJC Bose Road,EAST,OMBRA,SUNGLASS,SHEET|FULL|SQUARE,MALE,1190,,,SYS166360,,1190,FREE,SYS166360,OB 66528 - OMBRA - Male - C9 - 54 - Sunglass - Square - Sheet,0,1,1,WIDTH_INC,0,12,3,12,9
Hyderabad Kukatpally Nizampet X Roads,SOUTH,RAYBAN JUNIOR,FRAME,SHEET|FULL|CAT EYE,KIDS,4890,,,SYS111504,,4890,FREE,SYS111504,RY1591 - Rayban Junior - Kids - 3945 - 46 - Full Frame - Cat Eye - Sheet,0,1,1,WIDTH_INC,0,2,0,6,0
Gorakhpur Mughlaha,NORTH,FRENCH CONNECTION,FRAME,SHEET|FULL|RECTANGLE,MALE,3490,,,SYS75243,,3490,FREE,SYS75243,FC 9781 - French Connection - Male - C4 - 54 - Full Frame - Rectangle - Sheet,0,1,1,WIDTH_INC,0,9,0,3,2
Hyderabad Hayathnagar,SOUTH,AVANTA,FRAME,METAL|SUPRA|RECTANGLE,MALE,490,,,SYS147815,,490,FREE,SYS147815,AV 31004 - Avanta - Male - Gun - 48 - Supra - Rectangle - Metal,0,1,1,WIDTH_INC,0,9,3,13,0
Indirapuram Shakti Khand Eros Market,NORTH,AVANTA,FRAME,SHEET|FULL|SQUARE,MALE,1290,,,SYS144874,,1290,FREE,SYS144874,AV 0051 - Avanta - Male - L.Blue - 52 - Full Frame - Square - Sheet,0,1,1,WIDTH_INC,0,1,0,32,0
Delhi Dwarka Vegas Mall Sec 14,NORTH,EMPORIO ARMANI,SUNGLASS,SHEET|FULL|RECTANGLE,MALE,13290,,,SYS115901,,13290,FREE,SYS115901,EA4234U - Emporio Armani - Male - 618587 - 57 - Sunglass - Rectangle - Sheet,0,1,1,WIDTH_INC,0,1,0,4,0
Noida MOI,NORTH,OAKLEY,SUNGLASS,METAL|FULL|RECTANGLE,MALE,14490,,,SYS104375,,14490,FREE,SYS104375,OO4142 - Oakley - Male - 414203 - 58 - Sunglass - Rectangle - Metal,0,1,1,WIDTH_INC,0,1,0,5,2
Kanpur Mall Road,NORTH,AVANTA KIDS,FRAME,TR|FULL|ROUND,KIDS,990,,,SYS120834,,990,FREE,SYS120834,AV TR11532 - Avanta Kids - Kids - MT.Blue - 47 - Full Frame - Round - TR,0,1,1,WIDTH_INC,0,2,0,5,0
Indore Sapna Sangeeta Road,NORTH,AVANTA,FRAME,TR|FULL|CAT EYE,FEMALE,790,,,SYS60536,,790,FREE,SYS60536,AV 8019 - Avanta - Female - Blk/Red - 51 - Full Frame - Cat Eye - TR,0,1,1,WIDTH_INC,0,3,0,22,0
Gurgaon Sec 29,NORTH,TOMMY HILFIGER,FRAME,SHEET|FULL|CAT EYE,FEMALE,6990,,,SYS78522,,6990,FREE,SYS78522,TH 6294 - Tommy Hilfiger - Female - C5 - 52 - Full Frame - Cat Eye - Sheet,0,1,1,WIDTH_INC,0,6,0,10,2
Gurgaon Sec 29,NORTH,TOMMY HILFIGER,FRAME,SHEET|FULL|CAT EYE,FEMALE,6990,,,SYS78521,,6990,FREE,SYS78521,TH 6294 - Tommy Hilfiger - Female - C4 - 52 - Full Frame - Cat Eye - Sheet,0,1,1,WIDTH_INC,0,1,0,10,2
Gurgaon Sec 29,NORTH,TOMMY HILFIGER,FRAME,METAL|RIMLESS|CAT EYE,FEMALE,7490,,,SYS116889,,7490,FREE,SYS116889,TH 6325 - Tommy Hilfiger - Female - C3 - 52 - Rimless - Cat Eye - Metal,0,1,1,WIDTH_INC,0,1,0,10,2
Gurgaon Sec 29,NORTH,TOMMY HILFIGER,FRAME,SHEET|FULL|CAT EYE,FEMALE,7490,,,SYS116885,,7490,FREE,SYS116885,TH 6319 - Tommy Hilfiger - Female - C3 - 53 - Full Frame - Cat Eye - Sheet,0,1,1,WIDTH_INC,0,1,0,10,2
Delhi Vikaspuri Najafgarh Road,NORTH,AVANTA KIDS,FRAME,TR|FULL|RECTANGLE,KIDS,1090,,,SYS167665,,1090,FREE,SYS167665,AV 77071 - Avanta Kids - Kids - Black - 45 - Clip on - Rectangle - TR,0,1,1,WIDTH_INC,0,8,0,4,0
Surat City Light Road,WEST,AVANTA KIDS,FRAME,PLASTIC|FULL|RECTANGLE,KIDS,1690,,,SYS68478,,1690,FREE,SYS68478,AV TR867 - Avanta Kids - Kids - C1 - 46 - Full Frame - Rectangle - Pediatric,0,1,1,WIDTH_INC,0,6,3,4,0
Delhi Vikaspuri Najafgarh Road,NORTH,AVANTA KIDS,FRAME,TR|FULL|RECTANGLE,KIDS,790,,,SYS167619,,790,FREE,SYS167619,AV TR11521 - Avanta Kids - Kids - Blue - 47 - Full Frame - Rectangle - TR,0,1,1,WIDTH_INC,0,6,0,4,0
Noida MOI,NORTH,EMPORIO ARMANI,SUNGLASS,SHEET|FULL|CAT EYE,FEMALE,16290,,,SYS148427,,16290,FREE,SYS148427,EA4251 - Emporio Armani - Female - 62658D - 54 - Sunglass - Cat Eye - Sheet,0,1,1,WIDTH_INC,0,3,1,11,7
Noida MOI,NORTH,TOMMY HILFIGER,FRAME,METAL|HALF|CAT EYE,FEMALE,8490,,,SYS148329,,8490,FREE,SYS148329,TH 6353 - Tommy Hilfiger - Female - C1 - 51 - Half Frame - Cat Eye - Metal,0,1,1,WIDTH_INC,0,1,0,8,4
Indirapuram Shakti Khand Eros Market,NORTH,AVANTA KIDS,FRAME,PEDIATRIC|FULL|SQUARE,KIDS,1690,,,SYS145050,,1690,FREE,SYS145050,AV 6608 - Avanta Kids - Kids - C3 - 45 - Full Frame - Square - Pediatric,0,1,1,WIDTH_INC,0,1,0,14,0
Badlapur Kulgaon Drishti Eye,WEST,AVANTA KIDS,FRAME,TR|FULL|SQUARE,KIDS,790,,,SYS168306,,790,FREE,SYS168306,AV 95005 - Avanta Kids - Kids - MT.Brown - 45 - Full Frame - Square - TR,0,1,1,WIDTH_INC,0,7,0,4,0
Badlapur Kulgaon Drishti Eye,WEST,AVANTA KIDS,FRAME,TR|FULL|RECTANGLE,KIDS,790,,,SYS168340,,790,FREE,SYS168340,AV 95007 - Avanta Kids - Kids - Yellow - 45 - Full Frame - Rectangle - TR,0,1,1,WIDTH_INC,0,6,0,4,0
Badlapur Kulgaon Drishti Eye,WEST,AVANTA KIDS,FRAME,TR|FULL|RECTANGLE,KIDS,790,,,SYS168344,,790,FREE,SYS168344,AV 95007 - Avanta Kids - Kids - D/Purple - 45 - Full Frame - Rectangle - TR,0,1,1,WIDTH_INC,0,7,0,4,0
Bhubneshwar Nayapalli,EAST,OMBRA,SUNGLASS,SHEET|FULL|RECTANGLE,MALE,1590,,,SYS166510,,1590,FREE,SYS166510,OB 9870P - OMBRA - Male - C4 - 50 - Sunglass - Rectangle - Sheet,0,1,1,WIDTH_INC,0,11,0,10,3
Bhubneshwar Nayapalli,EAST,OMBRA,SUNGLASS,SHEET|FULL|RECTANGLE,MALE,1590,,,SYS166512,,1590,FREE,SYS166512,OB 9870P - OMBRA - Male - C6 - 50 - Sunglass - Rectangle - Sheet,0,1,1,WIDTH_INC,0,11,0,10,3
LAJPAT NAGAR,NORTH,VOGUE JUNIOR,FRAME,SHEET|FULL|CAT EYE,KIDS,3190,,,SYS92028,,3190,FREE,SYS92028,VY2019 - Vogue Junior - Kids - 3065 - 46 - Full Frame - Cat Eye - Sheet,0,1,1,WIDTH_INC,0,1,0,4,2
Delhi Safdarjung Enclave,NORTH,AVANTA KIDS,FRAME,TR|FULL|RECTANGLE,KIDS,790,,,SYS167619,,790,FREE,SYS167619,AV TR11521 - Avanta Kids - Kids - Blue - 47 - Full Frame - Rectangle - TR,0,1,1,WIDTH_INC,0,6,0,9,0
Delhi Dwarka Sec 09,NORTH,ADMYRA,FRAME,SHEET|FULL|SQUARE,MALE,2490,,,SYS67559,,2490,FREE,SYS67559,AM 001 - Admyra - Male - MT.Black - 53 - Full Frame - Square - Sheet,0,1,1,WIDTH_INC,0,61,44,48,22
Delhi Dwarka Sec 09,NORTH,ADMYRA,FRAME,SHEET|FULL|SQUARE,MALE,2490,,,SYS67557,,2490,FREE,SYS67557,AM 001 - Admyra - Male - D/Grey - 53 - Full Frame - Square - Sheet,0,1,1,WIDTH_INC,0,72,40,48,22
Delhi Dwarka Sec 09,NORTH,ADMYRA,FRAME,SHEET|FULL|SQUARE,MALE,2490,,,SYS67558,,2490,FREE,SYS67558,AM 001 - Admyra - Male - Transparent - 53 - Full Frame - Square - Sheet,0,1,1,WIDTH_INC,0,84,54,48,22
Delhi Dwarka Sec 09,NORTH,ADMYRA,FRAME,SHEET|FULL|SQUARE,MALE,2490,,,SYS67555,,2490,FREE,SYS67555,AM 001 - Admyra - Male - Black - 53 - Full Frame - Square - Sheet,0,1,1,WIDTH_INC,0,132,84,48,22
Delhi Dwarka Sec 09,NORTH,ADMYRA,FRAME,SHEET|FULL|SQUARE,MALE,2490,,,SYS67556,,2490,FREE,SYS67556,AM 001 - Admyra - Male - D/Brown - 53 - Full Frame - Square - Sheet,0,1,1,WIDTH_INC,0,56,49,48,22
Bhubneshwar Nayapalli,EAST,OMBRA,SUNGLASS,SHEET|FULL|RECTANGLE,MALE,1590,,,SYS166547,,1590,FREE,SYS166547,OB TSM3351 - OMBRA - Male - C1 - 50 - Sunglass - Rectangle - Sheet,0,1,1,WIDTH_INC,0,11,1,10,3
Ranchi Kutchery Road,EAST,AVANTA,FRAME,TR|FULL|RECTANGLE,MALE,990,,,SYS166952,,990,FREE,SYS166952,AV 50046 - Avanta - Male - C3 - 50 - Full Frame - Rectangle - TR,0,1,1,WIDTH_INC,0,10,0,21,0
Sikar Police Line Road I Max,WEST,AVANTA,FRAME,TR|FULL|CAT EYE,FEMALE,990,,,SYS162222,,990,FREE,SYS162222,AV 132008 - Avanta - Female - Black - 51 - Full Frame - Cat Eye - TR,0,1,1,WIDTH_INC,0,7,0,29,0
Gurgaon Sec 29,NORTH,RAYBAN,FRAME,METAL|RIMLESS|SQUARE,MALE,5490,,,SYS76793,,5490,FREE,SYS76793,RX6483I - Rayban - Male - 2692 - 53 - Rimless - Square - Metal,0,1,1,WIDTH_INC,0,2,0,9,0
Noida MOI,NORTH,TOMMY HILFIGER,SUNGLASS,SHEET|FULL|WAYFARER,MALE,10990,,,SYS148353,,10990,FREE,SYS148353,TH 2658 - Tommy Hilfiger - Male - C5 - 54 - Sunglass - Wayfarer - Sheet,0,1,1,WIDTH_INC,0,2,0,7,2
Bhubneshwar Nayapalli,EAST,OMBRA,SUNGLASS,SHEET|FULL|RECTANGLE,MALE,1190,,,SYS166384,,1190,FREE,SYS166384,OB 98201P - OMBRA - Male - C1 - 53 - Sunglass - Rectangle - Sheet,0,1,1,WIDTH_INC,0,10,1,10,3
Bhubneshwar Nayapalli,EAST,OMBRA,SUNGLASS,SHEET|FULL|RECTANGLE,MALE,1190,,,SYS166385,,1190,FREE,SYS166385,OB 98201P - OMBRA - Male - C2 - 53 - Sunglass - Rectangle - Sheet,0,1,1,WIDTH_INC,0,10,0,10,3
Bhubneshwar Nayapalli,EAST,OMBRA,SUNGLASS,SHEET|FULL|RECTANGLE,MALE,1390,,,SYS166351,,1390,FREE,SYS166351,OB 66607 - OMBRA - Male - C6 - 54 - Sunglass - Rectangle - Sheet,0,1,1,WIDTH_INC,0,11,0,10,3
Bhubneshwar Nayapalli,EAST,OMBRA,SUNGLASS,SHEET|FULL|RECTANGLE,MALE,1590,,,SYS166363,,1590,FREE,SYS166363,OB 9866P - OMBRA - Male - C5 - 50 - Sunglass - Rectangle - Sheet,0,1,1,WIDTH_INC,0,10,4,10,3
Badlapur Kulgaon Drishti Eye,WEST,AVANTA,FRAME,TR|FULL|RECTANGLE,MALE,890,,,SYS166800,,890,FREE,SYS166800,AV 270812 - Avanta - Male - Black - 50 - Full Frame - Rectangle - TR,0,1,1,WIDTH_INC,0,20,0,10,0
Faridabad Sec 16A,NORTH,AVANTA,FRAME,METAL|FULL|SQUARE,MALE,1490,,,SYS91980,,1490,FREE,SYS91980,AV 720111 - Avanta - Male - Gold - 55 - Full Frame - Square - Metal,0,1,1,WIDTH_INC,0,1,0,23,0
Panvel Laxmi Eye,WEST,AVANTA,FRAME,SHEET|FULL|SQUARE,FEMALE,1290,,,SYS168768,,1290,FREE,SYS168768,AV 9773 - Avanta - Female - C1 - 52 - Full Frame - Square - Sheet,0,1,1,WIDTH_INC,0,8,0,37,0
Panvel Laxmi Eye,WEST,AVANTA,FRAME,METAL|FULL|SQUARE,MALE,790,,,SYS168775,,790,FREE,SYS168775,AV 8253205 - Avanta - Male - Gun - 48 - Full Frame - Square - Metal,0,1,1,WIDTH_INC,0,11,0,37,0
Panvel Laxmi Eye,WEST,AVANTA,FRAME,METAL|RIMLESS|RECTANGLE,MALE,990,,,SYS168746,,990,FREE,SYS168746,AV ST1006 - Avanta - Male - Gun - 52 - Rimless - Rectangle - Metal,0,1,1,WIDTH_INC,0,9,4,37,0
Ghaziabad Nehru Nagar,NORTH,AVANTA,FRAME,SHEET|FULL|SQUARE,MALE,1190,,,SYS162649,,1190,FREE,SYS162649,AV 0063 - Avanta - Male - Trans/Grey - 51 - Full Frame - Square - Sheet,0,1,1,WIDTH_INC,0,267,247,19,0
Warangal Hanamkonda Kakathiya,SOUTH,VOGUE,FRAME,METAL|FULL|CAT EYE,FEMALE,5790,,,SYS111520,,5790,FREE,SYS111520,VO4285 - Vogue - Female - 848 - 53 - Full Frame - Cat Eye - Metal,0,1,1,WIDTH_INC,0,1,0,6,4
Jabalpur Napier Town,SOUTH,AVANTA,FRAME,METAL|RIMLESS|SQUARE,MALE,1390,,,SYS160365,,1390,FREE,SYS160365,AV 250307 - Avanta - Male - C2 - 54 - Rimless - Square - Metal,0,1,1,WIDTH_INC,0,1,0,59,0
Panchkula Sector 2,NORTH,AVANTA KIDS,FRAME,TR|FULL|RECTANGLE,KIDS,790,,,SYS168342,,790,FREE,SYS168342,AV 95007 - Avanta Kids - Kids - Purple/Pink - 45 - Full Frame - Rectangle - TR,0,1,1,WIDTH_INC,0,6,2,2,0
Sikar Police Line Road I Max,WEST,AVANTA,FRAME,METAL|SUPRA|RECTANGLE,MALE,490,,,SYS160681,,490,FREE,SYS160681,AV 31010 - Avanta - Male - Gun - 51 - Supra - Rectangle - Metal,0,1,1,WIDTH_INC,0,10,0,29,0
Patiala Randhawa Eye,NORTH,AVANTA,FRAME,METAL|FULL|RECTANGLE,MALE,690,,,SYS113113,,690,FREE,SYS113113,AV 31004 - Avanta - Male - Gun - 48 - Full Frame - Rectangle - Metal,0,1,1,WIDTH_INC,0,12,0,29,0
Indore Vijay Nagar,NORTH,AVANTA KIDS,FRAME,PEDIATRIC|FULL|RECTANGLE,KIDS,1690,,,SYS115062,,1690,FREE,SYS115062,AV TR819 - Avanta Kids - kids - C1 - 45 - Full Frame - Rectangle - Pediatric,0,1,1,WIDTH_INC,0,6,0,5,0
Delhi Rohini Ring Road Mall,NORTH,FRENCH CONNECTION,FRAME,SHEET|FULL|CAT EYE,FEMALE,3990,,,SYS116777,,3990,FREE,SYS116777,FC 9971 - French Connection - Female - C5 - 52 - Full Frame - Cat Eye - Sheet,0,1,1,WIDTH_INC,0,1,0,6,4
Siliguri Sevoke Road,WEST,ADMYRA,FRAME,METAL|RIMLESS|CAT EYE,FEMALE,2490,,,SYS152845,,2490,FREE,SYS152845,AM W25614 - Admyra - Female - C1 - 54 - Rimless - Cat Eye - Metal,0,1,1,WIDTH_INC,0,1,0,12,3
Vadodara Genda Circle,NORTH,ADMYRA,FRAME,SHEET|FULL|SQUARE,MALE,2490,,,SYS67559,,2490,FREE,SYS67559,AM 001 - Admyra - Male - MT.Black - 53 - Full Frame - Square - Sheet,0,1,1,WIDTH_INC,0,61,44,10,3
Patna RPS Mod,NORTH,AVANTA,FRAME,SHEET|FULL|ROUND,UNISEX,1190,,,SYS158415,,1190,FREE,SYS158415,AV 0068HD - Avanta - Unisex - Transparent - 48 - Full Frame - Round - Sheet,0,1,1,WIDTH_INC,0,64,59,24,0
Patna RPS Mod,NORTH,AVANTA,FRAME,SHEET|FULL|RECTANGLE,MALE,1190,,,SYS158378,,1190,FREE,SYS158378,AV 0061 - Avanta - Male - Black - 53 - Full Frame - Rectangle - Sheet,0,1,1,WIDTH_INC,0,143,113,24,0
Jaipur Vaishali Nagar,WEST,AVANTA,FRAME,METAL|HALF|RECTANGLE,MALE,500,,,SYS68123,,500,FREE,SYS68123,AV 31002 - Avanta - Male - Gun - 49 - Supra - Rectangle - Metal,0,1,1,WIDTH_INC,0,9,4,10,0
Ranchi Kutchery Road,EAST,AVANTA,FRAME,METAL|FULL|ROUND,UNISEX,790,,,SYS168788,,790,FREE,SYS168788,AV 8253203 - Avanta - Unisex - Silver - 47 - Full Frame - Round - Metal,0,1,1,WIDTH_INC,0,11,3,21,0
Ranchi Kutchery Road,EAST,AVANTA,FRAME,METAL|FULL|HEXAGON,MALE,790,,,SYS168796,,790,FREE,SYS168796,AV 85003 - Avanta - Male - Gun - 49 - Full Frame - Hexagon - Metal,0,1,1,WIDTH_INC,0,8,1,21,0
Panvel Laxmi Eye,WEST,AVANTA,FRAME,TR|FULL|SQUARE,MALE,890,,,SYS168465,,890,FREE,SYS168465,AV 303032 - Avanta - Male - Black - 52 - Full Frame - Square - TR,0,1,1,WIDTH_INC,0,8,0,37,0
Panvel Laxmi Eye,WEST,AVANTA,FRAME,METAL|FULL|RECTANGLE,MALE,790,,,SYS168401,,790,FREE,SYS168401,AV ZXA42008 - Avanta - Male - Gun - 50 - Full Frame - Rectangle - Metal,0,1,1,WIDTH_INC,0,24,13,37,0
Panvel Laxmi Eye,WEST,AVANTA,FRAME,METAL|SUPRA|RECTANGLE,MALE,790,,,SYS168394,,790,FREE,SYS168394,AV ZXA42003 - Avanta - Male - Gun - 48 - Supra - Rectangle - Metal,0,1,1,WIDTH_INC,0,24,0,37,0
Srinagar Rainawari Fazili,NORTH,AVANTA,FRAME,METAL|FULL|SQUARE,MALE,1190,,,SYS164724,,1190,FREE,SYS164724,AV PB005 - Avanta - Male - Black - 52 - Full Frame - Square - Metal,0,1,1,WIDTH_INC,0,12,4,13,0
Jabalpur Napier Town,SOUTH,AVANTA,FRAME,METAL|HALF|RECTANGLE,MALE,500,,,SYS68123,,500,FREE,SYS68123,AV 31002 - Avanta - Male - Gun - 49 - Supra - Rectangle - Metal,0,1,1,WIDTH_INC,0,9,4,59,0
Vadodara Genda Circle,NORTH,ADMYRA,FRAME,SHEET|FULL|RECTANGLE,MALE,2490,,,SYS67857,,2490,FREE,SYS67857,AM 039 - Admyra - Male - D/Brown - 51 - Full Frame - Rectangle - Sheet,0,1,1,WIDTH_INC,0,48,34,10,3
Vadodara Genda Circle,NORTH,ADMYRA,FRAME,SHEET|FULL|RECTANGLE,MALE,2490,,,SYS67856,,2490,FREE,SYS67856,AM 039 - Admyra - Male - Black - 51 - Full Frame - Rectangle - Sheet,0,1,1,WIDTH_INC,0,103,53,10,3
Panvel Laxmi Eye,WEST,AVANTA,FRAME,TR|FULL|ROUND,UNISEX,790,,,SYS168531,,790,FREE,SYS168531,AV 270814 - Avanta - Unisex - Maroon - 48 - Full Frame - Round - TR,0,1,1,WIDTH_INC,0,3,0,37,0
Jammu BC Road Rehari Chungi,NORTH,AVANTA,FRAME,SHEET|FULL|ROUND,UNISEX,1190,,,SYS158416,,1190,FREE,SYS158416,AV 0068HD - Avanta - Unisex - D/Green - 48 - Full Frame - Round - Sheet,0,1,1,WIDTH_INC,0,17,10,15,0
Ghaziabad RDC,NORTH,RAYBAN,SUNGLASS,SHEET|FULL|WAYFARER,MALE,6490,,,SYS111489,,6490,FREE,SYS111489,RB4349I - Rayban - Male - 645080 - 56 - Sunglass - Wayfarer - Sheet,0,1,1,WIDTH_INC,0,1,0,8,0
Jammu BC Road Rehari Chungi,NORTH,AVANTA,FRAME,SHEET|FULL|CAT EYE,FEMALE,1190,,,SYS158410,,1190,FREE,SYS158410,AV 0072HD - Avanta - Female - Purple - 51 - Full Frame - Cat Eye - Sheet,0,1,1,WIDTH_INC,0,60,41,15,0
Jammu BC Road Rehari Chungi,NORTH,AVANTA,FRAME,SHEET|FULL|RECTANGLE,MALE,1190,,,SYS158378,,1190,FREE,SYS158378,AV 0061 - Avanta - Male - Black - 53 - Full Frame - Rectangle - Sheet,0,1,1,WIDTH_INC,0,143,113,15,0
Jammu BC Road Rehari Chungi,NORTH,AVANTA,FRAME,SHEET|FULL|SQUARE,MALE,1190,,,SYS158368,,1190,FREE,SYS158368,AV 0064 - Avanta - Male - Black - 54 - Full Frame - Square - Sheet,0,1,1,WIDTH_INC,0,170,140,15,0
Noida GaurCity,NORTH,RAYBAN,SUNGLASS,SHEET|FULL|WAYFARER,MALE,10490,,,SYS47150,,10490,FREE,SYS47150,RB2132 - Rayban - Male - 901 - 52 - Sunglass - Wayfarer - Sheet,0,1,1,WIDTH_INC,0,2,0,7,0
Vijayawada Mogalrajpuram,SOUTH,ADMYRA,FRAME,SHEET|FULL|ROUND,UNISEX,2990,,,SYS115311,,2990,FREE,SYS115311,AM 102 - Admyra - Unisex - Blue - 49 - Full Frame - Round - Sheet,0,1,1,WIDTH_INC,0,49,48,10,0
Jabalpur Napier Town,SOUTH,AVANTA,FRAME,METAL|FULL|RECTANGLE,MALE,690,,,SYS160600,,690,FREE,SYS160600,AV 202432 - Avanta - Male - Gun - 49 - Full Frame - Rectangle - Metal,0,1,1,WIDTH_INC,0,12,9,59,0
Panvel Laxmi Eye,WEST,AVANTA,FRAME,TR|FULL|SQUARE,MALE,690,,,SYS168626,,690,FREE,SYS168626,AV 701015 - Avanta - Male - MT.Blk - 53 - Full Frame - Square - TR,0,1,1,WIDTH_INC,0,18,10,37,0
Mumbai Ghatkopar Dr Mehta Eye,WEST,AVANTA,FRAME,METAL|SUPRA|RECTANGLE,MALE,990,,,SYS168568,,990,FREE,SYS168568,AV 8825711 - Avanta - Male - Gun - 52 - Supra - Rectangle - Metal,0,1,1,WIDTH_INC,0,15,9,11,0
Jaipur Vaishali Nagar,WEST,ADMYRA,FRAME,SHEET|FULL|CAT EYE,FEMALE,2790,,,SYS162316,,2790,FREE,SYS162316,AM 0133 - Admyra - Female - Black - 53 - Full Frame - Cat Eye - Sheet,0,1,1,WIDTH_INC,0,49,19,4,0
Delhi Rohini Ring Road Mall,NORTH,AVANTA KIDS,FRAME,PEDIATRIC|FULL|SQUARE,KIDS,1690,,,SYS116823,,1690,FREE,SYS116823,AV BY96003 - Avanta Kids - Kids - C6 - 47 - Full Frame - Square - Pediatric,0,1,1,WIDTH_INC,0,1,0,4,0
Mumbai Ghatkopar Dr Mehta Eye,WEST,AVANTA,FRAME,METAL|SUPRA|RECTANGLE,MALE,790,,,SYS168387,,790,FREE,SYS168387,AV ZXA42005 - Avanta - Male - Gun - 49 - Supra - Rectangle - Metal,0,1,1,WIDTH_INC,0,24,10,11,0
Mumbai Ghatkopar Dr Mehta Eye,WEST,AVANTA,FRAME,METAL|SUPRA|RECTANGLE,MALE,790,,,SYS168388,,790,FREE,SYS168388,AV ZXA42005 - Avanta - Male - Black - 49 - Supra - Rectangle - Metal,0,1,1,WIDTH_INC,0,13,10,11,0
Panvel Laxmi Eye,WEST,AVANTA,FRAME,METAL|SUPRA|RECTANGLE,MALE,690,,,SYS143390,,690,FREE,SYS143390,AV 31004 - Avanta - Male - Gun - 51 - Supra - Rectangle - Metal,0,1,1,WIDTH_INC,0,8,0,37,0
Delhi Rohini Ring Road Mall,NORTH,AVANTA,FRAME,SHEET|FULL|SQUARE,MALE,1190,,,SYS158368,,1190,FREE,SYS158368,AV 0064 - Avanta - Male - Black - 54 - Full Frame - Square - Sheet,0,1,1,WIDTH_INC,0,170,140,11,0
Delhi Rohini Ring Road Mall,NORTH,AVANTA,FRAME,SHEET|FULL|RECTANGLE,MALE,1190,,,SYS158381,,1190,FREE,SYS158381,AV 0061 - Avanta - Male - Trans/Grey - 53 - Full Frame - Rectangle - Sheet,0,1,1,WIDTH_INC,0,128,109,11,0
Delhi Rohini Ring Road Mall,NORTH,AVANTA,FRAME,SHEET|FULL|CAT EYE,FEMALE,1190,,,SYS158410,,1190,FREE,SYS158410,AV 0072HD - Avanta - Female - Purple - 51 - Full Frame - Cat Eye - Sheet,0,1,1,WIDTH_INC,0,60,41,11,0
Ranchi Kutchery Road,EAST,AVANTA,FRAME,TR|FULL|RECTANGLE,MALE,690,,,SYS168026,,690,FREE,SYS168026,AV T018 - Avanta - Male - Trans/Grey - 51 - Full Frame - Rectangle - TR,0,1,1,WIDTH_INC,0,7,1,21,0
Ranchi Kutchery Road,EAST,AVANTA,FRAME,TR|FULL|SQUARE,MALE,990,,,SYS167965,,990,FREE,SYS167965,AV 9952204 - Avanta - Male - Trans/Grey - 53 - Full Frame - Square - TR,0,1,1,WIDTH_INC,0,12,0,21,0
Ranchi Kutchery Road,EAST,AVANTA,FRAME,TR|FULL|CAT EYE,FEMALE,990,,,SYS167981,,990,FREE,SYS167981,AV 9952214 - Avanta - Female - Trans/Purple - 51 - Full Frame - Cat Eye - TR,0,1,1,WIDTH_INC,0,6,3,21,0
Delhi Rajouri Garden,NORTH,STEPPER,FRAME,TITANIUM|FULL|CAT EYE,FEMALE,9790,,,SYS157087,,9790,FREE,SYS157087,SI/50042 - Stepper - Female - F014 - 53 - Full Frame - Cat Eye - Titanium,0,1,1,WIDTH_INC,0,2,0,2,0
Ranchi Kutchery Road,EAST,AVANTA,FRAME,TR|FULL|CAT EYE,FEMALE,890,,,SYS168103,,890,FREE,SYS168103,AV 8019 - Avanta - Female - Black - 51 - Full Frame - Cat Eye - TR,0,1,1,WIDTH_INC,0,9,0,21,0
Jodhpur Sardarpura,WEST,AVANTA,FRAME,SHEET|FULL|SQUARE,MALE,1190,,,SYS162649,,1190,FREE,SYS162649,AV 0063 - Avanta - Male - Trans/Grey - 51 - Full Frame - Square - Sheet,0,1,1,WIDTH_INC,0,267,247,11,0
Srinagar Baghat Fazili,NORTH,ADMYRA,FRAME,SHEET|FULL|CAT EYE,FEMALE,2790,,,SYS162310,,2790,FREE,SYS162310,AM 0131 - Admyra - Female - Trans/Blue - 51 - Full Frame - Cat Eye - Sheet,0,1,1,WIDTH_INC,0,49,19,3,0
Ranchi Kutchery Road,EAST,AVANTA,FRAME,TR|FULL|RECTANGLE,MALE,890,,,SYS166800,,890,FREE,SYS166800,AV 270812 - Avanta - Male - Black - 50 - Full Frame - Rectangle - TR,0,1,1,WIDTH_INC,0,20,0,21,0
Delhi Safdarjung Enclave,NORTH,RAYBAN,FRAME,METAL|FULL|SQUARE,MALE,6890,,,SYS55462,,6890,FREE,SYS55462,RX3682V - Rayban - Male - 2502 - 51 - Full Frame - Square - Metal,0,1,1,WIDTH_INC,0,1,0,10,0
Srinagar Baghat Fazili,NORTH,AVANTA,FRAME,TR|FULL|CAT EYE,FEMALE,990,,,SYS162221,,990,FREE,SYS162221,AV 132008 - Avanta - Female - Green - 51 - Full Frame - Cat Eye - TR,0,1,1,WIDTH_INC,0,6,0,10,0
Mumbai Ghatkopar Dr Mehta Eye,WEST,AVANTA,FRAME,TR|FULL|RECTANGLE,MALE,690,,,SYS168016,,690,FREE,SYS168016,AV T018 - Avanta - Male - Black - 51 - Full Frame - Rectangle - TR,0,1,1,WIDTH_INC,0,8,0,11,0
Mumbai Ghatkopar Dr Mehta Eye,WEST,AVANTA,FRAME,TR|FULL|RECTANGLE,MALE,890,,,SYS168067,,890,FREE,SYS168067,AV 8027 - Avanta - Male - Black - 49 - Full Frame - Rectangle - TR,0,1,1,WIDTH_INC,0,12,4,11,0
Delhi Dwarka Krishna Mall,NORTH,ADMYRA,FRAME,SHEET|FULL|SQUARE,MALE,2490,,,SYS67557,,2490,FREE,SYS67557,AM 001 - Admyra - Male - D/Grey - 53 - Full Frame - Square - Sheet,0,1,1,WIDTH_INC,0,72,40,6,1
Delhi Dwarka Krishna Mall,NORTH,ADMYRA,FRAME,SHEET|FULL|SQUARE,MALE,2490,,,SYS67555,,2490,FREE,SYS67555,AM 001 - Admyra - Male - Black - 53 - Full Frame - Square - Sheet,0,1,1,WIDTH_INC,0,132,84,6,1
Mumbai Ghatkopar Dr Mehta Eye,WEST,AVANTA,FRAME,TR|FULL|RECTANGLE,MALE,790,,,SYS168052,,790,FREE,SYS168052,AV 270805 - Avanta - Male - Black - 52 - Full Frame - Rectangle - TR,0,1,1,WIDTH_INC,0,9,0,11,0
Mumbai Ghatkopar Dr Mehta Eye,WEST,AVANTA,FRAME,TR|FULL|SQUARE,UNISEX,990,,,SYS167958,,990,FREE,SYS167958,AV 9952202 - Avanta - Unisex - Trans/Grey - 52 - Full Frame - Square - TR,0,1,1,WIDTH_INC,0,16,3,11,0
Panvel Laxmi Eye,WEST,AVANTA,FRAME,METAL|FULL|HEXAGON,MALE,790,,,SYS168797,,790,FREE,SYS168797,AV 85003 - Avanta - Male - Black - 49 - Full Frame - Hexagon - Metal,0,1,1,WIDTH_INC,0,6,0,37,0
Hyderabad Neo Retina (Abids),SOUTH,RAYBAN,SUNGLASS,SHEET|FULL|WAYFARER,MALE,13290,,,SYS55484,,13290,FREE,SYS55484,RB2140 - Rayban - Male - 902/57 - 50 - Sunglass - Wayfarer - Sheet,0,1,1,WIDTH_INC,0,4,0,1,0
Ghaziabad Nehru Nagar,NORTH,FRENCH CONNECTION,FRAME,SHEET|FULL|RECTANGLE,MALE,3490,,,SYS75243,,3490,FREE,SYS75243,FC 9781 - French Connection - Male - C4 - 54 - Full Frame - Rectangle - Sheet,0,1,1,WIDTH_INC,0,9,0,8,6
Prayagraj Tashkent Marg,NORTH,AVANTA,FRAME,SHEET|FULL|SQUARE,MALE,1190,,,SYS162649,,1190,FREE,SYS162649,AV 0063 - Avanta - Male - Trans/Grey - 51 - Full Frame - Square - Sheet,0,1,1,WIDTH_INC,0,267,247,19,0
Delhi Dwarka Krishna Mall,NORTH,ADMYRA,FRAME,SHEET|FULL|RECTANGLE,MALE,2490,,,SYS67856,,2490,FREE,SYS67856,AM 039 - Admyra - Male - Black - 51 - Full Frame - Rectangle - Sheet,0,1,1,WIDTH_INC,0,103,53,6,1
Delhi Dwarka Krishna Mall,NORTH,ADMYRA,FRAME,SHEET|FULL|RECTANGLE,MALE,2490,,,SYS67860,,2490,FREE,SYS67860,AM 039 - Admyra - Male - MT.Blue - 51 - Full Frame - Rectangle - Sheet,0,1,1,WIDTH_INC,0,106,69,6,1
Srinagar Rainawari Fazili,NORTH,AVANTA,FRAME,TR|FULL|SQUARE,MALE,990,,,SYS165095,,990,FREE,SYS165095,AV 202533 - Avanta - Male - MT.Green - 52 - Full Frame - Square - TR,0,1,1,WIDTH_INC,0,9,0,13,0
Greater Noida West Nirala Estate,NORTH,AVANTA KIDS,FRAME,PEDIATRIC|FULL|SQUARE,KIDS,1690,,,SYS116790,,1690,FREE,SYS116790,AV BY96010 - Avanta Kids - Kids - C1 - 46 - Full Frame - Square - Pediatric,0,1,1,WIDTH_INC,0,5,0,3,0
LAJPAT NAGAR,NORTH,AVANTA,FRAME,TR|FULL|SQUARE,MALE,690,,,SYS168626,,690,FREE,SYS168626,AV 701015 - Avanta - Male - MT.Blk - 53 - Full Frame - Square - TR,0,1,1,WIDTH_INC,0,18,10,14,0
Greater Noida West Nirala Estate,NORTH,AVANTA,FRAME,SHEET|FULL|RECTANGLE,MALE,1190,,,SYS158381,,1190,FREE,SYS158381,AV 0061 - Avanta - Male - Trans/Grey - 53 - Full Frame - Rectangle - Sheet,0,1,1,WIDTH_INC,0,128,109,4,0
Bhopal Hoshangabad Road,WEST,AVANTA KIDS,FRAME,PEDIATRIC|FULL|RECTANGLE,KIDS,1690,,,SYS105984,,1690,FREE,SYS105984,AV TR688 - Avanta Kids - Kids - C1 - 43 - Full Frame - Rectangle - Pediatric,0,1,1,WIDTH_INC,0,5,0,5,0
Navi Mumbai Nerul ( Shivam ),WEST,FRENCH CONNECTION,FRAME,SHEET|FULL|SQUARE,MALE,3490,,,SYS88651,,3490,FREE,SYS88651,FC 9761 - French Connection - Male - C1 - 53 - Full Frame - Square - Sheet,0,1,1,WIDTH_INC,0,4,0,1,0
Ranchi Kutchery Road,EAST,AVANTA,FRAME,TR|FULL|ROUND,UNISEX,990,,,SYS167143,,990,FREE,SYS167143,AV 250983 - Avanta - Unisex - C4 - 46 - Full Frame - Round - TR,0,1,1,WIDTH_INC,0,9,0,21,0
Noida Spectrum Mall,NORTH,ADMYRA,FRAME,METAL|RIMLESS|AVIATOR,MALE,2190,,,SYS104424,,2190,FREE,SYS104424,AM 10021 - Admyra - Male - C2 - 54 - Rimless - Aviator - Metal,0,1,1,WIDTH_INC,0,1,0,25,9
Kolkata Madhyamgram,EAST,AVANTA,FRAME,SHEET|FULL|CAT EYE,FEMALE,1490,,,SYS121574,,1490,FREE,SYS121574,AV 0043 - Avanta - Female - Green/DA - 53 - Full Frame - Cat Eye - Sheet,0,1,1,WIDTH_INC,0,1,0,4,0
Noida GaurCity,NORTH,AVANTA,FRAME,SHEET|FULL|SQUARE,MALE,1190,,,SYS158372,,1190,FREE,SYS158372,AV 0064 - Avanta - Male - Trans/Grey - 54 - Full Frame - Square - Sheet,0,1,1,WIDTH_INC,0,121,117,7,0
Noida GaurCity,NORTH,AVANTA,FRAME,SHEET|FULL|RECTANGLE,MALE,1190,,,SYS158389,,1190,FREE,SYS158389,AV 0065 - Avanta - Male - D/Brown - 52 - Full Frame - Rectangle - Sheet,0,1,1,WIDTH_INC,0,87,85,7,0
Kolkata AJC Bose Road,EAST,AVANTA KIDS,FRAME,PEDIATRIC|FULL|ROUND,KIDS,1690,,,SYS165271,,1690,FREE,SYS165271,AV ZC1611 - Avanta Kids - Kids - C8 - 48 - Full Frame - Round - Pediatric,0,1,1,WIDTH_INC,0,4,0,6,0
Delhi Ashok Vihar Phase II,NORTH,OMBRA,SUNGLASS,SHEET|FULL|RECTANGLE,MALE,1190,,,SYS166384,,1190,FREE,SYS166384,OB 98201P - OMBRA - Male - C1 - 53 - Sunglass - Rectangle - Sheet,0,1,1,WIDTH_INC,0,10,1,4,3
Jhunjhunu Indra Nagar,WEST,AVANTA,FRAME,SHEET|FULL|RECTANGLE,MALE,1190,,,SYS118319,,1190,FREE,SYS118319,AV 3591 - Avanta - Male - Blk/Red - 53 - Full Frame - Rectangle - Sheet,0,1,1,WIDTH_INC,0,2,1,149,0
Delhi Dwarka Krishna Mall,NORTH,OMBRA,SUNGLASS,SHEET|FULL|SQUARE,MALE,1990,,,SYS65598,,1990,FREE,SYS65598,OB 1022 - OMBRA - Male - C2 - 53 - Sunglass - Square - Sheet,0,1,1,WIDTH_INC,0,1,0,12,3
Delhi Dwarka Sec 09,NORTH,AVANTA,FRAME,TR|FULL|ROUND,UNISEX,790,,,SYS159547,,790,FREE,SYS159547,AV 650016 - Avanta - Unisex - Black - 48 - Full Frame - Round - TR,0,1,1,WIDTH_INC,0,2,0,21,0
Srinagar Baghat Fazili,NORTH,AVANTA,FRAME,SHEET|FULL|SQUARE,MALE,1190,,,SYS162649,,1190,FREE,SYS162649,AV 0063 - Avanta - Male - Trans/Grey - 51 - Full Frame - Square - Sheet,0,1,1,WIDTH_INC,0,267,247,10,0
Gorakhpur Mughlaha,NORTH,ADMYRA,FRAME,SHEET|FULL|SQUARE,MALE,2490,,,SYS67559,,2490,FREE,SYS67559,AM 001 - Admyra - Male - MT.Black - 53 - Full Frame - Square - Sheet,0,1,1,WIDTH_INC,0,61,44,17,3
Gorakhpur Mughlaha,NORTH,ADMYRA,FRAME,SHEET|FULL|SQUARE,MALE,2490,,,SYS67558,,2490,FREE,SYS67558,AM 001 - Admyra - Male - Transparent - 53 - Full Frame - Square - Sheet,0,1,1,WIDTH_INC,0,84,54,17,3
Gorakhpur Mughlaha,NORTH,ADMYRA,FRAME,SHEET|FULL|SQUARE,MALE,2490,,,SYS67555,,2490,FREE,SYS67555,AM 001 - Admyra - Male - Black - 53 - Full Frame - Square - Sheet,0,1,1,WIDTH_INC,0,132,84,17,3
Noida MOI,NORTH,CARRERA,SUNGLASS,SHEET|FULL|SQUARE,MALE,11400,,,SYS92353,,11400,FREE,SYS92353,CA 332/CS - Carrera - Male - 807 - 50 - Sunglass - Clip on - Sheet,0,1,1,WIDTH_INC,0,1,0,16,15
Kanpur Mall Road,NORTH,AVANTA,FRAME,METAL|FULL|CAT EYE,FEMALE,1190,,,SYS165350,,1190,FREE,SYS165350,AV JM8812 - Avanta - Female - C3 - 52 - Full Frame - Cat Eye - Metal,0,1,1,WIDTH_INC,0,2,0,33,0
Noida MOI,NORTH,STEPPER,FRAME,TITANIUM|FULL|SQUARE,MALE,12100,,,SYS92206,,12100,FREE,SYS92206,SI/60232 - Stepper - Male - F112 - 51 - Full Frame - Square - Titanium,0,1,1,WIDTH_INC,0,4,0,5,0
Kolkata AJC Bose Road,EAST,AVANTA,FRAME,METAL|FULL|SQUARE,MALE,990,,,SYS164811,,990,FREE,SYS164811,AV 7412205 - Avanta - Male - Gun/Grey - 51 - Full Frame - Square - Metal,0,1,1,WIDTH_INC,0,8,0,17,0
Mumbai Ghatkopar Dr Mehta Eye,WEST,AVANTA,FRAME,METAL|SUPRA|RECTANGLE,MALE,690,,,SYS143092,,690,FREE,SYS143092,AV MH2007 - Avanta - Male - Pink - 49 - Supra - Rectangle - Metal,0,1,1,WIDTH_INC,0,1,0,11,0
Delhi Dwarka Krishna Mall,NORTH,TOMMY HILFIGER,SUNGLASS,SHEET|FULL|SQUARE,MALE,7990,,,SYS68013,,7990,FREE,SYS68013,TH 2606 - Tommy Hilfiger - Male - C2 - 58 - Sunglass - Square - Sheet,0,1,1,WIDTH_INC,0,3,1,5,0
Kanpur Mall Road,NORTH,AVANTA,FRAME,METAL|FULL|SQUARE,MALE,990,,,SYS164810,,990,FREE,SYS164810,AV 7412205 - Avanta - Male - Gold/Blk - 51 - Full Frame - Square - Metal,0,1,1,WIDTH_INC,0,9,0,33,0
Gorakhpur Mughlaha,NORTH,ADMYRA,FRAME,SHEET|FULL|RECTANGLE,MALE,2490,,,SYS67857,,2490,FREE,SYS67857,AM 039 - Admyra - Male - D/Brown - 51 - Full Frame - Rectangle - Sheet,0,1,1,WIDTH_INC,0,48,34,17,3
Gorakhpur Mughlaha,NORTH,ADMYRA,FRAME,SHEET|FULL|RECTANGLE,MALE,2490,,,SYS67856,,2490,FREE,SYS67856,AM 039 - Admyra - Male - Black - 51 - Full Frame - Rectangle - Sheet,0,1,1,WIDTH_INC,0,103,53,17,3
Gorakhpur Mughlaha,NORTH,ADMYRA,FRAME,SHEET|FULL|RECTANGLE,MALE,2490,,,SYS67859,,2490,FREE,SYS67859,AM 039 - Admyra - Male - MT.Black - 51 - Full Frame - Rectangle - Sheet,0,1,1,WIDTH_INC,0,70,44,17,3
Gorakhpur Mughlaha,NORTH,ADMYRA,FRAME,SHEET|FULL|RECTANGLE,MALE,2490,,,SYS67860,,2490,FREE,SYS67860,AM 039 - Admyra - Male - MT.Blue - 51 - Full Frame - Rectangle - Sheet,0,1,1,WIDTH_INC,0,106,69,17,3
Moradabad Kanth Road,NORTH,AVANTA,FRAME,SHEET|FULL|RECTANGLE,MALE,1190,,,SYS158381,,1190,FREE,SYS158381,AV 0061 - Avanta - Male - Trans/Grey - 53 - Full Frame - Rectangle - Sheet,0,1,1,WIDTH_INC,0,128,109,20,0
Moradabad Kanth Road,NORTH,AVANTA,FRAME,SHEET|FULL|CAT EYE,FEMALE,1190,,,SYS158410,,1190,FREE,SYS158410,AV 0072HD - Avanta - Female - Purple - 51 - Full Frame - Cat Eye - Sheet,0,1,1,WIDTH_INC,0,60,41,20,0
Moradabad Kanth Road,NORTH,AVANTA,FRAME,SHEET|FULL|ROUND,UNISEX,1190,,,SYS158413,,1190,FREE,SYS158413,AV 0068HD - Avanta - Unisex - Black - 48 - Full Frame - Round - Sheet,0,1,1,WIDTH_INC,0,54,51,20,0
Kanpur Mall Road,NORTH,AVANTA,FRAME,METAL|FULL|RECTANGLE,MALE,590,,,SYS164861,,590,FREE,SYS164861,AV 25035526 - Avanta - Male - Black - 48 - Full Frame - Rectangle - Metal,0,1,1,WIDTH_INC,0,5,0,33,0
Moradabad Kanth Road,NORTH,AVANTA,FRAME,SHEET|FULL|SQUARE,MALE,1190,,,SYS158368,,1190,FREE,SYS158368,AV 0064 - Avanta - Male - Black - 54 - Full Frame - Square - Sheet,0,1,1,WIDTH_INC,0,170,140,20,0
Delhi Safdarjung Enclave,NORTH,RAYBAN,FRAME,METAL|RIMLESS|RECTANGLE,MALE,12290,,,SYS166611,,12290,FREE,SYS166611,RX8423 - Rayban - Male - 2501 - 54 - Rimless - Rectangle - Metal,0,1,1,WIDTH_INC,0,2,0,10,0
Delhi Vikaspuri Najafgarh Road,NORTH,AVANTA KIDS,FRAME,TR|FULL|ROUND,KIDS,790,,,SYS168316,,790,FREE,SYS168316,AV 95008 - Avanta Kids - Kids - Trans/Purple - 43 - Full Frame - Round - TR,0,1,1,WIDTH_INC,0,6,0,4,0
Delhi Safdarjung Enclave,NORTH,VOGUE,FRAME,SHEET|FULL|CAT EYE,FEMALE,6090,,,SYS166632,,6090,FREE,SYS166632,VO5691 - Vogue - Female - 2940 - 52 - Full Frame - Cat Eye - Sheet,0,1,1,WIDTH_INC,0,1,0,8,0
Delhi Safdarjung Enclave,NORTH,VOGUE,FRAME,SHEET|FULL|CAT EYE,FEMALE,6090,,,SYS166633,,6090,FREE,SYS166633,VO5691 - Vogue - Female - W44 - 52 - Full Frame - Cat Eye - Sheet,0,1,1,WIDTH_INC,0,1,0,8,0
Delhi Dwarka Sec 09,NORTH,AVANTA KIDS,FRAME,PEDIATRIC|FULL|ROUND,KIDS,1690,,,SYS116806,,1690,FREE,SYS116806,AV BY96000 - Avanta Kids - Kids - C1 - 44 - Full Frame - Round - Pediatric,0,1,1,WIDTH_INC,0,4,0,14,0
Delhi Vikaspuri Najafgarh Road,NORTH,AVANTA KIDS,FRAME,TR|FULL|SQUARE,KIDS,790,,,SYS168299,,790,FREE,SYS168299,AV 95005 - Avanta Kids - Kids - MT.Blue - 45 - Full Frame - Square - TR,0,1,1,WIDTH_INC,0,10,0,4,0
Delhi Dwarka Sec 09,NORTH,AVANTA KIDS,FRAME,PEDIATRIC|FULL|SQUARE,KIDS,1690,,,SYS116792,,1690,FREE,SYS116792,AV BY96010 - Avanta Kids - Kids - C5 - 46 - Full Frame - Square - Pediatric,0,1,1,WIDTH_INC,0,1,0,14,0
Delhi Dwarka Sec 09,NORTH,AVANTA KIDS,FRAME,PEDIATRIC|FULL|SQUARE,KIDS,1690,,,SYS116790,,1690,FREE,SYS116790,AV BY96010 - Avanta Kids - Kids - C1 - 46 - Full Frame - Square - Pediatric,0,1,1,WIDTH_INC,0,5,0,14,0
Badlapur Kulgaon Drishti Eye,WEST,AVANTA KIDS,FRAME,TR|FULL|CAT EYE,KIDS,790,,,SYS168177,,790,FREE,SYS168177,AV 1007 - Avanta Kids - Kids - Transparent - 42 - Full Frame - Cat Eye - TR,0,1,1,WIDTH_INC,0,8,0,4,0
Noida Sec 50,NORTH,RAYBAN,SUNGLASS,METAL|FULL|AVIATOR,MALE,8690,,,SYS144494,,8690,FREE,SYS144494,RB3025I - Rayban - Male - 002 - 62 - Sunglass - Aviator - Metal,0,1,1,WIDTH_INC,0,1,0,6,0
Delhi Dwarka Sec 09,NORTH,AVANTA,FRAME,SHEET|FULL|RECTANGLE,MALE,1190,,,SYS158378,,1190,FREE,SYS158378,AV 0061 - Avanta - Male - Black - 53 - Full Frame - Rectangle - Sheet,0,1,1,WIDTH_INC,0,143,113,21,0
Delhi Dwarka Sec 09,NORTH,AVANTA,FRAME,SHEET|FULL|CAT EYE,FEMALE,1190,,,SYS158408,,1190,FREE,SYS158408,AV 0072HD - Avanta - Female - Black - 51 - Full Frame - Cat Eye - Sheet,0,1,1,WIDTH_INC,0,55,43,21,0
Kanpur Mall Road,NORTH,AVANTA,FRAME,METAL|FULL|SQUARE,MALE,1190,,,SYS164724,,1190,FREE,SYS164724,AV PB005 - Avanta - Male - Black - 52 - Full Frame - Square - Metal,0,1,1,WIDTH_INC,0,12,4,33,0
Ahemdabad CG Road,WEST,ADMYRA,FRAME,SHEET|FULL|CAT EYE,FEMALE,2790,,,SYS162310,,2790,FREE,SYS162310,AM 0131 - Admyra - Female - Trans/Blue - 51 - Full Frame - Cat Eye - Sheet,0,1,1,WIDTH_INC,0,49,19,13,3
Ahemdabad CG Road,WEST,ADMYRA,FRAME,SHEET|FULL|CAT EYE,FEMALE,2790,,,SYS162312,,2790,FREE,SYS162312,AM 0132 - Admyra - Female - D/Brown - 52 - Full Frame - Cat Eye - Sheet,0,1,1,WIDTH_INC,0,50,38,13,3
Ranchi Kutchery Road,EAST,AVANTA,FRAME,METAL|SUPRA|RECTANGLE,MALE,790,,,SYS168394,,790,FREE,SYS168394,AV ZXA42003 - Avanta - Male - Gun - 48 - Supra - Rectangle - Metal,0,1,1,WIDTH_INC,0,24,0,21,0
Ranchi Kutchery Road,EAST,AVANTA,FRAME,METAL|FULL|ROUND,UNISEX,990,,,SYS168374,,990,FREE,SYS168374,AV W620109 - Avanta - Unisex - Silver/Blk - 50 - Full Frame - Round - Metal,0,1,1,WIDTH_INC,0,11,6,21,0
Ranchi Kutchery Road,EAST,AVANTA,FRAME,METAL|FULL|RECTANGLE,MALE,790,,,SYS168380,,790,FREE,SYS168380,AV ZXA42009 - Avanta - Male - Gun - 49 - Full Frame - Rectangle - Metal,0,1,1,WIDTH_INC,0,24,6,21,0
Indore Vijay Nagar,NORTH,ADMYRA,FRAME,SHEET|FULL|ROUND,UNISEX,2490,,,SYS67835,,2490,FREE,SYS67835,AM 024 - Admyra - Unisex - Transparent - 48 - Full Frame - Round - Sheet,0,1,1,WIDTH_INC,0,1,0,29,9
Jhunjhunu Indra Nagar,WEST,AVANTA,FRAME,METAL|SUPRA|RECTANGLE,MALE,790,,,SYS167312,,790,FREE,SYS167312,AV 86026 - Avanta - Male - Gun - 53 - Supra - Rectangle - Metal,0,1,1,WIDTH_INC,0,12,11,149,0
Delhi Dwarka Sec 09,NORTH,STEPPER,FRAME,SHEET|FULL|CAT EYE,FEMALE,7370,,,SYS161994,,7370,FREE,SYS161994,SI/30133 - Stepper - Female - F110 - 52 - Full Frame - Cat Eye -Sheet,0,1,1,WIDTH_INC,0,1,0,4,0
Jhunjhunu Indra Nagar,WEST,AVANTA,FRAME,SHEET|FULL|CAT EYE,FEMALE,1490,,,SYS121576,,1490,FREE,SYS121576,AV 0043 - Avanta - Female - Black - 53 - Full Frame - Cat Eye - Sheet,0,1,1,WIDTH_INC,0,2,0,149,0
Delhi Dwarka Sec 09,NORTH,AVANTA,FRAME,TR|FULL|CAT EYE,FEMALE,990,,,SYS162222,,990,FREE,SYS162222,AV 132008 - Avanta - Female - Black - 51 - Full Frame - Cat Eye - TR,0,1,1,WIDTH_INC,0,7,0,21,0
Ranchi Kutchery Road,EAST,AVANTA,FRAME,METAL|SUPRA|RECTANGLE,MALE,990,,,SYS168555,,990,FREE,SYS168555,AV 8825712 - Avanta - Male - Gun - 52 - Supra - Rectangle - Metal,0,1,1,WIDTH_INC,0,15,0,21,0
Delhi Safdarjung Enclave,NORTH,TOM FORD,FRAME,SHEET|FULL|CAT EYE,FEMALE,33500,,,SYS169015,,33500,FREE,SYS169015,TF6091/B - Tom Ford - Female - 069 - 53 - Full Frame - Cat Eye - Sheet,0,1,1,WIDTH_INC,0,1,0,6,2
Delhi Safdarjung Enclave,NORTH,TOM FORD,FRAME,SHEET|FULL|RECTANGLE,MALE,44000,,,SYS169011,,44000,FREE,SYS169011,TF6038/B - Tom Ford - Male - 001 - 54 - Full Frame - Rectangle - Sheet,0,1,1,WIDTH_INC,0,1,0,6,2
Bhubneshwar Nayapalli,EAST,AVANTA,FRAME,TR|FULL|SQUARE,MALE,990,,,SYS166960,,990,FREE,SYS166960,AV TB6041 - Avanta - Male - C1/6 - 51 - Full Frame - Square - TR,0,1,1,WIDTH_INC,0,14,0,9,0
Indore Vijay Nagar,NORTH,ADMYRA,FRAME,SHEET|FULL|SQUARE,MALE,2490,,,SYS67559,,2490,FREE,SYS67559,AM 001 - Admyra - Male - MT.Black - 53 - Full Frame - Square - Sheet,0,1,1,WIDTH_INC,0,61,44,29,9
Indore Vijay Nagar,NORTH,ADMYRA,FRAME,SHEET|FULL|SQUARE,MALE,2490,,,SYS67558,,2490,FREE,SYS67558,AM 001 - Admyra - Male - Transparent - 53 - Full Frame - Square - Sheet,0,1,1,WIDTH_INC,0,84,54,29,9
Indore Vijay Nagar,NORTH,ADMYRA,FRAME,SHEET|FULL|SQUARE,MALE,2490,,,SYS67556,,2490,FREE,SYS67556,AM 001 - Admyra - Male - D/Brown - 53 - Full Frame - Square - Sheet,0,1,1,WIDTH_INC,0,56,49,29,9
Delhi Safdarjung Enclave,NORTH,RAYBAN,FRAME,METAL|FULL|RECTANGLE,MALE,12290,,,SYS168902,,12290,FREE,SYS168902,RX8424 - Rayban - Male - 2509 - 55 - Full Frame - Rectangle - Metal,0,1,1,WIDTH_INC,0,2,0,10,0
Delhi Safdarjung Enclave,NORTH,RAYBAN,FRAME,METAL|FULL|RECTANGLE,MALE,9290,,,SYS168915,,9290,FREE,SYS168915,RX6579 - Rayban - Male - 2501 - 56 - Full Frame - Rectangle - Metal,0,1,1,WIDTH_INC,0,2,0,10,0
Indore Vijay Nagar,NORTH,ADMYRA,FRAME,SHEET|FULL|SQUARE,MALE,2490,,,SYS67555,,2490,FREE,SYS67555,AM 001 - Admyra - Male - Black - 53 - Full Frame - Square - Sheet,0,1,1,WIDTH_INC,0,132,84,29,9
Jhunjhunu Indra Nagar,WEST,AVANTA,FRAME,METAL|FULL|ROUND,UNISEX,990,,,SYS167384,,990,FREE,SYS167384,AV 9255105 - Avanta - Unisex - Silver/Pink - 47 - Full Frame - Round - Metal,0,1,1,WIDTH_INC,0,8,7,149,0
Delhi Safdarjung Enclave,NORTH,RAYBAN,FRAME,SHEET|FULL|CAT EYE,FEMALE,10490,,,SYS168926,,10490,FREE,SYS168926,RX5362 - Rayban - Female - 8480 - 54 - Full Frame - Cat Eye - Sheet,0,1,1,WIDTH_INC,0,2,0,10,0
Delhi Safdarjung Enclave,NORTH,VOGUE,FRAME,SHEET|FULL|SQUARE,MALE,6090,,,SYS168938,,6090,FREE,SYS168938,VO5708 - Vogue - Male - 3294 - 49 - Full Frame - Square - Sheet,0,1,1,WIDTH_INC,0,2,0,8,0
Jhunjhunu Indra Nagar,WEST,AVANTA,FRAME,METAL|SUPRA|RECTANGLE,MALE,890,,,SYS167431,,890,FREE,SYS167431,AV 825073 - Avanta - Male - Black - 49 - Supra - Rectangle - Metal,0,1,1,WIDTH_INC,0,12,0,149,0
Delhi Safdarjung Enclave,NORTH,BURBERRY,FRAME,SHEET|FULL|CAT EYE,FEMALE,20490,,,SYS168945,,20490,FREE,SYS168945,BE2458 - Burberry - Female - 3002 - 52 - Full Frame - Cat Eye - Sheet,0,1,1,WIDTH_INC,0,2,0,9,6
Delhi Safdarjung Enclave,NORTH,BURBERRY,FRAME,SHEET|FULL|CAT EYE,FEMALE,20490,,,SYS168946,,20490,FREE,SYS168946,BE2458 - Burberry - Female - 4119 - 52 - Full Frame - Cat Eye - Sheet,0,1,1,WIDTH_INC,0,2,0,9,6
Delhi Safdarjung Enclave,NORTH,BURBERRY,FRAME,SHEET|FULL|CAT EYE,FEMALE,20490,,,SYS168947,,20490,FREE,SYS168947,BE2458 - Burberry - Female - 4222 - 52 - Full Frame - Cat Eye - Sheet,0,1,1,WIDTH_INC,0,2,0,9,6
Jhunjhunu Indra Nagar,WEST,AVANTA,FRAME,METAL|SUPRA|RECTANGLE,MALE,890,,,SYS167425,,890,FREE,SYS167425,AV 825071 - Avanta - Male - Black - 48 - Supra - Rectangle - Metal,0,1,1,WIDTH_INC,0,12,11,149,0
Jhunjhunu Indra Nagar,WEST,AVANTA,FRAME,METAL|SUPRA|RECTANGLE,MALE,890,,,SYS167427,,890,FREE,SYS167427,AV 825071 - Avanta - Male - Gun - 48 - Supra - Rectangle - Metal,0,1,1,WIDTH_INC,0,12,1,149,0
Delhi Safdarjung Enclave,NORTH,VERSACE,FRAME,METAL|FULL|RECTANGLE,MALE,25690,,,SYS168956,,25690,FREE,SYS168956,VE1317 - Versace - Male - 1002 - 56 - Full Frame - Rectangle - Metal,0,1,1,WIDTH_INC,0,1,0,3,0
Jhunjhunu Indra Nagar,WEST,AVANTA,FRAME,METAL|HALF|RECTANGLE,FEMALE,990,,,SYS167450,,990,FREE,SYS167450,AV 202435 - Avanta - Female - Silver/Blk - 47 - Half Frame - Rectangle - Metal,0,1,1,WIDTH_INC,0,6,5,149,0
Delhi Safdarjung Enclave,NORTH,VERSACE,FRAME,SHEET|FULL|CAT EYE,FEMALE,18090,,,SYS168969,,18090,FREE,SYS168969,VE3394D - Versace - Female - 5435 - 53 - Full Frame - Cat Eye - Sheet,0,1,1,WIDTH_INC,0,1,0,3,0
Delhi Safdarjung Enclave,NORTH,VERSACE,FRAME,SHEET|FULL|CAT EYE,FEMALE,21490,,,SYS168919,,21490,FREE,SYS168919,VE3388U - Versace - Female - 5322 - 53 - Full Frame - Cat Eye - Sheet,0,1,1,WIDTH_INC,0,1,0,3,0
Noida MOI,NORTH,BURBERRY,SUNGLASS,METAL|FULL|AVIATOR,UNISEX,22090,,,SYS111553,,22090,FREE,SYS111553,BE3151 - Burberry - Unisex - 131687 - 60 - Sunglass - Aviator - Metal,0,1,1,WIDTH_INC,0,1,0,4,1
Delhi Dwarka Sec 09,NORTH,AVANTA,FRAME,TR|FULL|CAT EYE,FEMALE,690,,,SYS160605,,690,FREE,SYS160605,AV 202433 - Avanta - Female - Black - 50 - Full Frame - Cat Eye - TR,0,1,1,WIDTH_INC,0,5,1,21,0
Jhunjhunu Indra Nagar,WEST,AVANTA,FRAME,TR|FULL|ROUND,UNISEX,990,,,SYS167109,,990,FREE,SYS167109,AV 250986 - Avanta - Unisex - C1 - 48 - Full Frame - Round - TR,0,1,1,WIDTH_INC,0,9,0,149,0
Jhunjhunu Indra Nagar,WEST,AVANTA,FRAME,TR|FULL|SQUARE,UNISEX,990,,,SYS167122,,990,FREE,SYS167122,AV 250990 - Avanta - Unisex - C1 - 48 - Full Frame - Square - TR,0,1,1,WIDTH_INC,0,9,8,149,0
Jhunjhunu Indra Nagar,WEST,AVANTA,FRAME,TR|FULL|ROUND,UNISEX,990,,,SYS167143,,990,FREE,SYS167143,AV 250983 - Avanta - Unisex - C4 - 46 - Full Frame - Round - TR,0,1,1,WIDTH_INC,0,9,0,149,0
Ahemdabad CG Road,WEST,AVANTA,FRAME,SHEET|FULL|RECTANGLE,MALE,1090,,,SYS119397,,1090,FREE,SYS119397,AV 801 - Avanta - Male - C8 - 52 - Full Frame - Rectangle - Sheet,0,1,1,WIDTH_INC,0,1,0,7,0
Hyderabad Kukatpally Nizampet X Roads,SOUTH,AVANTA KIDS,FRAME,PEDIATRIC|FULL|SQUARE,KIDS,1690,,,SYS116793,,1690,FREE,SYS116793,AV BY96010 - Avanta Kids - Kids - C6 - 46 - Full Frame - Square - Pediatric,0,1,1,WIDTH_INC,0,2,0,12,0
Moradabad Kanth Road,NORTH,ADMYRA,FRAME,SHEET|FULL|SQUARE,MALE,2490,,,SYS67557,,2490,FREE,SYS67557,AM 001 - Admyra - Male - D/Grey - 53 - Full Frame - Square - Sheet,0,1,1,WIDTH_INC,0,72,40,6,1
Moradabad Kanth Road,NORTH,ADMYRA,FRAME,SHEET|FULL|SQUARE,MALE,2490,,,SYS67555,,2490,FREE,SYS67555,AM 001 - Admyra - Male - Black - 53 - Full Frame - Square - Sheet,0,1,1,WIDTH_INC,0,132,84,6,1
Delhi Safdarjung Enclave,NORTH,AVANTA KIDS,FRAME,TR|FULL|ROUND,KIDS,790,,,SYS168317,,790,FREE,SYS168317,AV 95008 - Avanta Kids - Kids - Trans/Pink - 43 - Full Frame - Round - TR,0,1,1,WIDTH_INC,0,6,0,9,0
Ranchi Kutchery Road,EAST,AVANTA,FRAME,SHEET|FULL|SQUARE,FEMALE,1290,,,SYS168768,,1290,FREE,SYS168768,AV 9773 - Avanta - Female - C1 - 52 - Full Frame - Square - Sheet,0,1,1,WIDTH_INC,0,8,0,21,0
Delhi Safdarjung Enclave,NORTH,AVANTA KIDS,FRAME,TR|FULL|RECTANGLE,KIDS,790,,,SYS168339,,790,FREE,SYS168339,AV 95007 - Avanta Kids - Kids - Trans/Pink - 45 - Full Frame - Rectangle - TR,0,1,1,WIDTH_INC,0,6,0,9,0
Delhi Safdarjung Enclave,NORTH,AVANTA KIDS,FRAME,TR|FULL|SQUARE,KIDS,790,,,SYS168299,,790,FREE,SYS168299,AV 95005 - Avanta Kids - Kids - MT.Blue - 45 - Full Frame - Square - TR,0,1,1,WIDTH_INC,0,10,0,9,0
Delhi Safdarjung Enclave,NORTH,AVANTA KIDS,FRAME,TR|FULL|SQUARE,KIDS,790,,,SYS168277,,790,FREE,SYS168277,AV 95001 - Avanta Kids - Kids - MT/D/Green - 43 - Full Frame - Square - TR,0,1,1,WIDTH_INC,0,7,2,9,0
Jhunjhunu Indra Nagar,WEST,AVANTA KIDS,FRAME,TR|FULL|RECTANGLE,KIDS,1090,,,SYS167665,,1090,FREE,SYS167665,AV 77071 - Avanta Kids - Kids - Black - 45 - Clip on - Rectangle - TR,0,1,1,WIDTH_INC,0,8,0,3,0
Gurgaon Sector 51 M2K,NORTH,AVANTA,FRAME,SHEET|FULL|CAT EYE,FEMALE,1190,,,SYS158408,,1190,FREE,SYS158408,AV 0072HD - Avanta - Female - Black - 51 - Full Frame - Cat Eye - Sheet,0,1,1,WIDTH_INC,0,55,43,5,0
Gurgaon Sec 29,NORTH,RAYBAN,FRAME,SHEET|FULL|RECTANGLE,MALE,5490,,,SYS121188,,5490,FREE,SYS121188,RX5389I - Rayban - Male - 2000 - 54 - Full Frame - Rectangle - Sheet,0,1,1,WIDTH_INC,0,4,0,9,0
Gurgaon Sector 51 M2K,NORTH,AVANTA,FRAME,SHEET|FULL|RECTANGLE,MALE,1190,,,SYS158381,,1190,FREE,SYS158381,AV 0061 - Avanta - Male - Trans/Grey - 53 - Full Frame - Rectangle - Sheet,0,1,1,WIDTH_INC,0,128,109,5,0
Mumbai Chembur Rushab Eye,WEST,AVANTA,FRAME,TR|FULL|RECTANGLE,MALE,990,,,SYS166997,,990,FREE,SYS166997,AV 250904 - Avanta - Male - Black - 53 - Full Frame - Rectangle - TR,0,1,1,WIDTH_INC,0,9,0,8,0
Sikar Police Line Road I Max,WEST,AVANTA,FRAME,TR|FULL|RECTANGLE,MALE,790,,,SYS118601,,790,FREE,SYS118601,AV 8021 - Avanta - Male - Black - 50 - Full Frame - Rectangle - TR,0,1,1,WIDTH_INC,0,10,0,29,0
Mumbai Chembur Rushab Eye,WEST,AVANTA,FRAME,TR|FULL|SQUARE,MALE,990,,,SYS166959,,990,FREE,SYS166959,AV TB6041 - Avanta - Male - C1/5 - 51 - Full Frame - Square - TR,0,1,1,WIDTH_INC,0,12,0,8,0
Bhubneshwar Nayapalli,EAST,AVANTA,FRAME,METAL|SUPRA|RECTANGLE,MALE,890,,,SYS167431,,890,FREE,SYS167431,AV 825073 - Avanta - Male - Black - 49 - Supra - Rectangle - Metal,0,1,1,WIDTH_INC,0,12,0,9,0
Indore Vijay Nagar,NORTH,ADMYRA,FRAME,SHEET|FULL|RECTANGLE,MALE,2490,,,SYS67856,,2490,FREE,SYS67856,AM 039 - Admyra - Male - Black - 51 - Full Frame - Rectangle - Sheet,0,1,1,WIDTH_INC,0,103,53,29,9
Indore Vijay Nagar,NORTH,ADMYRA,FRAME,SHEET|FULL|RECTANGLE,MALE,2490,,,SYS67860,,2490,FREE,SYS67860,AM 039 - Admyra - Male - MT.Blue - 51 - Full Frame - Rectangle - Sheet,0,1,1,WIDTH_INC,0,106,69,29,9
Indore Vijay Nagar,NORTH,ADMYRA,FRAME,SHEET|FULL|RECTANGLE,MALE,2490,,,SYS67859,,2490,FREE,SYS67859,AM 039 - Admyra - Male - MT.Black - 51 - Full Frame - Rectangle - Sheet,0,1,1,WIDTH_INC,0,70,44,29,9
Indore Vijay Nagar,NORTH,ADMYRA,FRAME,SHEET|FULL|RECTANGLE,MALE,2490,,,SYS67858,,2490,FREE,SYS67858,AM 039 - Admyra - Male - D/Grey - 51 - Full Frame - Rectangle - Sheet,0,1,1,WIDTH_INC,0,74,53,29,9
Indore Vijay Nagar,NORTH,ADMYRA,FRAME,SHEET|FULL|RECTANGLE,MALE,2490,,,SYS67857,,2490,FREE,SYS67857,AM 039 - Admyra - Male - D/Brown - 51 - Full Frame - Rectangle - Sheet,0,1,1,WIDTH_INC,0,48,34,29,9
Jhunjhunu Indra Nagar,WEST,AVANTA,FRAME,TR|FULL|RECTANGLE,MALE,890,,,SYS167828,,890,FREE,SYS167828,AV 8016 - Avanta - Male - Black - 51 - Full Frame - Rectangle - TR,0,1,1,WIDTH_INC,0,10,5,149,0
Bhubneshwar Nayapalli,EAST,AVANTA,FRAME,TR|FULL|RECTANGLE,MALE,990,,,SYS167097,,990,FREE,SYS167097,AV 250984 - Avanta - Male - C1 - 48 - Full Frame - Rectangle - TR,0,1,1,WIDTH_INC,0,9,0,9,0
Patna RPS Mod,NORTH,AVANTA,FRAME,SHEET|FULL|SQUARE,MALE,1190,,,SYS162649,,1190,FREE,SYS162649,AV 0063 - Avanta - Male - Trans/Grey - 51 - Full Frame - Square - Sheet,0,1,1,WIDTH_INC,0,267,247,24,0
Patiala Randhawa Eye,NORTH,ADMYRA,FRAME,SHEET|FULL|RECTANGLE,MALE,2490,,,SYS67856,,2490,FREE,SYS67856,AM 039 - Admyra - Male - Black - 51 - Full Frame - Rectangle - Sheet,0,1,1,WIDTH_INC,0,103,53,16,2
Patiala Randhawa Eye,NORTH,ADMYRA,FRAME,SHEET|FULL|RECTANGLE,MALE,2490,,,SYS67860,,2490,FREE,SYS67860,AM 039 - Admyra - Male - MT.Blue - 51 - Full Frame - Rectangle - Sheet,0,1,1,WIDTH_INC,0,106,69,16,2
Patiala Randhawa Eye,NORTH,ADMYRA,FRAME,SHEET|FULL|RECTANGLE,MALE,2490,,,SYS67859,,2490,FREE,SYS67859,AM 039 - Admyra - Male - MT.Black - 51 - Full Frame - Rectangle - Sheet,0,1,1,WIDTH_INC,0,70,44,16,2
Ghaziabad Nehru Nagar,NORTH,OMBRA,SUNGLASS,SHEET|FULL|RECTANGLE,MALE,1190,,,SYS166384,,1190,FREE,SYS166384,OB 98201P - OMBRA - Male - C1 - 53 - Sunglass - Rectangle - Sheet,0,1,1,WIDTH_INC,0,10,1,2,0
Ghaziabad Nehru Nagar,NORTH,OMBRA,SUNGLASS,SHEET|FULL|RECTANGLE,MALE,1190,,,SYS166385,,1190,FREE,SYS166385,OB 98201P - OMBRA - Male - C2 - 53 - Sunglass - Rectangle - Sheet,0,1,1,WIDTH_INC,0,10,0,2,0
Jhunjhunu Indra Nagar,WEST,AVANTA,FRAME,METAL|FULL|SQUARE,UNISEX,1090,,,SYS167568,,1090,FREE,SYS167568,AV 18177 - Avanta - Unisex - Silver/Purple - 49 - Full Frame - Square - Metal,0,1,1,WIDTH_INC,0,1,0,149,0
Jhunjhunu Indra Nagar,WEST,AVANTA,FRAME,METAL|FULL|HEXAGON,UNISEX,990,,,SYS167580,,990,FREE,SYS167580,AV 253002 - Avanta - Unisex - Copper - 52 - Full Frame - Hexagon - Metal,0,1,1,WIDTH_INC,0,4,1,149,0
Jhunjhunu Indra Nagar,WEST,AVANTA,FRAME,SHEET|FULL|CAT EYE,FEMALE,1490,,,SYS142337,,1490,FREE,SYS142337,AV 0046 - Avanta - Female - Wine - 51 - Full Frame - Cat Eye - Sheet,0,1,1,WIDTH_INC,0,1,0,149,0
Kanpur Mall Road,NORTH,AVANTA,FRAME,TR|FULL|SQUARE,UNISEX,790,,,SYS166716,,790,FREE,SYS166716,AV 77081 - Avanta - Unisex - Blk/Brown - 48 - Full Frame - Square - TR,0,1,1,WIDTH_INC,0,4,0,33,0
Delhi Pitampura,NORTH,EMPORIO ARMANI,FRAME,TITANIUM|FULL|RECTANGLE,MALE,11590,,,SYS166321,,11590,FREE,SYS166321,EA1044TD - Emporio Armani - Male - 3001 - 55 - Supra - Rectangle - Titanium,0,1,1,WIDTH_INC,0,2,0,3,0
Panvel Laxmi Eye,WEST,AVANTA,FRAME,METAL|HALF|SQUARE,MALE,1490,,,SYS152998,,1490,FREE,SYS152998,AV 56123 - Avanta - Male - C1 - 49 - Half Frame - Square - Metal,0,1,1,WIDTH_INC,0,3,0,37,0
Kanpur Mall Road,NORTH,AVANTA,FRAME,TR|FULL|RECTANGLE,MALE,890,,,SYS166801,,890,FREE,SYS166801,AV 270812 - Avanta - Male - Blk/Red - 50 - Full Frame - Rectangle - TR,0,1,1,WIDTH_INC,0,12,0,33,0
Delhi Pitampura,NORTH,OMBRA,SUNGLASS,SHEET|FULL|RECTANGLE,MALE,1190,,,SYS166384,,1190,FREE,SYS166384,OB 98201P - OMBRA - Male - C1 - 53 - Sunglass - Rectangle - Sheet,0,1,1,WIDTH_INC,0,10,1,2,0
Delhi Pitampura,NORTH,OMBRA,SUNGLASS,SHEET|FULL|RECTANGLE,MALE,1190,,,SYS166385,,1190,FREE,SYS166385,OB 98201P - OMBRA - Male - C2 - 53 - Sunglass - Rectangle - Sheet,0,1,1,WIDTH_INC,0,10,0,2,0
Delhi Shahdara,NORTH,AVANTA,FRAME,TR|FULL|ROUND,UNISEX,990,,,SYS167290,,990,FREE,SYS167290,AV 61309 - Avanta - Unisex - MT.Grey - 48 - Full Frame - Round - TR,0,1,1,WIDTH_INC,0,6,5,3,0
Ahemdabad CG Road,WEST,AVANTA,FRAME,METAL|FULL|SQUARE,MALE,990,,,SYS164811,,990,FREE,SYS164811,AV 7412205 - Avanta - Male - Gun/Grey - 51 - Full Frame - Square - Metal,0,1,1,WIDTH_INC,0,8,0,7,0
Kanpur Mall Road,NORTH,AVANTA,FRAME,TR|FULL|RECTANGLE,UNISEX,890,,,SYS167910,,890,FREE,SYS167910,AV 202532 - Avanta - Unisex - MT.Grey - 51 - Full Frame - Rectangle - TR,0,1,1,WIDTH_INC,0,10,3,33,0
Delhi Safdarjung Enclave,NORTH,TOM FORD,FRAME,SHEET|FULL|SQUARE,MALE,36500,,,SYS78846,,36500,FREE,SYS78846,TF5820/B - Tom Ford - Male - 020 - 50 - Full Frame - Square - Sheet,0,1,1,WIDTH_INC,0,1,0,6,2
Kanpur Mall Road,NORTH,AVANTA,FRAME,TR|FULL|CAT EYE,FEMALE,990,,,SYS167994,,990,FREE,SYS167994,AV 9952215 - Avanta - Female - Black - 51 - Full Frame - Cat Eye - TR,0,1,1,WIDTH_INC,0,6,1,33,0
Kanpur Mall Road,NORTH,AVANTA,FRAME,TR|FULL|SQUARE,MALE,990,,,SYS167965,,990,FREE,SYS167965,AV 9952204 - Avanta - Male - Trans/Grey - 53 - Full Frame - Square - TR,0,1,1,WIDTH_INC,0,12,0,33,0
Gurgaon Sec 29,NORTH,VOGUE,FRAME,SHEET|FULL|RECTANGLE,FEMALE,5190,,,SYS166631,,5190,FREE,SYS166631,VO5621 - Vogue - Female - 3284 - 51 - Full Frame - Rectangle - Sheet,0,1,1,WIDTH_INC,0,1,0,2,0
Hisar Sec 14,NORTH,AVANTA,FRAME,TR|FULL|CAT EYE,FEMALE,990,,,SYS162221,,990,FREE,SYS162221,AV 132008 - Avanta - Female - Green - 51 - Full Frame - Cat Eye - TR,0,1,1,WIDTH_INC,0,6,0,11,0
Kanpur Mall Road,NORTH,AVANTA,FRAME,TR|FULL|RECTANGLE,MALE,690,,,SYS168026,,690,FREE,SYS168026,AV T018 - Avanta - Male - Trans/Grey - 51 - Full Frame - Rectangle - TR,0,1,1,WIDTH_INC,0,7,1,33,0
Gorakhpur Mughlaha,NORTH,AVANTA KIDS,FRAME,PEDIATRIC|FULL|ROUND,KIDS,1690,,,SYS165266,,1690,FREE,SYS165266,AV ZC1611 - Avanta Kids - Kids - C2 - 48 - Full Frame - Round - Pediatric,0,1,1,WIDTH_INC,0,4,1,5,0
Kanpur Mall Road,NORTH,AVANTA,FRAME,TR|FULL|RECTANGLE,MALE,790,,,SYS168052,,790,FREE,SYS168052,AV 270805 - Avanta - Male - Black - 52 - Full Frame - Rectangle - TR,0,1,1,WIDTH_INC,0,9,0,33,0
Patiala Randhawa Eye,NORTH,ADMYRA,FRAME,SHEET|FULL|SQUARE,MALE,2490,,,SYS67557,,2490,FREE,SYS67557,AM 001 - Admyra - Male - D/Grey - 53 - Full Frame - Square - Sheet,0,1,1,WIDTH_INC,0,72,40,16,2
Patiala Randhawa Eye,NORTH,ADMYRA,FRAME,SHEET|FULL|SQUARE,MALE,2490,,,SYS67555,,2490,FREE,SYS67555,AM 001 - Admyra - Male - Black - 53 - Full Frame - Square - Sheet,0,1,1,WIDTH_INC,0,132,84,16,2
Kolkata AJC Bose Road,EAST,AVANTA,FRAME,METAL|SUPRA|RECTANGLE,MALE,990,,,SYS168555,,990,FREE,SYS168555,AV 8825712 - Avanta - Male - Gun - 52 - Supra - Rectangle - Metal,0,1,1,WIDTH_INC,0,15,0,17,0
LAJPAT NAGAR,NORTH,AVANTA,FRAME,METAL|HALF|SQUARE,MALE,1490,,,SYS152998,,1490,FREE,SYS152998,AV 56123 - Avanta - Male - C1 - 49 - Half Frame - Square - Metal,0,1,1,WIDTH_INC,0,3,0,14,0
Prayagraj Tashkent Marg,NORTH,OMBRA,SUNGLASS,SHEET|FULL|SQUARE,MALE,1190,,,SYS166360,,1190,FREE,SYS166360,OB 66528 - OMBRA - Male - C9 - 54 - Sunglass - Square - Sheet,0,1,1,WIDTH_INC,0,12,3,2,1
Delhi Pitampura,NORTH,STEPPER,FRAME,TITANIUM|RIMLESS|SQUARE,MALE,10780,,,SYS166220,,10780,FREE,SYS166220,SI/87774 - Stepper - Male - F020 - 55 - Rimless - Square - Titanium,0,1,1,WIDTH_INC,0,1,0,5,0
Ahemdabad CG Road,WEST,AVANTA,FRAME,TR|FULL|SQUARE,MALE,990,,,SYS165095,,990,FREE,SYS165095,AV 202533 - Avanta - Male - MT.Green - 52 - Full Frame - Square - TR,0,1,1,WIDTH_INC,0,9,0,7,0
Kolkata AJC Bose Road,EAST,AVANTA,FRAME,METAL|SUPRA|RECTANGLE,MALE,790,,,SYS168387,,790,FREE,SYS168387,AV ZXA42005 - Avanta - Male - Gun - 49 - Supra - Rectangle - Metal,0,1,1,WIDTH_INC,0,24,10,17,0
Delhi Rajouri Garden,NORTH,STEPPER,FRAME,SHEET|FULL|RECTANGLE,UNISEX,7370,,,SYS113852,,7370,FREE,SYS113852,SI/20126 - Stepper - Unisex - F110 - 53 - Full Frame - Rectangle - Sheet,0,1,1,WIDTH_INC,0,1,0,2,0
Jhunjhunu Indra Nagar,WEST,AVANTA,FRAME,TR|FULL|CAT EYE,FEMALE,990,,,SYS166990,,990,FREE,SYS166990,AV 250902 - Avanta - Female - Black - 47 - Full Frame - Cat Eye - TR,0,1,1,WIDTH_INC,0,7,0,149,0
Vijayawada Mogalrajpuram,SOUTH,ADMYRA,FRAME,SHEET|FULL|CAT EYE,FEMALE,2790,,,SYS162318,,2790,FREE,SYS162318,AM 0133 - Admyra - Female - D/Brown - 53 - Full Frame - Cat Eye - Sheet,0,1,1,WIDTH_INC,0,47,41,10,0
Vijayawada Mogalrajpuram,SOUTH,ADMYRA,FRAME,SHEET|FULL|CAT EYE,FEMALE,2790,,,SYS162316,,2790,FREE,SYS162316,AM 0133 - Admyra - Female - Black - 53 - Full Frame - Cat Eye - Sheet,0,1,1,WIDTH_INC,0,49,19,10,0
Vijayawada Mogalrajpuram,SOUTH,ADMYRA,FRAME,SHEET|FULL|CAT EYE,FEMALE,2790,,,SYS162310,,2790,FREE,SYS162310,AM 0131 - Admyra - Female - Trans/Blue - 51 - Full Frame - Cat Eye - Sheet,0,1,1,WIDTH_INC,0,49,19,10,0
Jhunjhunu Indra Nagar,WEST,AVANTA,FRAME,TR|FULL|SQUARE,MALE,990,,,SYS166959,,990,FREE,SYS166959,AV TB6041 - Avanta - Male - C1/5 - 51 - Full Frame - Square - TR,0,1,1,WIDTH_INC,0,12,0,149,0
Jhunjhunu Indra Nagar,WEST,AVANTA,FRAME,TR|FULL|SQUARE,MALE,990,,,SYS166960,,990,FREE,SYS166960,AV TB6041 - Avanta - Male - C1/6 - 51 - Full Frame - Square - TR,0,1,1,WIDTH_INC,0,14,0,149,0
Jabalpur Napier Town,SOUTH,AVANTA,FRAME,METAL|FULL|AVIATOR,MALE,1190,,,SYS164719,,1190,FREE,SYS164719,AV PB001 - Avanta - Male - Silver - 56 - Full Frame - Aviator - Metal,0,1,1,WIDTH_INC,0,12,9,59,0
Delhi Pitampura,NORTH,TOMMY HILFIGER,SUNGLASS,METAL|FULL|AVIATOR,MALE,7990,,,SYS165782,,7990,FREE,SYS165782,TH 1602 - Tommy Hilfiger - Male - C1 - 58 - Sunglass - Aviator - Metal,0,1,1,WIDTH_INC,0,2,1,3,0
Delhi Pitampura,NORTH,TOMMY HILFIGER,SUNGLASS,METAL|FULL|AVIATOR,MALE,7990,,,SYS165784,,7990,FREE,SYS165784,TH 1602 - Tommy Hilfiger - Male - C4 - 58 - Sunglass - Aviator - Metal,0,1,1,WIDTH_INC,0,1,0,3,0
Kanpur Mall Road,NORTH,AVANTA,FRAME,TR|FULL|RECTANGLE,MALE,990,,,SYS166956,,990,FREE,SYS166956,AV TB6034 - Avanta - Male - C6 - 51 - Full Frame - Rectangle - TR,0,1,1,WIDTH_INC,0,11,0,33,0
Delhi Shahdara,NORTH,AVANTA,FRAME,TR|FULL|RECTANGLE,MALE,990,,,SYS166965,,990,FREE,SYS166965,AV 50043 - Avanta - Male - C2 - 51 - Full Frame - Rectangle - TR,0,1,1,WIDTH_INC,0,9,1,3,0
LAJPAT NAGAR,NORTH,RAYBAN JUNIOR,FRAME,SHEET|FULL|RECTANGLE,KIDS,4490,,,SYS152666,,4490,FREE,SYS152666,RY1586 - Rayban Junior - Kids - 3832 - 49 - Full Frame - Rectangle - Sheet,0,1,1,WIDTH_INC,0,3,0,3,1
Delhi Dwarka Vegas Mall Sec 14,NORTH,EMPORIO ARMANI,SUNGLASS,SHEET|FULL|SQUARE,MALE,18490,,,SYS65524,,18490,FREE,SYS65524,EA4189U - Emporio Armani - Male - 50881W - 55 - Clip On - Square - Sheet,0,1,1,WIDTH_INC,0,2,0,4,0
Vijayawada Mogalrajpuram,SOUTH,AVANTA,FRAME,METAL|HALF|RECTANGLE,MALE,690,,,SYS68154,,690,FREE,SYS68154,AV 31003 - Avanta - Male - Pink - 50 - Supra - Rectangle - Metal,0,1,1,WIDTH_INC,0,2,1,38,0
Kolkata AJC Bose Road,EAST,AVANTA,FRAME,TR|FULL|CAT EYE,FEMALE,990,,,SYS168001,,990,FREE,SYS168001,AV 9952213 - Avanta - Female - Trans/Purple - 51 - Full Frame - Cat Eye - TR,0,1,1,WIDTH_INC,0,6,0,17,0
Kolkata AJC Bose Road,EAST,AVANTA KIDS,FRAME,TR|FULL|RECTANGLE,KIDS,790,,,SYS168344,,790,FREE,SYS168344,AV 95007 - Avanta Kids - Kids - D/Purple - 45 - Full Frame - Rectangle - TR,0,1,1,WIDTH_INC,0,7,0,6,0
Kanpur Mall Road,NORTH,AVANTA,FRAME,METAL|FULL|ROUND,UNISEX,790,,,SYS168788,,790,FREE,SYS168788,AV 8253203 - Avanta - Unisex - Silver - 47 - Full Frame - Round - Metal,0,1,1,WIDTH_INC,0,11,3,33,0
Kolkata AJC Bose Road,EAST,AVANTA KIDS,FRAME,TR|FULL|ROUND,KIDS,790,,,SYS168317,,790,FREE,SYS168317,AV 95008 - Avanta Kids - Kids - Trans/Pink - 43 - Full Frame - Round - TR,0,1,1,WIDTH_INC,0,6,0,6,0
Kolkata AJC Bose Road,EAST,AVANTA KIDS,FRAME,TR|FULL|ROUND,KIDS,790,,,SYS168311,,790,FREE,SYS168311,AV 95008 - Avanta Kids - Kids - Yellow - 43 - Full Frame - Round - TR,0,1,1,WIDTH_INC,0,6,0,6,0
Ranchi Kutchery Road,EAST,AVANTA,FRAME,METAL|SUPRA|RECTANGLE,MALE,690,,,SYS143393,,690,FREE,SYS143393,AV 31004 - Avanta - Male - Gold - 51 - Supra - Rectangle - Metal,0,1,1,WIDTH_INC,0,4,0,21,0
Ghaziabad RDC,NORTH,AVANTA,FRAME,SHEET|FULL|CAT EYE,FEMALE,1190,,,SYS158410,,1190,FREE,SYS158410,AV 0072HD - Avanta - Female - Purple - 51 - Full Frame - Cat Eye - Sheet,0,1,1,WIDTH_INC,0,60,41,12,0
Ghaziabad RDC,NORTH,AVANTA,FRAME,SHEET|FULL|SQUARE,MALE,1190,,,SYS158369,,1190,FREE,SYS158369,AV 0064 - Avanta - Male - D/Brown - 54 - Full Frame - Square - Sheet,0,1,1,WIDTH_INC,0,157,148,12,0
Ghaziabad RDC,NORTH,AVANTA,FRAME,SHEET|FULL|SQUARE,MALE,1190,,,SYS158368,,1190,FREE,SYS158368,AV 0064 - Avanta - Male - Black - 54 - Full Frame - Square - Sheet,0,1,1,WIDTH_INC,0,170,140,12,0
Ghaziabad RDC,NORTH,AVANTA,FRAME,SHEET|FULL|ROUND,UNISEX,1190,,,SYS158417,,1190,FREE,SYS158417,AV 0068HD - Avanta - Unisex - Trans/Purple - 48 - Full Frame - Round - Sheet,0,1,1,WIDTH_INC,0,55,39,12,0
Ghaziabad RDC,NORTH,AVANTA,FRAME,SHEET|FULL|RECTANGLE,MALE,1190,,,SYS158432,,1190,FREE,SYS158432,AV 0063 - Avanta - Male - Trans/Brown - 51 - Full Frame - Rectangle - Sheet,0,1,1,WIDTH_INC,0,115,106,12,0
Hyderabad Banjara Hills,SOUTH,ADMYRA,FRAME,SHEET|FULL|SQUARE,MALE,2490,,,SYS67557,,2490,FREE,SYS67557,AM 001 - Admyra - Male - D/Grey - 53 - Full Frame - Square - Sheet,0,1,1,WIDTH_INC,0,72,40,6,0
Hyderabad Banjara Hills,SOUTH,ADMYRA,FRAME,SHEET|FULL|SQUARE,MALE,2490,,,SYS67555,,2490,FREE,SYS67555,AM 001 - Admyra - Male - Black - 53 - Full Frame - Square - Sheet,0,1,1,WIDTH_INC,0,132,84,6,0
Hyderabad Neo Retina (Abids),SOUTH,AVANTA KIDS,FRAME,TR|FULL|RECTANGLE,KIDS,790,,,SYS168338,,790,FREE,SYS168338,AV 95007 - Avanta Kids - Kids - Grey/Pink - 45 - Full Frame - Rectangle - TR,0,1,1,WIDTH_INC,0,6,0,1,0
Greater Noida West Nirala Estate,NORTH,ADMYRA,FRAME,SHEET|FULL|RECTANGLE,MALE,2490,,,SYS67856,,2490,FREE,SYS67856,AM 039 - Admyra - Male - Black - 51 - Full Frame - Rectangle - Sheet,0,1,1,WIDTH_INC,0,103,53,8,1
Kanpur Mall Road,NORTH,AVANTA KIDS,FRAME,TR|FULL|RECTANGLE,KIDS,790,,,SYS168339,,790,FREE,SYS168339,AV 95007 - Avanta Kids - Kids - Trans/Pink - 45 - Full Frame - Rectangle - TR,0,1,1,WIDTH_INC,0,6,0,5,0
Kanpur Mall Road,NORTH,AVANTA KIDS,FRAME,TR|FULL|RECTANGLE,KIDS,790,,,SYS168343,,790,FREE,SYS168343,AV 95007 - Avanta Kids - Kids - MT.Pink - 45 - Full Frame - Rectangle - TR,0,1,1,WIDTH_INC,0,6,0,5,0
Kanpur Mall Road,NORTH,AVANTA KIDS,FRAME,TR|FULL|ROUND,KIDS,790,,,SYS168314,,790,FREE,SYS168314,AV 95008 - Avanta Kids - Kids - Brown - 43 - Full Frame - Round - TR,0,1,1,WIDTH_INC,0,6,0,5,0
Navi Mumbai Nerul ( Shivam ),WEST,ADMYRA,FRAME,METAL|FULL|SQUARE,MALE,2190,,,SYS106231,,2190,FREE,SYS106231,AM 60008 - Admyra - Male - Gold/Blk - 52 - Full Frame - Square - Metal,0,1,1,WIDTH_INC,0,1,0,17,1
Palwal New Colony,NORTH,AVANTA,FRAME,METAL|SUPRA|RECTANGLE,MALE,690,,,SYS143390,,690,FREE,SYS143390,AV 31004 - Avanta - Male - Gun - 51 - Supra - Rectangle - Metal,0,1,1,WIDTH_INC,0,8,0,19,0
Agra Ashoka Plaza,NORTH,STEPPER,FRAME,TITANIUM|HALF|SQUARE,MALE,10780,,,SYS113805,,10780,FREE,SYS113805,SI/60178 - Stepper - Male - F014 - 53 - Half Frame - Square - Titanium,0,1,1,WIDTH_INC,0,1,0,2,0
Greater Noida West Nirala Estate,NORTH,ADMYRA,FRAME,SHEET|FULL|SQUARE,MALE,2490,,,SYS67557,,2490,FREE,SYS67557,AM 001 - Admyra - Male - D/Grey - 53 - Full Frame - Square - Sheet,0,1,1,WIDTH_INC,0,72,40,8,1
Greater Noida West Nirala Estate,NORTH,ADMYRA,FRAME,SHEET|FULL|SQUARE,MALE,2490,,,SYS67555,,2490,FREE,SYS67555,AM 001 - Admyra - Male - Black - 53 - Full Frame - Square - Sheet,0,1,1,WIDTH_INC,0,132,84,8,1
Bhubneshwar Nayapalli,EAST,AVANTA KIDS,FRAME,TR|FULL|ROUND,KIDS,790,,,SYS168312,,790,FREE,SYS168312,AV 95008 - Avanta Kids - Kids - Purple/Pink - 43 - Full Frame - Round - TR,0,1,1,WIDTH_INC,0,6,3,5,0
Bhubneshwar Nayapalli,EAST,AVANTA KIDS,FRAME,TR|FULL|RECTANGLE,KIDS,790,,,SYS168338,,790,FREE,SYS168338,AV 95007 - Avanta Kids - Kids - Grey/Pink - 45 - Full Frame - Rectangle - TR,0,1,1,WIDTH_INC,0,6,0,5,0
Badlapur Kulgaon Drishti Eye,WEST,VOGUE,FRAME,SHEET|FULL|OVAL,UNISEX,5390,,,SYS59725,,5390,FREE,SYS59725,VO5326 - Vogue - Unisex - W656 - 49 - Full Frame - Oval - Sheet,0,1,1,WIDTH_INC,0,2,1,5,3
Bhubneshwar Nayapalli,EAST,AVANTA KIDS,FRAME,TR|FULL|ROUND,KIDS,790,,,SYS168310,,790,FREE,SYS168310,AV 95008 - Avanta Kids - Kids - Blue - 43 - Full Frame - Round - TR,0,1,1,WIDTH_INC,0,6,2,5,0
Palwal New Colony,NORTH,AVANTA,FRAME,METAL|FULL|SQUARE,MALE,790,,,SYS168775,,790,FREE,SYS168775,AV 8253205 - Avanta - Male - Gun - 48 - Full Frame - Square - Metal,0,1,1,WIDTH_INC,0,11,0,19,0
Bhubneshwar Nayapalli,EAST,AVANTA KIDS,FRAME,TR|FULL|CAT EYE,KIDS,790,,,SYS168367,,790,FREE,SYS168367,AV 95010 - Avanta Kids - Kids - Trans/Purple - 46 - Full Frame - Cat Eye - TR,0,1,1,WIDTH_INC,0,6,0,5,0
Palwal New Colony,NORTH,AVANTA,FRAME,METAL|SUPRA|RECTANGLE,MALE,990,,,SYS168555,,990,FREE,SYS168555,AV 8825712 - Avanta - Male - Gun - 52 - Supra - Rectangle - Metal,0,1,1,WIDTH_INC,0,15,0,19,0
Palwal New Colony,NORTH,AVANTA,FRAME,TR|FULL|RECTANGLE,FEMALE,890,,,SYS168523,,890,FREE,SYS168523,AV 87009 - Avanta - Female - Black - 50 - Full Frame - Rectangle - TR,0,1,1,WIDTH_INC,0,7,0,19,0
Palwal New Colony,NORTH,AVANTA,FRAME,TR|FULL|SQUARE,MALE,890,,,SYS168465,,890,FREE,SYS168465,AV 303032 - Avanta - Male - Black - 52 - Full Frame - Square - TR,0,1,1,WIDTH_INC,0,8,0,19,0
Indore Sapna Sangeeta Road,NORTH,ADMYRA,FRAME,SHEET|FULL|SQUARE,MALE,2490,,,SYS67555,,2490,FREE,SYS67555,AM 001 - Admyra - Male - Black - 53 - Full Frame - Square - Sheet,0,1,1,WIDTH_INC,0,132,84,3,0
Delhi Preet Vihar Vikas Marg,NORTH,VOGUE,FRAME,SHEET|FULL|SQUARE,MALE,4190,,,SYS168927,,4190,FREE,SYS168927,VO5718I - Vogue - Male - 2760 - 54 - Full Frame - Square - Sheet,0,1,1,WIDTH_INC,0,1,0,5,3
Delhi Preet Vihar Vikas Marg,NORTH,EMPORIO ARMANI,FRAME,SHEET|FULL|RECTANGLE,MALE,12490,,,SYS168934,,12490,FREE,SYS168934,EA3239 - Emporio Armani - Male - 6344 - 55 - Full Frame - Rectangle - Sheet,0,1,1,WIDTH_INC,0,2,0,6,0
Delhi Preet Vihar Vikas Marg,NORTH,EMPORIO ARMANI,FRAME,TITANIUM|SUPRA|RECTANGLE,MALE,11590,,,SYS168971,,11590,FREE,SYS168971,EA1044TD - Emporio Armani - Male - 3032 - 55 - Supra - Rectangle - Titanium,0,1,1,WIDTH_INC,0,2,0,6,0
Bhubneshwar Nayapalli,EAST,AVANTA KIDS,FRAME,TR|FULL|ROUND,KIDS,890,,,SYS168248,,890,FREE,SYS168248,AV 83009 - Avanta Kids - Kids - MT.Blue - 44 - Full Frame - Round - TR,0,1,1,WIDTH_INC,0,5,2,5,0
Delhi Preet Vihar Vikas Marg,NORTH,EMPORIO ARMANI,FRAME,SHEET|FULL|RECTANGLE,MALE,12490,,,SYS168949,,12490,FREE,SYS168949,EA3280U - Emporio Armani - Male - 6372 - 53 - Full Frame - Rectangle - Sheet,0,1,1,WIDTH_INC,0,2,0,6,0
Delhi Preet Vihar Vikas Marg,NORTH,EMPORIO ARMANI,FRAME,SHEET|FULL|RECTANGLE,MALE,12490,,,SYS168950,,12490,FREE,SYS168950,EA3280U - Emporio Armani - Male - 6373 - 53 - Full Frame - Rectangle - Sheet,0,1,1,WIDTH_INC,0,2,0,6,0
Delhi Preet Vihar Vikas Marg,NORTH,EMPORIO ARMANI,FRAME,SHEET|FULL|RECTANGLE,MALE,12490,,,SYS168948,,12490,FREE,SYS168948,EA3280U - Emporio Armani - Male - 5001 - 53 - Full Frame - Rectangle - Sheet,0,1,1,WIDTH_INC,0,2,0,6,0
Palwal New Colony,NORTH,AVANTA,FRAME,METAL|SUPRA|RECTANGLE,MALE,790,,,SYS168387,,790,FREE,SYS168387,AV ZXA42005 - Avanta - Male - Gun - 49 - Supra - Rectangle - Metal,0,1,1,WIDTH_INC,0,24,10,19,0
Palwal New Colony,NORTH,AVANTA,FRAME,METAL|FULL|RECTANGLE,MALE,790,,,SYS168380,,790,FREE,SYS168380,AV ZXA42009 - Avanta - Male - Gun - 49 - Full Frame - Rectangle - Metal,0,1,1,WIDTH_INC,0,24,6,19,0
Palwal New Colony,NORTH,AVANTA,FRAME,METAL|FULL|ROUND,UNISEX,990,,,SYS168374,,990,FREE,SYS168374,AV W620109 - Avanta - Unisex - Silver/Blk - 50 - Full Frame - Round - Metal,0,1,1,WIDTH_INC,0,11,6,19,0
Indirapuram Shakti Khand Eros Market,NORTH,AVANTA,FRAME,METAL|HALF|SQUARE,MALE,1490,,,SYS152998,,1490,FREE,SYS152998,AV 56123 - Avanta - Male - C1 - 49 - Half Frame - Square - Metal,0,1,1,WIDTH_INC,0,3,0,32,0
Delhi Dwarka Sec 09,NORTH,ADMYRA,FRAME,SHEET|FULL|RECTANGLE,MALE,2190,,,SYS67878,,2190,FREE,SYS67878,AM 090 - Admyra - Male - MT.Blue - 54 - Full Frame - Rectangle - Sheet,0,1,1,WIDTH_INC,0,1,0,48,22
Delhi Dwarka Sec 09,NORTH,ADMYRA,FRAME,SHEET|FULL|RECTANGLE,MALE,2190,,,SYS67876,,2190,FREE,SYS67876,AM 090 - Admyra - Male - D/Grey - 54 - Full Frame - Rectangle - Sheet,0,1,1,WIDTH_INC,0,1,0,48,22
Delhi Dwarka Sec 09,NORTH,ADMYRA,FRAME,SHEET|FULL|RECTANGLE,MALE,2490,,,SYS67856,,2490,FREE,SYS67856,AM 039 - Admyra - Male - Black - 51 - Full Frame - Rectangle - Sheet,0,1,1,WIDTH_INC,0,103,53,48,22
Delhi Dwarka Sec 09,NORTH,ADMYRA,FRAME,SHEET|FULL|RECTANGLE,MALE,2490,,,SYS67860,,2490,FREE,SYS67860,AM 039 - Admyra - Male - MT.Blue - 51 - Full Frame - Rectangle - Sheet,0,1,1,WIDTH_INC,0,106,69,48,22
Delhi Dwarka Sec 09,NORTH,ADMYRA,FRAME,SHEET|FULL|RECTANGLE,MALE,2490,,,SYS67859,,2490,FREE,SYS67859,AM 039 - Admyra - Male - MT.Black - 51 - Full Frame - Rectangle - Sheet,0,1,1,WIDTH_INC,0,70,44,48,22
Delhi Dwarka Sec 09,NORTH,ADMYRA,FRAME,SHEET|FULL|RECTANGLE,MALE,2490,,,SYS67858,,2490,FREE,SYS67858,AM 039 - Admyra - Male - D/Grey - 51 - Full Frame - Rectangle - Sheet,0,1,1,WIDTH_INC,0,74,53,48,22
Noida MOI,NORTH,RAYBAN,FRAME,SHEET|FULL|SQUARE,UNISEX,5990,,,SYS111342,,5990,FREE,SYS111342,RX7237I - Rayban - Unisex - 2001 - 53 - Full Frame - Square - Sheet,0,1,1,WIDTH_INC,0,1,0,11,0
Bhubneshwar Nayapalli,EAST,AVANTA,FRAME,TR|FULL|RECTANGLE,MALE,890,,,SYS166800,,890,FREE,SYS166800,AV 270812 - Avanta - Male - Black - 50 - Full Frame - Rectangle - TR,0,1,1,WIDTH_INC,0,20,0,9,0
Noida MOI,NORTH,BURBERRY,SUNGLASS,METAL|FULL|AVIATOR,FEMALE,27290,,,SYS107590,,27290,FREE,SYS107590,BE3147 - Burberry - Female - 1344M4 - 58 - Sunglass - Aviator - Metal,0,1,1,WIDTH_INC,0,1,0,4,1
Hyderabad Banjara Hills,SOUTH,ADMYRA,FRAME,SHEET|FULL|RECTANGLE,MALE,2490,,,SYS67856,,2490,FREE,SYS67856,AM 039 - Admyra - Male - Black - 51 - Full Frame - Rectangle - Sheet,0,1,1,WIDTH_INC,0,103,53,6,0
Hyderabad Banjara Hills,SOUTH,ADMYRA,FRAME,SHEET|FULL|RECTANGLE,MALE,2490,,,SYS67860,,2490,FREE,SYS67860,AM 039 - Admyra - Male - MT.Blue - 51 - Full Frame - Rectangle - Sheet,0,1,1,WIDTH_INC,0,106,69,6,0
Moradabad Kanth Road,NORTH,ADMYRA,FRAME,SHEET|FULL|RECTANGLE,MALE,2490,,,SYS67856,,2490,FREE,SYS67856,AM 039 - Admyra - Male - Black - 51 - Full Frame - Rectangle - Sheet,0,1,1,WIDTH_INC,0,103,53,6,1
Moradabad Kanth Road,NORTH,ADMYRA,FRAME,SHEET|FULL|RECTANGLE,MALE,2490,,,SYS67860,,2490,FREE,SYS67860,AM 039 - Admyra - Male - MT.Blue - 51 - Full Frame - Rectangle - Sheet,0,1,1,WIDTH_INC,0,106,69,6,1
Moradabad Kanth Road,NORTH,ADMYRA,FRAME,SHEET|FULL|RECTANGLE,MALE,2490,,,SYS67859,,2490,FREE,SYS67859,AM 039 - Admyra - Male - MT.Black - 51 - Full Frame - Rectangle - Sheet,0,1,1,WIDTH_INC,0,70,44,6,1
Indore Sapna Sangeeta Road,NORTH,ADMYRA,FRAME,SHEET|FULL|RECTANGLE,MALE,2490,,,SYS67856,,2490,FREE,SYS67856,AM 039 - Admyra - Male - Black - 51 - Full Frame - Rectangle - Sheet,0,1,1,WIDTH_INC,0,103,53,3,0
Mumbai Chembur Rushab Eye,WEST,AVANTA,FRAME,TR|FULL|RECTANGLE,MALE,890,,,SYS166800,,890,FREE,SYS166800,AV 270812 - Avanta - Male - Black - 50 - Full Frame - Rectangle - TR,0,1,1,WIDTH_INC,0,20,0,8,0
Delhi Dwarka Vegas Mall Sec 14,NORTH,TOMMY HILFIGER,SUNGLASS,SHEET|FULL|SQUARE,MALE,7990,,,SYS68013,,7990,FREE,SYS68013,TH 2606 - Tommy Hilfiger - Male - C2 - 58 - Sunglass - Square - Sheet,0,1,1,WIDTH_INC,0,3,1,4,2
Jhunjhunu Indra Nagar,WEST,AVANTA,FRAME,METAL|SUPRA|RECTANGLE,MALE,790,,,SYS168838,,790,FREE,SYS168838,AV 6810 - Avanta - Male - Gun - 52 - Supra - Rectangle - Metal,0,1,1,WIDTH_INC,0,12,11,149,0
Ghaziabad Nehru Nagar,NORTH,AVANTA KIDS,FRAME,PEDIATRIC|FULL|OVAL,KIDS,1690,,,SYS165246,,1690,FREE,SYS165246,AV ZC1603 - Avanta Kids - Kids - C10 - 44 - Full Frame - Oval - Pediatric,0,1,1,WIDTH_INC,0,3,1,6,0
Jhunjhunu Indra Nagar,WEST,AVANTA,FRAME,METAL|FULL|ROUND,UNISEX,790,,,SYS168788,,790,FREE,SYS168788,AV 8253203 - Avanta - Unisex - Silver - 47 - Full Frame - Round - Metal,0,1,1,WIDTH_INC,0,11,3,149,0
Jhunjhunu Indra Nagar,WEST,AVANTA,FRAME,METAL|SUPRA|RECTANGLE,MALE,790,,,SYS168811,,790,FREE,SYS168811,AV 6850 - Avanta - Male - Gun - 52 - Supra - Rectangle - Metal,0,1,1,WIDTH_INC,0,12,11,149,0
Jhunjhunu Indra Nagar,WEST,AVANTA,FRAME,METAL|FULL|SQUARE,MALE,790,,,SYS168795,,790,FREE,SYS168795,AV 85014 - Avanta - Male - Black - 50 - Full Frame - Square - Metal,0,1,1,WIDTH_INC,0,7,6,149,0
Jhunjhunu Indra Nagar,WEST,AVANTA,FRAME,METAL|FULL|HEXAGON,MALE,790,,,SYS168796,,790,FREE,SYS168796,AV 85003 - Avanta - Male - Gun - 49 - Full Frame - Hexagon - Metal,0,1,1,WIDTH_INC,0,8,1,149,0
Jhunjhunu Indra Nagar,WEST,AVANTA,FRAME,METAL|FULL|HEXAGON,MALE,790,,,SYS168797,,790,FREE,SYS168797,AV 85003 - Avanta - Male - Black - 49 - Full Frame - Hexagon - Metal,0,1,1,WIDTH_INC,0,6,0,149,0
Jhunjhunu Indra Nagar,WEST,AVANTA,FRAME,METAL|FULL|HEXAGON,MALE,790,,,SYS168799,,790,FREE,SYS168799,AV 85003 - Avanta - Male - Silver - 49 - Full Frame - Hexagon - Metal,0,1,1,WIDTH_INC,0,5,0,149,0
Jhunjhunu Indra Nagar,WEST,AVANTA,FRAME,METAL|FULL|HEXAGON,MALE,790,,,SYS168800,,790,FREE,SYS168800,AV 85003 - Avanta - Male - Purple - 49 - Full Frame - Hexagon - Metal,0,1,1,WIDTH_INC,0,3,2,149,0
Jhunjhunu Indra Nagar,WEST,AVANTA,FRAME,METAL|FULL|HEXAGON,MALE,790,,,SYS168802,,790,FREE,SYS168802,AV 85003 - Avanta - Male - Burgundy - 49 - Full Frame - Hexagon - Metal,0,1,1,WIDTH_INC,0,2,1,149,0
Gurgaon Sec 29,NORTH,SILHOUETTE,FRAME,TITANIUM|HALF|RECTANGLE,MALE,36600,,,SYS166607,,36600,FREE,SYS166607,SILH 5574/75 - Silhouette - Male - 6760 - 53 - Half Frame - Rectangle - Titanium,0,1,1,WIDTH_INC,0,1,0,1,0
Noida MOI,NORTH,PRADA,SUNGLASS,SHEET|FULL|SQUARE,FEMALE,28390,,,SYS107601,,28390,FREE,SYS107601,PR 24ZS - Prada - Female - 07R0A6 - 56 - Sunglass - Square - Sheet,0,1,1,WIDTH_INC,0,2,0,10,8
Jodhpur Sardarpura,WEST,AVANTA,FRAME,METAL|SUPRA|RECTANGLE,MALE,590,,,SYS164845,,590,FREE,SYS164845,AV 25035524 - Avanta - Male - Black - 48 - Supra - Rectangle - Metal,0,1,1,WIDTH_INC,0,3,0,11,0
Delhi Dwarka Vegas Mall Sec 14,NORTH,VOGUE,SUNGLASS,METAL|FULL|AVIATOR,MALE,3590,,,SYS56461,,3590,FREE,SYS56461,VO3991SI - Vogue - Male - 813/14 - 58 - Sunglass - Aviator - Metal,0,1,1,WIDTH_INC,0,2,0,3,0
Delhi Rohini Ring Road Mall,NORTH,RAYBAN,FRAME,SHEET|FULL|OVAL,FEMALE,8690,,,SYS162270,,8690,FREE,SYS162270,RX2221V - Rayban - Female - 8456 - 51 - Full Frame - Oval - Sheet,0,1,1,WIDTH_INC,0,1,0,5,1
Delhi Rohini Ring Road Mall,NORTH,ADMYRA,FRAME,SHEET|FULL|CAT EYE,FEMALE,2790,,,SYS162310,,2790,FREE,SYS162310,AM 0131 - Admyra - Female - Trans/Blue - 51 - Full Frame - Cat Eye - Sheet,0,1,1,WIDTH_INC,0,49,19,10,2
Delhi Rohini Ring Road Mall,NORTH,ADMYRA,FRAME,SHEET|FULL|CAT EYE,FEMALE,2790,,,SYS162316,,2790,FREE,SYS162316,AM 0133 - Admyra - Female - Black - 53 - Full Frame - Cat Eye - Sheet,0,1,1,WIDTH_INC,0,49,19,10,2
Moradabad Kanth Road,NORTH,AVANTA,FRAME,TR|FULL|CAT EYE,FEMALE,990,,,SYS162222,,990,FREE,SYS162222,AV 132008 - Avanta - Female - Black - 51 - Full Frame - Cat Eye - TR,0,1,1,WIDTH_INC,0,7,0,20,0
Indore Vijay Nagar,NORTH,AVANTA KIDS,FRAME,PEDIATRIC|FULL|ROUND,KIDS,1690,,,SYS116806,,1690,FREE,SYS116806,AV BY96000 - Avanta Kids - Kids - C1 - 44 - Full Frame - Round - Pediatric,0,1,1,WIDTH_INC,0,4,0,5,0
Indore Vijay Nagar,NORTH,AVANTA KIDS,FRAME,PEDIATRIC|FULL|SQUARE,KIDS,1690,,,SYS116790,,1690,FREE,SYS116790,AV BY96010 - Avanta Kids - Kids - C1 - 46 - Full Frame - Square - Pediatric,0,1,1,WIDTH_INC,0,5,0,5,0
Noida MOI,NORTH,TOMMY HILFIGER,SUNGLASS,SHEET|FULL|SQUARE,MALE,7990,,,SYS105933,,7990,FREE,SYS105933,TH 1089 - Tommy Hilfiger - Male - C4 - 53 - Clip on - Square - Sheet,0,1,1,WIDTH_INC,0,1,0,7,2
Delhi Rohini Ring Road Mall,NORTH,AVANTA,FRAME,TR|FULL|CAT EYE,FEMALE,990,,,SYS162221,,990,FREE,SYS162221,AV 132008 - Avanta - Female - Green - 51 - Full Frame - Cat Eye - TR,0,1,1,WIDTH_INC,0,6,0,11,0
Indore Vijay Nagar,NORTH,AVANTA,FRAME,SHEET|FULL|RECTANGLE,MALE,1190,,,SYS158381,,1190,FREE,SYS158381,AV 0061 - Avanta - Male - Trans/Grey - 53 - Full Frame - Rectangle - Sheet,0,1,1,WIDTH_INC,0,128,109,17,0
Indore Vijay Nagar,NORTH,AVANTA,FRAME,SHEET|FULL|SQUARE,MALE,1190,,,SYS158368,,1190,FREE,SYS158368,AV 0064 - Avanta - Male - Black - 54 - Full Frame - Square - Sheet,0,1,1,WIDTH_INC,0,170,140,17,0
Gurgaon Sec 29,NORTH,RAYBAN,FRAME,SHEET|FULL|CAT EYE,FEMALE,10490,,,SYS166324,,10490,FREE,SYS166324,RX5362 - Rayban - Female - 2034 - 52 - Full Frame - Cat Eye - Sheet,0,1,1,WIDTH_INC,0,1,0,9,0
Gurgaon Sec 29,NORTH,RAYBAN,FRAME,SHEET|FULL|SQUARE,MALE,9290,,,SYS166329,,9290,FREE,SYS166329,RX5431 - Rayban - Male - 2012 - 54 - Full Frame - Square - Sheet,0,1,1,WIDTH_INC,0,1,0,9,0
Delhi Preet Vihar Vikas Marg,NORTH,FRENCH CONNECTION,FRAME,SHEET|FULL|SQUARE,MALE,5990,,,SYS88672,,5990,FREE,SYS88672,FCL 4326 - French Connection - Male - C2 - 51 - Full Frame - Square - Sheet,0,1,1,WIDTH_INC,0,2,0,14,13
Jhunjhunu Indra Nagar,WEST,AVANTA KIDS,FRAME,TR|FULL|RECTANGLE,KIDS,790,,,SYS168340,,790,FREE,SYS168340,AV 95007 - Avanta Kids - Kids - Yellow - 45 - Full Frame - Rectangle - TR,0,1,1,WIDTH_INC,0,6,0,3,0
Delhi Safdarjung Enclave,NORTH,RAYBAN,FRAME,METAL|FULL|SQUARE,MALE,5990,,,SYS144513,,5990,FREE,SYS144513,RX6542I - Rayban - Male - 3196 - 54 - Full Frame - Square - Metal,0,1,1,WIDTH_INC,0,2,0,10,0
Patiala Randhawa Eye,NORTH,AVANTA,FRAME,METAL|FULL|AVIATOR,MALE,790,,,SYS159185,,790,FREE,SYS159185,AV T2101 - Avanta - Male - C5 - 54 - Full Frame - Aviator - Metal,0,1,1,WIDTH_INC,0,1,0,29,0
Delhi Safdarjung Enclave,NORTH,RAYBAN,FRAME,SHEET|FULL|CAT EYE,FEMALE,6290,,,SYS144501,,6290,FREE,SYS144501,RX5444I - Rayban - Female - 8267 - 52 - Full Frame - Cat Eye - Sheet,0,1,1,WIDTH_INC,0,2,0,10,0
Jhunjhunu Indra Nagar,WEST,AVANTA KIDS,FRAME,TR|FULL|ROUND,KIDS,790,,,SYS168315,,790,FREE,SYS168315,AV 95008 - Avanta Kids - Kids - Black - 43 - Full Frame - Round - TR,0,1,1,WIDTH_INC,0,6,0,3,0
Delhi Safdarjung Enclave,NORTH,RAYBAN,FRAME,METAL|SUPRA|RECTANGLE,MALE,5990,,,SYS144507,,5990,FREE,SYS144507,RX6540I - Rayban - Male - 2502 - 53 - Supra - Rectangle - Metal,0,1,1,WIDTH_INC,0,2,0,10,0
Delhi Safdarjung Enclave,NORTH,CARRERA,FRAME,SHEET|FULL|SQUARE,MALE,8900,,,SYS88886,,8900,FREE,SYS88886,CA PRW 7/IN - Carrera - Male - 900 - 54 - Full Frame - Square - Sheet,0,1,1,WIDTH_INC,0,1,0,22,21
Jhunjhunu Indra Nagar,WEST,AVANTA,FRAME,TR|FULL|CAT EYE,FEMALE,990,,,SYS168002,,990,FREE,SYS168002,AV 9952213 - Avanta - Female - Trans/Pink - 51 - Full Frame - Cat Eye - TR,0,1,1,WIDTH_INC,0,7,0,149,0
Jhunjhunu Indra Nagar,WEST,AVANTA,FRAME,TR|FULL|RECTANGLE,UNISEX,890,,,SYS167908,,890,FREE,SYS167908,AV 202532 - Avanta - Unisex - Black - 51 - Full Frame - Rectangle - TR,0,1,1,WIDTH_INC,0,8,4,149,0
Jhunjhunu Indra Nagar,WEST,AVANTA,FRAME,TR|FULL|RECTANGLE,UNISEX,890,,,SYS167910,,890,FREE,SYS167910,AV 202532 - Avanta - Unisex - MT.Grey - 51 - Full Frame - Rectangle - TR,0,1,1,WIDTH_INC,0,10,3,149,0
Delhi Shahdara,NORTH,AVANTA KIDS,FRAME,TR|FULL|RECTANGLE,KIDS,790,,,SYS168335,,790,FREE,SYS168335,AV 95007 - Avanta Kids - Kids - Purple - 45 - Full Frame - Rectangle - TR,0,1,1,WIDTH_INC,0,6,5,5,0
Delhi Shahdara,NORTH,AVANTA KIDS,FRAME,TR|FULL|RECTANGLE,KIDS,790,,,SYS168336,,790,FREE,SYS168336,AV 95007 - Avanta Kids - Kids - Black - 45 - Full Frame - Rectangle - TR,0,1,1,WIDTH_INC,0,6,0,5,0
Delhi Shahdara,NORTH,AVANTA KIDS,FRAME,TR|FULL|ROUND,KIDS,790,,,SYS168312,,790,FREE,SYS168312,AV 95008 - Avanta Kids - Kids - Purple/Pink - 43 - Full Frame - Round - TR,0,1,1,WIDTH_INC,0,6,3,5,0
Delhi Shahdara,NORTH,AVANTA KIDS,FRAME,TR|FULL|SQUARE,KIDS,790,,,SYS168306,,790,FREE,SYS168306,AV 95005 - Avanta Kids - Kids - MT.Brown - 45 - Full Frame - Square - TR,0,1,1,WIDTH_INC,0,7,0,5,0
Delhi Shahdara,NORTH,AVANTA KIDS,FRAME,TR|FULL|SQUARE,KIDS,790,,,SYS168290,,790,FREE,SYS168290,AV 95003 - Avanta Kids - Kids - MT.Grey - 44 - Full Frame - Square - TR,0,1,1,WIDTH_INC,0,7,5,5,0
Jhunjhunu Indra Nagar,WEST,AVANTA,FRAME,TR|FULL|SQUARE,UNISEX,990,,,SYS167958,,990,FREE,SYS167958,AV 9952202 - Avanta - Unisex - Trans/Grey - 52 - Full Frame - Square - TR,0,1,1,WIDTH_INC,0,16,3,149,0
Jhunjhunu Indra Nagar,WEST,AVANTA,FRAME,TR|FULL|SQUARE,UNISEX,990,,,SYS167962,,990,FREE,SYS167962,AV 9952202 - Avanta - Unisex - Black - 52 - Full Frame - Square - TR,0,1,1,WIDTH_INC,0,9,8,149,0
Noida MOI,NORTH,STEPPER,FRAME,TITANIUM|RIMLESS|RECTANGLE,MALE,9680,,,SYS157092,,9680,FREE,SYS157092,SI/83353 - Stepper - Male - F011 - 53 - Rimless - Rectangle - Titanium,0,1,1,WIDTH_INC,0,1,0,5,0
Noida MOI,NORTH,STEPPER,FRAME,TITANIUM|RIMLESS|RECTANGLE,MALE,8800,,,SYS157084,,8800,FREE,SYS157084,SI/4340 - Stepper - Male - F011 - 52 - Rimless - Rectangle - Titanium,0,1,1,WIDTH_INC,0,1,0,5,0
Delhi Preet Vihar Vikas Marg,NORTH,VOGUE JUNIOR,FRAME,SHEET|FULL|SQUARE,KIDS,3890,,,SYS144739,,3890,FREE,SYS144739,VY2030 - Vogue Junior - Kids - W745 - 48 - Full Frame - Square - Sheet,0,1,1,WIDTH_INC,0,1,0,5,0
Delhi Preet Vihar Vikas Marg,NORTH,VOGUE JUNIOR,FRAME,SHEET|FULL|SQUARE,KIDS,3890,,,SYS144738,,3890,FREE,SYS144738,VY2030 - Vogue Junior - Kids - 2966 - 48 - Full Frame - Square - Sheet,0,1,1,WIDTH_INC,0,1,0,5,0
Gurgaon Sec 29,NORTH,TOMMY HILFIGER,FRAME,SHEET|FULL|CAT EYE,FEMALE,5990,,,SYS165733,,5990,FREE,SYS165733,TH 1101 - Tommy Hilfiger - Female - C1 - 50 - Full Frame - Cat Eye - Sheet,0,1,1,WIDTH_INC,0,1,0,10,2
Delhi Dwarka Sec 09,NORTH,AVANTA,FRAME,SHEET|FULL|SQUARE,MALE,1190,,,SYS162649,,1190,FREE,SYS162649,AV 0063 - Avanta - Male - Trans/Grey - 51 - Full Frame - Square - Sheet,0,1,1,WIDTH_INC,0,267,247,21,0
Noida Sec 50,NORTH,RAYBAN,SUNGLASS,METAL|FULL|AVIATOR,MALE,13290,,,SYS104378,,13290,FREE,SYS104378,RB3025 - Rayban - Male - 002/48 - 58 - Sunglass - Aviator - Metal,0,1,1,WIDTH_INC,0,1,0,6,0
Indirapuram Shakti Khand Eros Market,NORTH,STEPPER,FRAME,TITANIUM|FULL|RECTANGLE,MALE,11220,,,SYS157090,,11220,FREE,SYS157090,SI/60229 - Stepper - Male - F020 - 53 - Full Frame - Rectangle - Titanium,0,1,1,WIDTH_INC,0,1,0,1,0
Delhi Safdarjung Enclave,NORTH,SILHOUETTE,FRAME,TITANIUM|RIMLESS|SQUARE,MALE,25150,,,SYS88564,,25150,FREE,SYS88564,SILH 5567/LC - Silhouette - Male - 7310 - 55 - Rimless - Square - Titanium,0,1,1,WIDTH_INC,0,1,0,1,0
Mumbai Chembur Rushab Eye,WEST,OMBRA,SUNGLASS,SHEET|FULL|RECTANGLE,MALE,1390,,,SYS166351,,1390,FREE,SYS166351,OB 66607 - OMBRA - Male - C6 - 54 - Sunglass - Rectangle - Sheet,0,1,1,WIDTH_INC,0,11,0,6,1
Jabalpur Napier Town,SOUTH,AVANTA,FRAME,METAL|HALF|RECTANGLE,FEMALE,990,,,SYS163556,,990,FREE,SYS163556,AV 202438 - Avanta - Female - Beige - 48 - Half Frame - Rectangle - Metal,0,1,1,WIDTH_INC,0,5,2,59,0
Jabalpur Napier Town,SOUTH,AVANTA,FRAME,METAL|FULL|SQUARE,MALE,1490,,,SYS116995,,1490,FREE,SYS116995,AV 25103 - Avanta - Male - C4 - 52 - Full Frame - Square - Metal,0,1,1,WIDTH_INC,0,1,0,59,0
Delhi Dwarka Sec 09,NORTH,RAYBAN JUNIOR,FRAME,SHEET|FULL|SQUARE,KIDS,3690,,,SYS162497,,3690,FREE,SYS162497,RY1644 - Rayban Junior - Kids - 7513 - 48 - Full Frame - Square - Sheet,0,1,1,WIDTH_INC,0,1,0,7,4
Jammu BC Road Rehari Chungi,NORTH,AVANTA,FRAME,TR|FULL|CAT EYE,FEMALE,990,,,SYS162222,,990,FREE,SYS162222,AV 132008 - Avanta - Female - Black - 51 - Full Frame - Cat Eye - TR,0,1,1,WIDTH_INC,0,7,0,15,0
Delhi Dwarka Sec 09,NORTH,STEPPER,FRAME,TITANIUM|HALF|RECTANGLE,MALE,9570,,,SYS162610,,9570,FREE,SYS162610,SI/60033 - Stepper - Male - F010 - 53 - Half Frame - Rectangle - Titanium,0,1,1,WIDTH_INC,0,1,0,4,0
Mumbai Chembur Rushab Eye,WEST,OMBRA,SUNGLASS,SHEET|FULL|SQUARE,MALE,1190,,,SYS166360,,1190,FREE,SYS166360,OB 66528 - OMBRA - Male - C9 - 54 - Sunglass - Square - Sheet,0,1,1,WIDTH_INC,0,12,3,6,1
Vijayawada Mogalrajpuram,SOUTH,ADMYRA,FRAME,SHEET|FULL|RECTANGLE,MALE,2490,,,SYS67856,,2490,FREE,SYS67856,AM 039 - Admyra - Male - Black - 51 - Full Frame - Rectangle - Sheet,0,1,1,WIDTH_INC,0,103,53,10,0
Vijayawada Mogalrajpuram,SOUTH,ADMYRA,FRAME,SHEET|FULL|RECTANGLE,MALE,2490,,,SYS67860,,2490,FREE,SYS67860,AM 039 - Admyra - Male - MT.Blue - 51 - Full Frame - Rectangle - Sheet,0,1,1,WIDTH_INC,0,106,69,10,0
Dombivli (East) Laxmi Eye,WEST,AVANTA,FRAME,METAL|FULL|CAT EYE,FEMALE,1090,,,SYS167551,,1090,FREE,SYS167551,AV 220188 - Avanta - Female - Gold - 54 - Full Frame - Cat Eye - Metal,0,1,1,WIDTH_INC,0,7,0,7,0
Patiala Randhawa Eye,NORTH,AVANTA,FRAME,SHEET|FULL|CAT EYE,FEMALE,1190,,,SYS158410,,1190,FREE,SYS158410,AV 0072HD - Avanta - Female - Purple - 51 - Full Frame - Cat Eye - Sheet,0,1,1,WIDTH_INC,0,60,41,29,0
Patiala Randhawa Eye,NORTH,AVANTA,FRAME,SHEET|FULL|ROUND,UNISEX,1190,,,SYS158415,,1190,FREE,SYS158415,AV 0068HD - Avanta - Unisex - Transparent - 48 - Full Frame - Round - Sheet,0,1,1,WIDTH_INC,0,64,59,29,0
Patiala Randhawa Eye,NORTH,AVANTA,FRAME,SHEET|FULL|RECTANGLE,MALE,1190,,,SYS158378,,1190,FREE,SYS158378,AV 0061 - Avanta - Male - Black - 53 - Full Frame - Rectangle - Sheet,0,1,1,WIDTH_INC,0,143,113,29,0
Patiala Randhawa Eye,NORTH,AVANTA,FRAME,SHEET|FULL|SQUARE,MALE,1190,,,SYS158368,,1190,FREE,SYS158368,AV 0064 - Avanta - Male - Black - 54 - Full Frame - Square - Sheet,0,1,1,WIDTH_INC,0,170,140,29,0
Mumbai Chembur Rushab Eye,WEST,OMBRA,SUNGLASS,SHEET|FULL|RECTANGLE,MALE,1590,,,SYS166547,,1590,FREE,SYS166547,OB TSM3351 - OMBRA - Male - C1 - 50 - Sunglass - Rectangle - Sheet,0,1,1,WIDTH_INC,0,11,1,6,1
Mumbai Chembur Rushab Eye,WEST,OMBRA,SUNGLASS,SHEET|FULL|RECTANGLE,MALE,1590,,,SYS166512,,1590,FREE,SYS166512,OB 9870P - OMBRA - Male - C6 - 50 - Sunglass - Rectangle - Sheet,0,1,1,WIDTH_INC,0,11,0,6,1
Nashik Navkar Eye,WEST,AVANTA,FRAME,TR|FULL|RECTANGLE,MALE,790,,,SYS118601,,790,FREE,SYS118601,AV 8021 - Avanta - Male - Black - 50 - Full Frame - Rectangle - TR,0,1,1,WIDTH_INC,0,10,0,12,0
Mumbai Chembur Rushab Eye,WEST,OMBRA,SUNGLASS,SHEET|FULL|SQUARE,MALE,1590,,,SYS166471,,1590,FREE,SYS166471,OB 66804 - OMBRA - Male - C1 - 52 - Sunglass - Square - Sheet,0,1,1,WIDTH_INC,0,11,6,6,1
Jabalpur Napier Town,SOUTH,AVANTA,FRAME,TR|FULL|ROUND,UNISEX,990,,,SYS163222,,990,FREE,SYS163222,AV 303039 - Avanta - Unisex - MT.Green - 47 - Full Frame - Round - TR,0,1,1,WIDTH_INC,0,6,0,59,0
Jammu BC Road Rehari Chungi,NORTH,ADMYRA,FRAME,SHEET|FULL|CAT EYE,FEMALE,2790,,,SYS162320,,2790,FREE,SYS162320,AM 0133 - Admyra - Female - D/Burgundy - 53 - Full Frame - Cat Eye - Sheet,0,1,1,WIDTH_INC,0,44,39,11,0
Jammu BC Road Rehari Chungi,NORTH,ADMYRA,FRAME,SHEET|FULL|CAT EYE,FEMALE,2790,,,SYS162309,,2790,FREE,SYS162309,AM 0131 - Admyra - Female - D/Green - 51 - Full Frame - Cat Eye - Sheet,0,1,1,WIDTH_INC,0,50,38,11,0
Jammu BC Road Rehari Chungi,NORTH,ADMYRA,FRAME,SHEET|FULL|CAT EYE,FEMALE,2790,,,SYS162310,,2790,FREE,SYS162310,AM 0131 - Admyra - Female - Trans/Blue - 51 - Full Frame - Cat Eye - Sheet,0,1,1,WIDTH_INC,0,49,19,11,0
Jammu BC Road Rehari Chungi,NORTH,ADMYRA,FRAME,SHEET|FULL|CAT EYE,FEMALE,2790,,,SYS162312,,2790,FREE,SYS162312,AM 0132 - Admyra - Female - D/Brown - 52 - Full Frame - Cat Eye - Sheet,0,1,1,WIDTH_INC,0,50,38,11,0
Delhi Pitampura,NORTH,AVANTA,FRAME,TR|FULL|RECTANGLE,MALE,990,,,SYS166965,,990,FREE,SYS166965,AV 50043 - Avanta - Male - C2 - 51 - Full Frame - Rectangle - TR,0,1,1,WIDTH_INC,0,9,1,4,0
Nashik Navkar Eye,WEST,AVANTA,FRAME,TR|FULL|SQUARE,MALE,990,,,SYS165095,,990,FREE,SYS165095,AV 202533 - Avanta - Male - MT.Green - 52 - Full Frame - Square - TR,0,1,1,WIDTH_INC,0,9,0,12,0
Vijayawada Mogalrajpuram,SOUTH,ADMYRA,FRAME,SHEET|FULL|SQUARE,MALE,2490,,,SYS67558,,2490,FREE,SYS67558,AM 001 - Admyra - Male - Transparent - 53 - Full Frame - Square - Sheet,0,1,1,WIDTH_INC,0,84,54,10,0
Vijayawada Mogalrajpuram,SOUTH,ADMYRA,FRAME,SHEET|FULL|SQUARE,MALE,2490,,,SYS67557,,2490,FREE,SYS67557,AM 001 - Admyra - Male - D/Grey - 53 - Full Frame - Square - Sheet,0,1,1,WIDTH_INC,0,72,40,10,0
Vijayawada Mogalrajpuram,SOUTH,ADMYRA,FRAME,SHEET|FULL|SQUARE,MALE,2490,,,SYS67555,,2490,FREE,SYS67555,AM 001 - Admyra - Male - Black - 53 - Full Frame - Square - Sheet,0,1,1,WIDTH_INC,0,132,84,10,0
Vijayawada Mogalrajpuram,SOUTH,ADMYRA,FRAME,SHEET|FULL|SQUARE,MALE,2490,,,SYS67559,,2490,FREE,SYS67559,AM 001 - Admyra - Male - MT.Black - 53 - Full Frame - Square - Sheet,0,1,1,WIDTH_INC,0,61,44,10,0
Bhubneshwar Nayapalli,EAST,ADMYRA,FRAME,METAL|HALF|SQUARE,MALE,2190,,,SYS79473,,2190,FREE,SYS79473,AM RY22667 - Admyra - Male - C4 - 54 - Half Frame - Square - Metal,0,1,1,WIDTH_INC,0,1,0,11,1
Delhi Rohini Ring Road Mall,NORTH,RAYBAN,FRAME,TITANIUM|RIMLESS|RECTANGLE,MALE,10390,,,SYS162414,,10390,FREE,SYS162414,RX8781D - Rayban - Male - 1251 - 56 - Rimless - Rectangle - Titanium,0,1,1,WIDTH_INC,0,1,0,5,1
Kolkata AJC Bose Road,EAST,AVANTA,FRAME,TR|FULL|RECTANGLE,MALE,890,,,SYS166801,,890,FREE,SYS166801,AV 270812 - Avanta - Male - Blk/Red - 50 - Full Frame - Rectangle - TR,0,1,1,WIDTH_INC,0,12,0,17,0
Gorakhpur Mughlaha,NORTH,ADMYRA,FRAME,TR|FULL|SQUARE,MALE,2190,,,SYS163979,,2190,FREE,SYS163979,AM 9907 - Admyra - Male - C1 - 53 - Full Frame - Square - TR,0,1,1,WIDTH_INC,0,12,0,17,3
Greater Noida West Nirala Estate,NORTH,AVANTA,FRAME,SHEET|FULL|SQUARE,MALE,1190,,,SYS162649,,1190,FREE,SYS162649,AV 0063 - Avanta - Male - Trans/Grey - 51 - Full Frame - Square - Sheet,0,1,1,WIDTH_INC,0,267,247,4,0
Jhunjhunu Indra Nagar,WEST,AVANTA,FRAME,METAL|FULL|OVAL,UNISEX,1290,,,SYS143519,,1290,FREE,SYS143519,AV 18803 - Avanta - Unisex - Blk/Blue - 50 - Full Frame - Oval - Metal,0,1,1,WIDTH_INC,0,1,0,149,0
Patna RPS Mod,NORTH,ADMYRA,FRAME,SHEET|FULL|CAT EYE,FEMALE,2790,,,SYS162312,,2790,FREE,SYS162312,AM 0132 - Admyra - Female - D/Brown - 52 - Full Frame - Cat Eye - Sheet,0,1,1,WIDTH_INC,0,50,38,10,3
Patna RPS Mod,NORTH,ADMYRA,FRAME,SHEET|FULL|CAT EYE,FEMALE,2790,,,SYS162306,,2790,FREE,SYS162306,AM 0131 - Admyra - Female - Black - 51 - Full Frame - Cat Eye - Sheet,0,1,1,WIDTH_INC,0,47,41,10,3
Delhi Ashok Vihar Phase II,NORTH,AVANTA KIDS,FRAME,TR|FULL|RECTANGLE,KIDS,790,,,SYS168337,,790,FREE,SYS168337,AV 95007 - Avanta Kids - Kids - Brown - 45 - Full Frame - Rectangle - TR,0,1,1,WIDTH_INC,0,6,0,3,0
Delhi Ashok Vihar Phase II,NORTH,AVANTA KIDS,FRAME,TR|FULL|ROUND,KIDS,790,,,SYS168313,,790,FREE,SYS168313,AV 95008 - Avanta Kids - Kids - Purple - 43 - Full Frame - Round - TR,0,1,1,WIDTH_INC,0,6,0,3,0
Delhi Ashok Vihar Phase II,NORTH,AVANTA KIDS,FRAME,TR|FULL|SQUARE,KIDS,790,,,SYS168284,,790,FREE,SYS168284,AV 95001 - Avanta Kids - Kids - Trans/Grey - 43 - Full Frame - Square - TR,0,1,1,WIDTH_INC,0,7,1,3,0
Kolkata AJC Bose Road,EAST,AVANTA,FRAME,TR|FULL|CAT EYE,FEMALE,890,,,SYS168095,,890,FREE,SYS168095,AV 8025 - Avanta - Female - Black - 47 - Full Frame - Cat Eye - TR,0,1,1,WIDTH_INC,0,9,0,17,0
Hyderabad Banjara Hills,SOUTH,ADMYRA,FRAME,SHEET|FULL|CAT EYE,FEMALE,2790,,,SYS162316,,2790,FREE,SYS162316,AM 0133 - Admyra - Female - Black - 53 - Full Frame - Cat Eye - Sheet,0,1,1,WIDTH_INC,0,49,19,6,0
Hyderabad Banjara Hills,SOUTH,ADMYRA,FRAME,SHEET|FULL|CAT EYE,FEMALE,2490,,,SYS162297,,2490,FREE,SYS162297,AM 0127 - Admyra - Female - D/Brown - 53 - Full Frame - Cat Eye - Sheet,0,1,1,WIDTH_INC,0,15,11,6,0
Varanasi Mahmoorganj,NORTH,AVANTA,FRAME,METAL|HALF|SQUARE,MALE,1490,,,SYS153000,,1490,FREE,SYS153000,AV 56123 - Avanta - Male - C3 - 49 - Half Frame - Square - Metal,0,1,1,WIDTH_INC,0,3,1,29,0
Srinagar Rainawari Fazili,NORTH,AVANTA,FRAME,METAL|SUPRA|RECTANGLE,MALE,890,,,SYS167427,,890,FREE,SYS167427,AV 825071 - Avanta - Male - Gun - 48 - Supra - Rectangle - Metal,0,1,1,WIDTH_INC,0,12,1,13,0
Srinagar Baghat Fazili,NORTH,AVANTA,FRAME,METAL|FULL|SQUARE,MALE,990,,,SYS164810,,990,FREE,SYS164810,AV 7412205 - Avanta - Male - Gold/Blk - 51 - Full Frame - Square - Metal,0,1,1,WIDTH_INC,0,9,0,10,0
Kolkata AJC Bose Road,EAST,AVANTA,FRAME,TR|FULL|RECTANGLE,MALE,890,,,SYS167828,,890,FREE,SYS167828,AV 8016 - Avanta - Male - Black - 51 - Full Frame - Rectangle - TR,0,1,1,WIDTH_INC,0,10,5,17,0
Delhi Dwarka Sec 09,NORTH,RAYBAN,FRAME,SHEET|FULL|RECTANGLE,UNISEX,4690,,,SYS12372,,4690,FREE,SYS12372,RX7128II - Rayban - Unisex - 2000 - 53 - Full Frame - Rectangle - Sheet,0,1,1,WIDTH_INC,0,4,0,12,0
Delhi Dwarka Vegas Mall Sec 14,NORTH,AVANTA,FRAME,SHEET|FULL|CAT EYE,FEMALE,1190,,,SYS158410,,1190,FREE,SYS158410,AV 0072HD - Avanta - Female - Purple - 51 - Full Frame - Cat Eye - Sheet,0,1,1,WIDTH_INC,0,60,41,4,0
Delhi Dwarka Vegas Mall Sec 14,NORTH,AVANTA,FRAME,SHEET|FULL|RECTANGLE,MALE,1190,,,SYS158378,,1190,FREE,SYS158378,AV 0061 - Avanta - Male - Black - 53 - Full Frame - Rectangle - Sheet,0,1,1,WIDTH_INC,0,143,113,4,0
Palwal New Colony,NORTH,AVANTA KIDS,FRAME,TR|FULL|CAT EYE,KIDS,790,,,SYS168177,,790,FREE,SYS168177,AV 1007 - Avanta Kids - Kids - Transparent - 42 - Full Frame - Cat Eye - TR,0,1,1,WIDTH_INC,0,8,0,4,0
Noida MOI,NORTH,RAYBAN,FRAME,METAL|FULL|ROUND,UNISEX,8890,,,SYS47347,,8890,FREE,SYS47347,RX6465 - Rayban - Unisex - 2509 - 51 - Full Frame - Round - Metal,0,1,1,WIDTH_INC,0,4,0,11,0
Pune Satara Road Jhamwar Eye,WEST,AVANTA,FRAME,METAL|FULL|CAT EYE,FEMALE,1690,,,SYS117012,,1690,FREE,SYS117012,AV SY1900 - Avanta - Female - C6 - 49 - Full Frame - Cat Eye - Metal,0,1,1,WIDTH_INC,0,1,0,19,0
Kolkata AJC Bose Road,EAST,AVANTA KIDS,FRAME,TR|FULL|RECTANGLE,KIDS,1090,,,SYS167665,,1090,FREE,SYS167665,AV 77071 - Avanta Kids - Kids - Black - 45 - Clip on - Rectangle - TR,0,1,1,WIDTH_INC,0,8,0,6,0
Pune Satara Road Jhamwar Eye,WEST,AVANTA,FRAME,METAL|HALF|RECTANGLE,FEMALE,990,,,SYS163565,,990,FREE,SYS163565,AV 202438 - Avanta - Female - Copper/Gold - 48 - Half Frame - Rectangle - Metal,0,1,1,WIDTH_INC,0,9,4,19,0
Pune Satara Road Jhamwar Eye,WEST,AVANTA,FRAME,METAL|HALF|RECTANGLE,FEMALE,990,,,SYS163559,,990,FREE,SYS163559,AV 202438 - Avanta - Female - Silver/Blk - 48 - Half Frame - Rectangle - Metal,0,1,1,WIDTH_INC,0,5,0,19,0
Ghaziabad RDC,NORTH,VOGUE,SUNGLASS,SHEET|FULL|CAT EYE,FEMALE,5890,,,SYS115113,,5890,FREE,SYS115113,VO5585S - Vogue - Female - W65673 - 54 - Full SG - Cat Eye - Sheet,0,1,1,WIDTH_INC,0,1,0,3,0
Bhubneshwar Nayapalli,EAST,AVANTA,FRAME,TR|FULL|RECTANGLE,FEMALE,890,,,SYS168523,,890,FREE,SYS168523,AV 87009 - Avanta - Female - Black - 50 - Full Frame - Rectangle - TR,0,1,1,WIDTH_INC,0,7,0,9,0
Panvel Laxmi Eye,WEST,STEPPER,FRAME,SHEET|FULL|CAT EYE,FEMALE,7920,,,SYS92224,,7920,FREE,SYS92224,SI/30233 - Stepper - Female - F910 - 52 - Full Frame - Cat Eye - Sheet,0,1,1,WIDTH_INC,0,1,0,2,0
Prayagraj Tashkent Marg,NORTH,AVANTA,FRAME,METAL|FULL|SQUARE,MALE,1190,,,SYS164724,,1190,FREE,SYS164724,AV PB005 - Avanta - Male - Black - 52 - Full Frame - Square - Metal,0,1,1,WIDTH_INC,0,12,4,19,0
Kolkata AJC Bose Road,EAST,AVANTA,FRAME,METAL|HALF|RECTANGLE,FEMALE,1090,,,SYS167549,,1090,FREE,SYS167549,AV 220181 - Avanta - Female - Gun - 51 - Half Frame - Rectangle - Metal,0,1,1,WIDTH_INC,0,6,0,17,0
Kanpur Mall Road,NORTH,AVANTA,FRAME,TR|FULL|ROUND,UNISEX,990,,,SYS167109,,990,FREE,SYS167109,AV 250986 - Avanta - Unisex - C1 - 48 - Full Frame - Round - TR,0,1,1,WIDTH_INC,0,9,0,33,0
Prayagraj Tashkent Marg,NORTH,TOMMY HILFIGER,FRAME,SHEET|FULL|SQUARE,MALE,7490,,,SYS119626,,7490,FREE,SYS119626,TH 4422 - Tommy Hilfiger - Male - C2 - 52 - Full Frame - Square - Sheet,0,1,1,WIDTH_INC,0,3,0,6,2
Prayagraj Tashkent Marg,NORTH,TOMMY HILFIGER,FRAME,SHEET|FULL|SQUARE,MALE,7490,,,SYS119625,,7490,FREE,SYS119625,TH 4422 - Tommy Hilfiger - Male - C1 - 52 - Full Frame - Square - Sheet,0,1,1,WIDTH_INC,0,2,0,6,2
Palwal New Colony,NORTH,AVANTA,FRAME,TR|FULL|RECTANGLE,MALE,890,,,SYS166800,,890,FREE,SYS166800,AV 270812 - Avanta - Male - Black - 50 - Full Frame - Rectangle - TR,0,1,1,WIDTH_INC,0,20,0,19,0
Prayagraj Tashkent Marg,NORTH,AVANTA,FRAME,SHEET|FULL|CAT EYE,FEMALE,1090,,,SYS119565,,1090,FREE,SYS119565,AV 3584 - Avanta - Female - C5 - 51 - Full Frame - Cat Eye - Sheet,0,1,1,WIDTH_INC,0,1,0,19,0
Kolkata AJC Bose Road,EAST,AVANTA,FRAME,METAL|SUPRA|RECTANGLE,MALE,890,,,SYS167427,,890,FREE,SYS167427,AV 825071 - Avanta - Male - Gun - 48 - Supra - Rectangle - Metal,0,1,1,WIDTH_INC,0,12,1,17,0
Srinagar Rainawari Fazili,NORTH,AVANTA,FRAME,TR|FULL|RECTANGLE,MALE,990,,,SYS166965,,990,FREE,SYS166965,AV 50043 - Avanta - Male - C2 - 51 - Full Frame - Rectangle - TR,0,1,1,WIDTH_INC,0,9,1,13,0
Agra Ashoka Plaza,NORTH,AVANTA,FRAME,METAL|FULL|RECTANGLE,MALE,690,,,SYS113113,,690,FREE,SYS113113,AV 31004 - Avanta - Male - Gun - 48 - Full Frame - Rectangle - Metal,0,1,1,WIDTH_INC,0,12,0,30,0
Kanpur Mall Road,NORTH,AVANTA KIDS,FRAME,TR|FULL|SQUARE,KIDS,1090,,,SYS167676,,1090,FREE,SYS167676,AV 77072 - Avanta Kids - Kids - Black - 45 - Clip on - Square - TR,0,1,1,WIDTH_INC,0,8,0,5,0
Palwal New Colony,NORTH,AVANTA,FRAME,TR|FULL|CAT EYE,FEMALE,890,,,SYS168103,,890,FREE,SYS168103,AV 8019 - Avanta - Female - Black - 51 - Full Frame - Cat Eye - TR,0,1,1,WIDTH_INC,0,9,0,19,0
Kolkata AJC Bose Road,EAST,RAYBAN,FRAME,SHEET|FULL|RECTANGLE,MALE,5490,,,SYS121188,,5490,FREE,SYS121188,RX5389I - Rayban - Male - 2000 - 54 - Full Frame - Rectangle - Sheet,0,1,1,WIDTH_INC,0,4,0,1,0
Greater Noida West Nirala Estate,NORTH,ADMYRA,FRAME,SHEET|FULL|CAT EYE,FEMALE,2790,,,SYS162309,,2790,FREE,SYS162309,AM 0131 - Admyra - Female - D/Green - 51 - Full Frame - Cat Eye - Sheet,0,1,1,WIDTH_INC,0,50,38,8,1
Greater Noida West Nirala Estate,NORTH,ADMYRA,FRAME,SHEET|FULL|CAT EYE,FEMALE,2790,,,SYS162312,,2790,FREE,SYS162312,AM 0132 - Admyra - Female - D/Brown - 52 - Full Frame - Cat Eye - Sheet,0,1,1,WIDTH_INC,0,50,38,8,1
Greater Noida West Nirala Estate,NORTH,ADMYRA,FRAME,SHEET|FULL|CAT EYE,FEMALE,2790,,,SYS162316,,2790,FREE,SYS162316,AM 0133 - Admyra - Female - Black - 53 - Full Frame - Cat Eye - Sheet,0,1,1,WIDTH_INC,0,49,19,8,1
Greater Noida West Nirala Estate,NORTH,ADMYRA,FRAME,SHEET|FULL|CAT EYE,FEMALE,2490,,,SYS162297,,2490,FREE,SYS162297,AM 0127 - Admyra - Female - D/Brown - 53 - Full Frame - Cat Eye - Sheet,0,1,1,WIDTH_INC,0,15,11,8,1
Pune Satara Road Jhamwar Eye,WEST,ADMYRA,FRAME,TR|FULL|SQUARE,MALE,2190,,,SYS163979,,2190,FREE,SYS163979,AM 9907 - Admyra - Male - C1 - 53 - Full Frame - Square - TR,0,1,1,WIDTH_INC,0,12,0,2,1
Ghaziabad RDC,NORTH,EMPORIO ARMANI,SUNGLASS,SHEET|FULL|CAT EYE,FEMALE,16290,,,SYS115903,,16290,FREE,SYS115903,EA4238 - Emporio Armani - Female - 619674 - 54 - Sunglass - Cat Eye - Sheet,0,1,1,WIDTH_INC,0,2,1,5,0
Noida GaurCity,NORTH,RAYBAN,FRAME,METAL|FULL|SQUARE,MALE,5290,,,SYS162324,,5290,FREE,SYS162324,RX6544I - Rayban - Male - 2501 - 55 - Full Frame - Square - Metal,0,1,1,WIDTH_INC,0,2,0,12,1
Kanpur Mall Road,NORTH,AVANTA,FRAME,METAL|FULL|ROUND,FEMALE,990,,,SYS167388,,990,FREE,SYS167388,AV 527339 - Avanta - Female - Silver - 50 - Full Frame - Round - Metal,0,1,1,WIDTH_INC,0,7,0,33,0
Palwal New Colony,NORTH,AVANTA,FRAME,TR|FULL|SQUARE,MALE,990,,,SYS167965,,990,FREE,SYS167965,AV 9952204 - Avanta - Male - Trans/Grey - 53 - Full Frame - Square - TR,0,1,1,WIDTH_INC,0,12,0,19,0
Kanpur Mall Road,NORTH,AVANTA,FRAME,METAL|SUPRA|RECTANGLE,MALE,890,,,SYS167431,,890,FREE,SYS167431,AV 825073 - Avanta - Male - Black - 49 - Supra - Rectangle - Metal,0,1,1,WIDTH_INC,0,12,0,33,0
Surat City Light Road,WEST,AVANTA KIDS,FRAME,PEDIATRIC|FULL|ROUND,KIDS,1690,,,SYS165266,,1690,FREE,SYS165266,AV ZC1611 - Avanta Kids - Kids - C2 - 48 - Full Frame - Round - Pediatric,0,1,1,WIDTH_INC,0,4,1,4,0
Noida MOI,NORTH,RAYBAN,FRAME,METAL|RIMLESS|RECTANGLE,MALE,5990,,,SYS61372,,5990,FREE,SYS61372,RX6488I - Rayban - Male - 2500 - 53 - Rimless - Rectangle - Metal,0,1,1,WIDTH_INC,0,2,0,11,0
Noida GaurCity,NORTH,RAYBAN,SUNGLASS,SHEET|FULL|SQUARE,UNISEX,13990,,,SYS162418,,13990,FREE,SYS162418,RB2197 - Rayban - Unisex - 901/48 - 52 - Sunglass - Square - Sheet,0,1,1,WIDTH_INC,0,2,0,7,0
Noida GaurCity,NORTH,RAYBAN,SUNGLASS,SHEET|FULL|RECTANGLE,MALE,9890,,,SYS162025,,9890,FREE,SYS162025,RB4455 - Rayban - Male - 135987 - 49 - Sunglass - Rectangle - Sheet,0,1,1,WIDTH_INC,0,2,0,7,0
Noida GaurCity,NORTH,BURBERRY,SUNGLASS,SHEET|FULL|WAYFARER,MALE,32490,,,SYS162390,,32490,FREE,SYS162390,BE4439 - Burberry - Male - 300273 - 51 - Sunglass - Wayfarer - Sheet,0,1,1,WIDTH_INC,0,1,0,4,2
Kolkata AJC Bose Road,EAST,AVANTA,FRAME,TR|FULL|RECTANGLE,MALE,990,,,SYS167097,,990,FREE,SYS167097,AV 250984 - Avanta - Male - C1 - 48 - Full Frame - Rectangle - TR,0,1,1,WIDTH_INC,0,9,0,17,0
Palwal New Colony,NORTH,AVANTA KIDS,FRAME,TR|FULL|SQUARE,KIDS,790,,,SYS168299,,790,FREE,SYS168299,AV 95005 - Avanta Kids - Kids - MT.Blue - 45 - Full Frame - Square - TR,0,1,1,WIDTH_INC,0,10,0,4,0
Palwal New Colony,NORTH,AVANTA KIDS,FRAME,TR|FULL|ROUND,KIDS,790,,,SYS168315,,790,FREE,SYS168315,AV 95008 - Avanta Kids - Kids - Black - 43 - Full Frame - Round - TR,0,1,1,WIDTH_INC,0,6,0,4,0
Kanpur Mall Road,NORTH,AVANTA,FRAME,METAL|HALF|RECTANGLE,FEMALE,1090,,,SYS167549,,1090,FREE,SYS167549,AV 220181 - Avanta - Female - Gun - 51 - Half Frame - Rectangle - Metal,0,1,1,WIDTH_INC,0,6,0,33,0
Kanpur Mall Road,NORTH,AVANTA,FRAME,METAL|FULL|CAT EYE,FEMALE,1090,,,SYS167551,,1090,FREE,SYS167551,AV 220188 - Avanta - Female - Gold - 54 - Full Frame - Cat Eye - Metal,0,1,1,WIDTH_INC,0,7,0,33,0
Gurgaon Sec 29,NORTH,RAYBAN,FRAME,SHEET|FULL|WAYFARER,MALE,11090,,,SYS118341,,11090,FREE,SYS118341,RX7840V - Rayban - Male - 8062 - 52 - Full Frame - Wayfarer - Sheet,0,1,1,WIDTH_INC,0,1,0,9,0
Kolkata AJC Bose Road,EAST,AVANTA,FRAME,TR|FULL|SQUARE,MALE,990,,,SYS166960,,990,FREE,SYS166960,AV TB6041 - Avanta - Male - C1/6 - 51 - Full Frame - Square - TR,0,1,1,WIDTH_INC,0,14,0,17,0
Jhunjhunu Indra Nagar,WEST,AVANTA,FRAME,TR|FULL|RECTANGLE,MALE,890,,,SYS166804,,890,FREE,SYS166804,AV 270812 - Avanta - Male - Blue - 50 - Full Frame - Rectangle - TR,0,1,1,WIDTH_INC,0,9,8,149,0
Jhunjhunu Indra Nagar,WEST,AVANTA,FRAME,TR|FULL|RECTANGLE,MALE,890,,,SYS166806,,890,FREE,SYS166806,AV 270812 - Avanta - Male - Grey - 50 - Full Frame - Rectangle - TR,0,1,1,WIDTH_INC,0,10,8,149,0
Jhunjhunu Indra Nagar,WEST,AVANTA,FRAME,TR|FULL|RECTANGLE,MALE,990,,,SYS166952,,990,FREE,SYS166952,AV 50046 - Avanta - Male - C3 - 50 - Full Frame - Rectangle - TR,0,1,1,WIDTH_INC,0,10,0,149,0
Jhunjhunu Indra Nagar,WEST,AVANTA,FRAME,TR|FULL|RECTANGLE,MALE,990,,,SYS166956,,990,FREE,SYS166956,AV TB6034 - Avanta - Male - C6 - 51 - Full Frame - Rectangle - TR,0,1,1,WIDTH_INC,0,11,0,149,0
Indirapuram Shakti Khand Eros Market,NORTH,AVANTA KIDS,FRAME,PEDIATRIC|FULL|RECTANGLE,KIDS,1690,,,SYS105984,,1690,FREE,SYS105984,AV TR688 - Avanta Kids - Kids - C1 - 43 - Full Frame - Rectangle - Pediatric,0,1,1,WIDTH_INC,0,5,0,14,0
Jhunjhunu Indra Nagar,WEST,AVANTA,FRAME,TR|FULL|CAT EYE,FEMALE,890,,,SYS168103,,890,FREE,SYS168103,AV 8019 - Avanta - Female - Black - 51 - Full Frame - Cat Eye - TR,0,1,1,WIDTH_INC,0,9,0,149,0
Jhunjhunu Indra Nagar,WEST,AVANTA,FRAME,TR|FULL|RECTANGLE,MALE,690,,,SYS168016,,690,FREE,SYS168016,AV T018 - Avanta - Male - Black - 51 - Full Frame - Rectangle - TR,0,1,1,WIDTH_INC,0,8,0,149,0
Jhunjhunu Indra Nagar,WEST,AVANTA,FRAME,TR|FULL|RECTANGLE,MALE,790,,,SYS168052,,790,FREE,SYS168052,AV 270805 - Avanta - Male - Black - 52 - Full Frame - Rectangle - TR,0,1,1,WIDTH_INC,0,9,0,149,0
Jhunjhunu Indra Nagar,WEST,AVANTA,FRAME,TR|FULL|CAT EYE,FEMALE,790,,,SYS168056,,790,FREE,SYS168056,AV 270814 - Avanta - Female - Black - 48 - Full Frame - Cat Eye - TR,0,1,1,WIDTH_INC,0,4,0,149,0
Jhunjhunu Indra Nagar,WEST,AVANTA,FRAME,TR|FULL|CAT EYE,FEMALE,890,,,SYS168095,,890,FREE,SYS168095,AV 8025 - Avanta - Female - Black - 47 - Full Frame - Cat Eye - TR,0,1,1,WIDTH_INC,0,9,0,149,0
Jhunjhunu Indra Nagar,WEST,AVANTA,FRAME,TR|FULL|RECTANGLE,MALE,890,,,SYS168079,,890,FREE,SYS168079,AV 8061 - Avanta - Male - Black - 53 - Full Frame - Rectangle - TR,0,1,1,WIDTH_INC,0,11,0,149,0
Jhunjhunu Indra Nagar,WEST,AVANTA,FRAME,TR|FULL|ROUND,UNISEX,890,,,SYS168083,,890,FREE,SYS168083,AV 8029 - Avanta - Unisex - Black - 46 - Full Frame - Round - TR,0,1,1,WIDTH_INC,0,8,4,149,0
Jhunjhunu Indra Nagar,WEST,AVANTA,FRAME,TR|FULL|RECTANGLE,MALE,890,,,SYS166800,,890,FREE,SYS166800,AV 270812 - Avanta - Male - Black - 50 - Full Frame - Rectangle - TR,0,1,1,WIDTH_INC,0,20,0,149,0
Jhunjhunu Indra Nagar,WEST,AVANTA,FRAME,TR|FULL|SQUARE,UNISEX,790,,,SYS166716,,790,FREE,SYS166716,AV 77081 - Avanta - Unisex - Blk/Brown - 48 - Full Frame - Square - TR,0,1,1,WIDTH_INC,0,4,0,149,0
Indore Sapna Sangeeta Road,NORTH,AVANTA,FRAME,METAL|HALF|RECTANGLE,FEMALE,1190,,,SYS159089,,1190,FREE,SYS159089,AV JP244102 - Avanta - Female - Gold/Blue - 50 - Half Frame - Rectangle - Metal,0,1,1,WIDTH_INC,0,1,0,22,0
Ghaziabad RDC,NORTH,STEPPER,FRAME,SHEET|HALF|RECTANGLE,MALE,7370,,,SYS113857,,7370,FREE,SYS113857,SI/20111 - Stepper - Male - F900 - 52 - Half Frame - Rectangle - Sheet,0,1,1,WIDTH_INC,0,2,0,4,0
Faridabad Sec 16A,NORTH,VOGUE,FRAME,METAL|FULL|CAT EYE,FEMALE,4090,,,SYS55787,,4090,FREE,SYS55787,VO4241I - Vogue - Female - 5075 - 51 - Full Frame - Cat Eye - Metal,0,1,1,WIDTH_INC,0,2,0,2,0
Delhi Dwarka Sec 09,NORTH,FRENCH CONNECTION,FRAME,SHEET|FULL|RECTANGLE,MALE,3490,,,SYS75243,,3490,FREE,SYS75243,FC 9781 - French Connection - Male - C4 - 54 - Full Frame - Rectangle - Sheet,0,1,1,WIDTH_INC,0,9,0,23,20
Bhubneshwar Nayapalli,EAST,AVANTA,FRAME,METAL|SUPRA|RECTANGLE,MALE,790,,,SYS168394,,790,FREE,SYS168394,AV ZXA42003 - Avanta - Male - Gun - 48 - Supra - Rectangle - Metal,0,1,1,WIDTH_INC,0,24,0,9,0
Gurgaon Sec 29,NORTH,VOGUE JUNIOR,FRAME,SHEET|FULL|CAT EYE,KIDS,4190,,,SYS165557,,4190,FREE,SYS165557,VY2034 - Vogue Junior - Kids - 2966 - 51 - Full Frame - Cat Eye - Sheet,0,1,1,WIDTH_INC,0,1,0,6,0
Delhi Dwarka Sec 09,NORTH,VOGUE,FRAME,SHEET|FULL|RECTANGLE,FEMALE,5590,,,SYS162353,,5590,FREE,SYS162353,VO5677 - Vogue - Female - W656 - 52 - Full Frame - Rectangle - Sheet,0,1,1,WIDTH_INC,0,1,0,17,2
Delhi Dwarka Sec 09,NORTH,VOGUE JUNIOR,FRAME,SHEET|FULL|OVAL,KIDS,2490,,,SYS75157,,2490,FREE,SYS75157,VY2011 - Vogue Junior - Kids - 2974 - 37 - Full Frame - Oval - Sheet,0,1,1,WIDTH_INC,0,7,0,5,0
Indore Sapna Sangeeta Road,NORTH,AVANTA,FRAME,SHEET|FULL|ROUND,UNISEX,1190,,,SYS158417,,1190,FREE,SYS158417,AV 0068HD - Avanta - Unisex - Trans/Purple - 48 - Full Frame - Round - Sheet,0,1,1,WIDTH_INC,0,55,39,22,0
Indore Sapna Sangeeta Road,NORTH,AVANTA,FRAME,SHEET|FULL|RECTANGLE,MALE,1190,,,SYS158432,,1190,FREE,SYS158432,AV 0063 - Avanta - Male - Trans/Brown - 51 - Full Frame - Rectangle - Sheet,0,1,1,WIDTH_INC,0,115,106,22,0
Delhi Dwarka Sec 09,NORTH,RAYBAN,SUNGLASS,METAL|FULL|SQUARE,MALE,11690,,,SYS162424,,11690,FREE,SYS162424,RB3588 - Rayban - Male - 90548G - 55 - Sunglass - Square - Metal,0,1,1,WIDTH_INC,0,3,1,1,0
Indore Sapna Sangeeta Road,NORTH,AVANTA,FRAME,SHEET|FULL|SQUARE,MALE,1190,,,SYS158368,,1190,FREE,SYS158368,AV 0064 - Avanta - Male - Black - 54 - Full Frame - Square - Sheet,0,1,1,WIDTH_INC,0,170,140,22,0
Hyderabad Kukatpally Nizampet X Roads,SOUTH,AVANTA KIDS,FRAME,PEDIATRIC|FULL|RECTANGLE,KIDS,1690,,,SYS115062,,1690,FREE,SYS115062,AV TR819 - Avanta Kids - kids - C1 - 45 - Full Frame - Rectangle - Pediatric,0,1,1,WIDTH_INC,0,6,0,12,0
Indore Sapna Sangeeta Road,NORTH,AVANTA,FRAME,SHEET|FULL|CAT EYE,FEMALE,1190,,,SYS158408,,1190,FREE,SYS158408,AV 0072HD - Avanta - Female - Black - 51 - Full Frame - Cat Eye - Sheet,0,1,1,WIDTH_INC,0,55,43,22,0
Delhi Dwarka Sec 09,NORTH,VOGUE JUNIOR,FRAME,SHEET|FULL|RECTANGLE,KIDS,3690,,,SYS162030,,3690,FREE,SYS162030,VY2042 - Vogue Junior - Kids - 3197 - 46 - Full Frame - Rectangle - Sheet,0,1,1,WIDTH_INC,0,2,0,5,0
